ISO-10303-21;
HEADER;
/* Generated by software containing ST-Developer
 * from STEP Tools, Inc. (www.steptools.com) 
 */

FILE_DESCRIPTION(
/* description */ (' '),
/* implementation_level */ '2;1');

FILE_NAME(
/* name */ 'P:\\E-Switch Secure\\3D_MODELS_STP_FORMAT\\100SPxT1B1M2xE.
stp',
/* time_stamp */ '2023-04-20T10:33:04-05:00',
/* author */ ('mwilliams'),
/* organization */ (' '),
/* preprocessor_version */ 'ST-DEVELOPER v18',
/* originating_system */ 'Autodesk Inventor 2020',
/* authorisation */ ' ');

FILE_SCHEMA (('AUTOMOTIVE_DESIGN { 1 0 10303 214 3 1 1 }'));
ENDSEC;

DATA;
#10=MECHANICAL_DESIGN_GEOMETRIC_PRESENTATION_REPRESENTATION('',(#13),#6009);
#11=SHAPE_REPRESENTATION_RELATIONSHIP('SRR','None',#6016,#12);
#12=ADVANCED_BREP_SHAPE_REPRESENTATION('',(#3532),#6008);
#13=STYLED_ITEM('',(#6025),#3532);
#14=ORIENTED_CLOSED_SHELL('',*,#3528,.F.);
#15=ORIENTED_CLOSED_SHELL('',*,#3529,.F.);
#16=ORIENTED_CLOSED_SHELL('',*,#3530,.F.);
#17=ORIENTED_CLOSED_SHELL('',*,#3531,.F.);
#18=CONICAL_SURFACE('',#3698,25.4,0.785398163397449);
#19=CONICAL_SURFACE('',#3707,25.4,0.175939625452528);
#20=CONICAL_SURFACE('',#3728,25.4,0.0253072741539178);
#21=B_SPLINE_CURVE_WITH_KNOTS('',3,(#5303,#5304,#5305,#5306,#5307,#5308,
#5309,#5310),.UNSPECIFIED.,.F.,.F.,(4,2,2,4),(0.432953888756389,0.461705135464547,
0.482270130274154,0.496225738830269),.UNSPECIFIED.);
#22=B_SPLINE_CURVE_WITH_KNOTS('',3,(#5311,#5312,#5313,#5314,#5315,#5316,
#5317,#5318),.UNSPECIFIED.,.F.,.F.,(4,2,2,4),(0.496225738830269,0.510181347386387,
0.530746342195988,0.559497588904146),.UNSPECIFIED.);
#23=B_SPLINE_CURVE_WITH_KNOTS('',3,(#5323,#5324,#5325,#5326,#5327,#5328,
#5329,#5330,#5331,#5332,#5333,#5334,#5335,#5336,#5337,#5338),
 .UNSPECIFIED.,.F.,.F.,(4,2,2,2,2,2,2,4),(0.272640113160355,0.290615042054229,
0.308589970948102,0.338176252869678,0.367762534791254,0.426935098634405,
0.545280226320707,0.585931905331157),.UNSPECIFIED.);
#24=B_SPLINE_CURVE_WITH_KNOTS('',3,(#5339,#5340,#5341,#5342,#5343,#5344,
#5345,#5346,#5347,#5348,#5349,#5350,#5351,#5352,#5353,#5354,#5355),
 .UNSPECIFIED.,.F.,.F.,(4,3,2,2,2,2,2,4),(-0.0406516785429055,0.,0.118345127686305,
0.177517691529457,0.207103973451033,0.236690255372609,0.254665184266482,
0.272640113160355),.UNSPECIFIED.);
#25=FACE_BOUND('',#1245,.T.);
#26=FACE_BOUND('',#1271,.T.);
#27=FACE_BOUND('',#1298,.T.);
#28=FACE_BOUND('',#1306,.T.);
#29=FACE_BOUND('',#1310,.T.);
#30=FACE_BOUND('',#1372,.T.);
#31=FACE_BOUND('',#1381,.T.);
#32=FACE_BOUND('',#1400,.T.);
#33=FACE_BOUND('',#1401,.T.);
#34=FACE_BOUND('',#1402,.T.);
#35=FACE_BOUND('',#1408,.T.);
#36=ELLIPSE('',#3580,0.69282032302755,0.4);
#37=ELLIPSE('',#3583,0.69282032302755,0.4);
#38=ELLIPSE('',#3586,0.69282032302755,0.4);
#39=ELLIPSE('',#3589,0.69282032302755,0.4);
#40=ELLIPSE('',#3623,0.69282032302755,0.4);
#41=ELLIPSE('',#3626,0.69282032302755,0.4);
#42=ELLIPSE('',#3629,0.69282032302755,0.4);
#43=ELLIPSE('',#3632,0.69282032302755,0.4);
#44=ELLIPSE('',#3666,0.69282032302755,0.4);
#45=ELLIPSE('',#3670,0.69282032302755,0.4);
#46=ELLIPSE('',#3673,0.69282032302755,0.4);
#47=ELLIPSE('',#3676,0.69282032302755,0.4);
#48=ELLIPSE('',#3688,1.26380324855553,1.23841560226768);
#49=ELLIPSE('',#3690,1.26380324855553,1.23841560226768);
#50=ELLIPSE('',#3697,2.14302179554967,2.10000000000001);
#51=ELLIPSE('',#3709,1.31162341452085,1.28445119065862);
#52=ELLIPSE('',#3712,1.31162341452085,1.28445119065862);
#53=ELLIPSE('',#3723,0.841901419680229,0.825000000000002);
#54=ELLIPSE('',#3731,0.408480769806956,0.4);
#55=ELLIPSE('',#3733,0.408480769806956,0.4);
#56=ELLIPSE('',#3735,0.408480769806956,0.4);
#57=ELLIPSE('',#3737,0.408480769806956,0.4);
#58=ELLIPSE('',#3743,0.408480769806956,0.4);
#59=ELLIPSE('',#3746,0.408480769806956,0.4);
#60=ELLIPSE('',#3749,0.408480769806956,0.4);
#61=ELLIPSE('',#3752,0.408480769806956,0.4);
#62=SPHERICAL_SURFACE('',#3562,0.4);
#63=SPHERICAL_SURFACE('',#3566,0.4);
#64=SPHERICAL_SURFACE('',#3570,0.4);
#65=SPHERICAL_SURFACE('',#3574,0.4);
#66=SPHERICAL_SURFACE('',#3605,0.4);
#67=SPHERICAL_SURFACE('',#3609,0.4);
#68=SPHERICAL_SURFACE('',#3613,0.4);
#69=SPHERICAL_SURFACE('',#3617,0.4);
#70=SPHERICAL_SURFACE('',#3649,0.4);
#71=SPHERICAL_SURFACE('',#3653,0.4);
#72=SPHERICAL_SURFACE('',#3657,0.4);
#73=SPHERICAL_SURFACE('',#3661,0.4);
#74=SPHERICAL_SURFACE('',#3713,2.10000000000001);
#75=CYLINDRICAL_SURFACE('',#3556,0.635);
#76=CYLINDRICAL_SURFACE('',#3578,0.4);
#77=CYLINDRICAL_SURFACE('',#3579,0.4);
#78=CYLINDRICAL_SURFACE('',#3581,0.4);
#79=CYLINDRICAL_SURFACE('',#3582,0.4);
#80=CYLINDRICAL_SURFACE('',#3584,0.4);
#81=CYLINDRICAL_SURFACE('',#3585,0.4);
#82=CYLINDRICAL_SURFACE('',#3587,0.4);
#83=CYLINDRICAL_SURFACE('',#3588,0.4);
#84=CYLINDRICAL_SURFACE('',#3600,0.635);
#85=CYLINDRICAL_SURFACE('',#3621,0.4);
#86=CYLINDRICAL_SURFACE('',#3622,0.4);
#87=CYLINDRICAL_SURFACE('',#3624,0.4);
#88=CYLINDRICAL_SURFACE('',#3625,0.4);
#89=CYLINDRICAL_SURFACE('',#3627,0.4);
#90=CYLINDRICAL_SURFACE('',#3628,0.4);
#91=CYLINDRICAL_SURFACE('',#3630,0.4);
#92=CYLINDRICAL_SURFACE('',#3631,0.4);
#93=CYLINDRICAL_SURFACE('',#3644,0.635);
#94=CYLINDRICAL_SURFACE('',#3665,0.4);
#95=CYLINDRICAL_SURFACE('',#3667,0.4);
#96=CYLINDRICAL_SURFACE('',#3668,0.4);
#97=CYLINDRICAL_SURFACE('',#3669,0.4);
#98=CYLINDRICAL_SURFACE('',#3671,0.4);
#99=CYLINDRICAL_SURFACE('',#3672,0.4);
#100=CYLINDRICAL_SURFACE('',#3674,0.4);
#101=CYLINDRICAL_SURFACE('',#3675,0.4);
#102=CYLINDRICAL_SURFACE('',#3695,2.10000000000001);
#103=CYLINDRICAL_SURFACE('',#3703,3.175);
#104=CYLINDRICAL_SURFACE('',#3722,0.825000000000002);
#105=CYLINDRICAL_SURFACE('',#3742,0.4);
#106=CYLINDRICAL_SURFACE('',#3745,0.4);
#107=CYLINDRICAL_SURFACE('',#3748,0.4);
#108=CYLINDRICAL_SURFACE('',#3751,0.4);
#109=CYLINDRICAL_SURFACE('',#3794,0.760000000000008);
#110=CYLINDRICAL_SURFACE('',#3798,0.760000000000008);
#111=CYLINDRICAL_SURFACE('',#3827,0.70417456387338);
#112=CYLINDRICAL_SURFACE('',#3836,0.70417456387338);
#113=CYLINDRICAL_SURFACE('',#3844,0.704174563873379);
#114=CYLINDRICAL_SURFACE('',#3851,0.704174563873379);
#115=LINE('',#4916,#498);
#116=LINE('',#4918,#499);
#117=LINE('',#4920,#500);
#118=LINE('',#4922,#501);
#119=LINE('',#4924,#502);
#120=LINE('',#4926,#503);
#121=LINE('',#4927,#504);
#122=LINE('',#4930,#505);
#123=LINE('',#4933,#506);
#124=LINE('',#4936,#507);
#125=LINE('',#4937,#508);
#126=LINE('',#4940,#509);
#127=LINE('',#4941,#510);
#128=LINE('',#4944,#511);
#129=LINE('',#4945,#512);
#130=LINE('',#4948,#513);
#131=LINE('',#4949,#514);
#132=LINE('',#4979,#515);
#133=LINE('',#4980,#516);
#134=LINE('',#4985,#517);
#135=LINE('',#4986,#518);
#136=LINE('',#4988,#519);
#137=LINE('',#4989,#520);
#138=LINE('',#4994,#521);
#139=LINE('',#4995,#522);
#140=LINE('',#4997,#523);
#141=LINE('',#4998,#524);
#142=LINE('',#5003,#525);
#143=LINE('',#5004,#526);
#144=LINE('',#5006,#527);
#145=LINE('',#5007,#528);
#146=LINE('',#5012,#529);
#147=LINE('',#5013,#530);
#148=LINE('',#5015,#531);
#149=LINE('',#5017,#532);
#150=LINE('',#5020,#533);
#151=LINE('',#5022,#534);
#152=LINE('',#5023,#535);
#153=LINE('',#5025,#536);
#154=LINE('',#5027,#537);
#155=LINE('',#5030,#538);
#156=LINE('',#5032,#539);
#157=LINE('',#5038,#540);
#158=LINE('',#5040,#541);
#159=LINE('',#5042,#542);
#160=LINE('',#5044,#543);
#161=LINE('',#5046,#544);
#162=LINE('',#5048,#545);
#163=LINE('',#5049,#546);
#164=LINE('',#5052,#547);
#165=LINE('',#5055,#548);
#166=LINE('',#5058,#549);
#167=LINE('',#5059,#550);
#168=LINE('',#5062,#551);
#169=LINE('',#5063,#552);
#170=LINE('',#5066,#553);
#171=LINE('',#5067,#554);
#172=LINE('',#5097,#555);
#173=LINE('',#5098,#556);
#174=LINE('',#5103,#557);
#175=LINE('',#5104,#558);
#176=LINE('',#5106,#559);
#177=LINE('',#5107,#560);
#178=LINE('',#5112,#561);
#179=LINE('',#5113,#562);
#180=LINE('',#5115,#563);
#181=LINE('',#5116,#564);
#182=LINE('',#5121,#565);
#183=LINE('',#5122,#566);
#184=LINE('',#5124,#567);
#185=LINE('',#5125,#568);
#186=LINE('',#5130,#569);
#187=LINE('',#5131,#570);
#188=LINE('',#5133,#571);
#189=LINE('',#5135,#572);
#190=LINE('',#5138,#573);
#191=LINE('',#5140,#574);
#192=LINE('',#5141,#575);
#193=LINE('',#5143,#576);
#194=LINE('',#5146,#577);
#195=LINE('',#5147,#578);
#196=LINE('',#5149,#579);
#197=LINE('',#5152,#580);
#198=LINE('',#5154,#581);
#199=LINE('',#5160,#582);
#200=LINE('',#5162,#583);
#201=LINE('',#5164,#584);
#202=LINE('',#5166,#585);
#203=LINE('',#5168,#586);
#204=LINE('',#5170,#587);
#205=LINE('',#5171,#588);
#206=LINE('',#5174,#589);
#207=LINE('',#5177,#590);
#208=LINE('',#5180,#591);
#209=LINE('',#5181,#592);
#210=LINE('',#5184,#593);
#211=LINE('',#5185,#594);
#212=LINE('',#5188,#595);
#213=LINE('',#5189,#596);
#214=LINE('',#5222,#597);
#215=LINE('',#5223,#598);
#216=LINE('',#5225,#599);
#217=LINE('',#5226,#600);
#218=LINE('',#5228,#601);
#219=LINE('',#5229,#602);
#220=LINE('',#5234,#603);
#221=LINE('',#5235,#604);
#222=LINE('',#5237,#605);
#223=LINE('',#5238,#606);
#224=LINE('',#5243,#607);
#225=LINE('',#5244,#608);
#226=LINE('',#5246,#609);
#227=LINE('',#5247,#610);
#228=LINE('',#5252,#611);
#229=LINE('',#5253,#612);
#230=LINE('',#5255,#613);
#231=LINE('',#5257,#614);
#232=LINE('',#5260,#615);
#233=LINE('',#5262,#616);
#234=LINE('',#5263,#617);
#235=LINE('',#5265,#618);
#236=LINE('',#5268,#619);
#237=LINE('',#5269,#620);
#238=LINE('',#5271,#621);
#239=LINE('',#5274,#622);
#240=LINE('',#5276,#623);
#241=LINE('',#5281,#624);
#242=LINE('',#5291,#625);
#243=LINE('',#5296,#626);
#244=LINE('',#5302,#627);
#245=LINE('',#5376,#628);
#246=LINE('',#5378,#629);
#247=LINE('',#5379,#630);
#248=LINE('',#5382,#631);
#249=LINE('',#5383,#632);
#250=LINE('',#5386,#633);
#251=LINE('',#5387,#634);
#252=LINE('',#5396,#635);
#253=LINE('',#5411,#636);
#254=LINE('',#5413,#637);
#255=LINE('',#5415,#638);
#256=LINE('',#5417,#639);
#257=LINE('',#5418,#640);
#258=LINE('',#5421,#641);
#259=LINE('',#5423,#642);
#260=LINE('',#5425,#643);
#261=LINE('',#5427,#644);
#262=LINE('',#5428,#645);
#263=LINE('',#5431,#646);
#264=LINE('',#5436,#647);
#265=LINE('',#5440,#648);
#266=LINE('',#5491,#649);
#267=LINE('',#5492,#650);
#268=LINE('',#5497,#651);
#269=LINE('',#5499,#652);
#270=LINE('',#5501,#653);
#271=LINE('',#5504,#654);
#272=LINE('',#5508,#655);
#273=LINE('',#5510,#656);
#274=LINE('',#5512,#657);
#275=LINE('',#5515,#658);
#276=LINE('',#5519,#659);
#277=LINE('',#5521,#660);
#278=LINE('',#5523,#661);
#279=LINE('',#5526,#662);
#280=LINE('',#5530,#663);
#281=LINE('',#5532,#664);
#282=LINE('',#5534,#665);
#283=LINE('',#5537,#666);
#284=LINE('',#5541,#667);
#285=LINE('',#5542,#668);
#286=LINE('',#5547,#669);
#287=LINE('',#5548,#670);
#288=LINE('',#5552,#671);
#289=LINE('',#5555,#672);
#290=LINE('',#5559,#673);
#291=LINE('',#5560,#674);
#292=LINE('',#5562,#675);
#293=LINE('',#5563,#676);
#294=LINE('',#5568,#677);
#295=LINE('',#5569,#678);
#296=LINE('',#5573,#679);
#297=LINE('',#5574,#680);
#298=LINE('',#5576,#681);
#299=LINE('',#5577,#682);
#300=LINE('',#5580,#683);
#301=LINE('',#5583,#684);
#302=LINE('',#5587,#685);
#303=LINE('',#5588,#686);
#304=LINE('',#5590,#687);
#305=LINE('',#5591,#688);
#306=LINE('',#5596,#689);
#307=LINE('',#5597,#690);
#308=LINE('',#5601,#691);
#309=LINE('',#5602,#692);
#310=LINE('',#5604,#693);
#311=LINE('',#5605,#694);
#312=LINE('',#5608,#695);
#313=LINE('',#5610,#696);
#314=LINE('',#5611,#697);
#315=LINE('',#5614,#698);
#316=LINE('',#5616,#699);
#317=LINE('',#5617,#700);
#318=LINE('',#5619,#701);
#319=LINE('',#5620,#702);
#320=LINE('',#5623,#703);
#321=LINE('',#5625,#704);
#322=LINE('',#5626,#705);
#323=LINE('',#5628,#706);
#324=LINE('',#5629,#707);
#325=LINE('',#5632,#708);
#326=LINE('',#5634,#709);
#327=LINE('',#5635,#710);
#328=LINE('',#5639,#711);
#329=LINE('',#5641,#712);
#330=LINE('',#5645,#713);
#331=LINE('',#5647,#714);
#332=LINE('',#5649,#715);
#333=LINE('',#5650,#716);
#334=LINE('',#5653,#717);
#335=LINE('',#5655,#718);
#336=LINE('',#5656,#719);
#337=LINE('',#5659,#720);
#338=LINE('',#5661,#721);
#339=LINE('',#5662,#722);
#340=LINE('',#5665,#723);
#341=LINE('',#5667,#724);
#342=LINE('',#5668,#725);
#343=LINE('',#5671,#726);
#344=LINE('',#5673,#727);
#345=LINE('',#5674,#728);
#346=LINE('',#5677,#729);
#347=LINE('',#5679,#730);
#348=LINE('',#5680,#731);
#349=LINE('',#5683,#732);
#350=LINE('',#5685,#733);
#351=LINE('',#5686,#734);
#352=LINE('',#5689,#735);
#353=LINE('',#5691,#736);
#354=LINE('',#5692,#737);
#355=LINE('',#5695,#738);
#356=LINE('',#5697,#739);
#357=LINE('',#5698,#740);
#358=LINE('',#5701,#741);
#359=LINE('',#5703,#742);
#360=LINE('',#5704,#743);
#361=LINE('',#5707,#744);
#362=LINE('',#5709,#745);
#363=LINE('',#5710,#746);
#364=LINE('',#5712,#747);
#365=LINE('',#5713,#748);
#366=LINE('',#5717,#749);
#367=LINE('',#5719,#750);
#368=LINE('',#5721,#751);
#369=LINE('',#5722,#752);
#370=LINE('',#5725,#753);
#371=LINE('',#5727,#754);
#372=LINE('',#5728,#755);
#373=LINE('',#5731,#756);
#374=LINE('',#5733,#757);
#375=LINE('',#5734,#758);
#376=LINE('',#5737,#759);
#377=LINE('',#5739,#760);
#378=LINE('',#5740,#761);
#379=LINE('',#5743,#762);
#380=LINE('',#5745,#763);
#381=LINE('',#5746,#764);
#382=LINE('',#5749,#765);
#383=LINE('',#5751,#766);
#384=LINE('',#5752,#767);
#385=LINE('',#5755,#768);
#386=LINE('',#5757,#769);
#387=LINE('',#5758,#770);
#388=LINE('',#5761,#771);
#389=LINE('',#5763,#772);
#390=LINE('',#5764,#773);
#391=LINE('',#5767,#774);
#392=LINE('',#5769,#775);
#393=LINE('',#5770,#776);
#394=LINE('',#5773,#777);
#395=LINE('',#5775,#778);
#396=LINE('',#5776,#779);
#397=LINE('',#5779,#780);
#398=LINE('',#5781,#781);
#399=LINE('',#5782,#782);
#400=LINE('',#5784,#783);
#401=LINE('',#5785,#784);
#402=LINE('',#5789,#785);
#403=LINE('',#5790,#786);
#404=LINE('',#5793,#787);
#405=LINE('',#5794,#788);
#406=LINE('',#5797,#789);
#407=LINE('',#5798,#790);
#408=LINE('',#5801,#791);
#409=LINE('',#5803,#792);
#410=LINE('',#5804,#793);
#411=LINE('',#5807,#794);
#412=LINE('',#5815,#795);
#413=LINE('',#5821,#796);
#414=LINE('',#5825,#797);
#415=LINE('',#5826,#798);
#416=LINE('',#5829,#799);
#417=LINE('',#5830,#800);
#418=LINE('',#5833,#801);
#419=LINE('',#5834,#802);
#420=LINE('',#5837,#803);
#421=LINE('',#5838,#804);
#422=LINE('',#5841,#805);
#423=LINE('',#5842,#806);
#424=LINE('',#5845,#807);
#425=LINE('',#5846,#808);
#426=LINE('',#5848,#809);
#427=LINE('',#5851,#810);
#428=LINE('',#5852,#811);
#429=LINE('',#5855,#812);
#430=LINE('',#5856,#813);
#431=LINE('',#5859,#814);
#432=LINE('',#5860,#815);
#433=LINE('',#5863,#816);
#434=LINE('',#5864,#817);
#435=LINE('',#5867,#818);
#436=LINE('',#5868,#819);
#437=LINE('',#5871,#820);
#438=LINE('',#5872,#821);
#439=LINE('',#5875,#822);
#440=LINE('',#5876,#823);
#441=LINE('',#5879,#824);
#442=LINE('',#5880,#825);
#443=LINE('',#5882,#826);
#444=LINE('',#5885,#827);
#445=LINE('',#5887,#828);
#446=LINE('',#5889,#829);
#447=LINE('',#5890,#830);
#448=LINE('',#5892,#831);
#449=LINE('',#5894,#832);
#450=LINE('',#5896,#833);
#451=LINE('',#5897,#834);
#452=LINE('',#5899,#835);
#453=LINE('',#5901,#836);
#454=LINE('',#5903,#837);
#455=LINE('',#5904,#838);
#456=LINE('',#5906,#839);
#457=LINE('',#5908,#840);
#458=LINE('',#5915,#841);
#459=LINE('',#5917,#842);
#460=LINE('',#5918,#843);
#461=LINE('',#5921,#844);
#462=LINE('',#5922,#845);
#463=LINE('',#5923,#846);
#464=LINE('',#5927,#847);
#465=LINE('',#5929,#848);
#466=LINE('',#5930,#849);
#467=LINE('',#5932,#850);
#468=LINE('',#5936,#851);
#469=LINE('',#5937,#852);
#470=LINE('',#5939,#853);
#471=LINE('',#5940,#854);
#472=LINE('',#5943,#855);
#473=LINE('',#5946,#856);
#474=LINE('',#5949,#857);
#475=LINE('',#5950,#858);
#476=LINE('',#5953,#859);
#477=LINE('',#5956,#860);
#478=LINE('',#5963,#861);
#479=LINE('',#5965,#862);
#480=LINE('',#5966,#863);
#481=LINE('',#5969,#864);
#482=LINE('',#5970,#865);
#483=LINE('',#5971,#866);
#484=LINE('',#5974,#867);
#485=LINE('',#5975,#868);
#486=LINE('',#5976,#869);
#487=LINE('',#5980,#870);
#488=LINE('',#5984,#871);
#489=LINE('',#5986,#872);
#490=LINE('',#5987,#873);
#491=LINE('',#5988,#874);
#492=LINE('',#5991,#875);
#493=LINE('',#5993,#876);
#494=LINE('',#5997,#877);
#495=LINE('',#6000,#878);
#496=LINE('',#6002,#879);
#497=LINE('',#6004,#880);
#498=VECTOR('',#3866,4.465);
#499=VECTOR('',#3867,0.380000000000004);
#500=VECTOR('',#3868,0.500000000000007);
#501=VECTOR('',#3869,2.03000000000001);
#502=VECTOR('',#3870,0.500000000000007);
#503=VECTOR('',#3871,0.380000000000004);
#504=VECTOR('',#3872,4.465);
#505=VECTOR('',#3875,0.760000000000008);
#506=VECTOR('',#3878,0.760000000000008);
#507=VECTOR('',#3881,0.760000000000008);
#508=VECTOR('',#3882,4.465);
#509=VECTOR('',#3885,4.465);
#510=VECTOR('',#3886,0.760000000000008);
#511=VECTOR('',#3889,0.760000000000008);
#512=VECTOR('',#3890,0.380000000000004);
#513=VECTOR('',#3893,0.380000000000004);
#514=VECTOR('',#3894,0.760000000000008);
#515=VECTOR('',#3929,2.0986291501015);
#516=VECTOR('',#3930,2.0986291501015);
#517=VECTOR('',#3935,1.52912843309795);
#518=VECTOR('',#3936,1.52912843309795);
#519=VECTOR('',#3939,0.82862915010153);
#520=VECTOR('',#3940,0.82862915010153);
#521=VECTOR('',#3945,1.52912843309795);
#522=VECTOR('',#3946,1.52912843309795);
#523=VECTOR('',#3949,0.82862915010153);
#524=VECTOR('',#3950,0.82862915010153);
#525=VECTOR('',#3955,1.52912843309795);
#526=VECTOR('',#3956,1.52912843309795);
#527=VECTOR('',#3959,2.0986291501015);
#528=VECTOR('',#3960,2.0986291501015);
#529=VECTOR('',#3965,1.52912843309795);
#530=VECTOR('',#3966,1.52912843309795);
#531=VECTOR('',#3969,3.86431457505074);
#532=VECTOR('',#3972,2.59431457505077);
#533=VECTOR('',#3975,0.760000000000008);
#534=VECTOR('',#3976,2.03000000000001);
#535=VECTOR('',#3977,0.760000000000008);
#536=VECTOR('',#3980,0.500000000000007);
#537=VECTOR('',#3983,0.500000000000007);
#538=VECTOR('',#3988,2.59431457505077);
#539=VECTOR('',#3991,3.86431457505074);
#540=VECTOR('',#3996,4.465);
#541=VECTOR('',#3997,0.380000000000004);
#542=VECTOR('',#3998,0.500000000000007);
#543=VECTOR('',#3999,2.03000000000001);
#544=VECTOR('',#4000,0.500000000000007);
#545=VECTOR('',#4001,0.380000000000004);
#546=VECTOR('',#4002,4.465);
#547=VECTOR('',#4005,0.760000000000008);
#548=VECTOR('',#4008,0.760000000000008);
#549=VECTOR('',#4011,0.760000000000008);
#550=VECTOR('',#4012,4.465);
#551=VECTOR('',#4015,4.465);
#552=VECTOR('',#4016,0.760000000000008);
#553=VECTOR('',#4019,0.380000000000004);
#554=VECTOR('',#4020,0.760000000000008);
#555=VECTOR('',#4055,2.0986291501015);
#556=VECTOR('',#4056,2.0986291501015);
#557=VECTOR('',#4061,1.52912843309795);
#558=VECTOR('',#4062,1.52912843309795);
#559=VECTOR('',#4065,0.828629150101504);
#560=VECTOR('',#4066,0.828629150101504);
#561=VECTOR('',#4071,1.52912843309795);
#562=VECTOR('',#4072,1.52912843309795);
#563=VECTOR('',#4075,0.828629150101504);
#564=VECTOR('',#4076,0.828629150101504);
#565=VECTOR('',#4081,1.52912843309795);
#566=VECTOR('',#4082,1.52912843309795);
#567=VECTOR('',#4085,2.0986291501015);
#568=VECTOR('',#4086,2.0986291501015);
#569=VECTOR('',#4091,1.52912843309795);
#570=VECTOR('',#4092,1.52912843309795);
#571=VECTOR('',#4095,3.86431457505074);
#572=VECTOR('',#4098,2.59431457505074);
#573=VECTOR('',#4101,0.760000000000008);
#574=VECTOR('',#4102,2.03000000000001);
#575=VECTOR('',#4103,0.760000000000008);
#576=VECTOR('',#4106,0.500000000000007);
#577=VECTOR('',#4109,0.380000000000004);
#578=VECTOR('',#4110,0.500000000000007);
#579=VECTOR('',#4113,0.760000000000008);
#580=VECTOR('',#4118,2.59431457505074);
#581=VECTOR('',#4121,3.86431457505074);
#582=VECTOR('',#4126,4.465);
#583=VECTOR('',#4127,0.380000000000004);
#584=VECTOR('',#4128,0.500000000000007);
#585=VECTOR('',#4129,2.03000000000001);
#586=VECTOR('',#4130,0.500000000000007);
#587=VECTOR('',#4131,0.380000000000004);
#588=VECTOR('',#4132,4.465);
#589=VECTOR('',#4135,0.760000000000008);
#590=VECTOR('',#4138,0.760000000000008);
#591=VECTOR('',#4141,0.760000000000008);
#592=VECTOR('',#4142,4.465);
#593=VECTOR('',#4145,4.465);
#594=VECTOR('',#4146,0.760000000000008);
#595=VECTOR('',#4149,0.380000000000004);
#596=VECTOR('',#4150,0.760000000000008);
#597=VECTOR('',#4187,1.52912843309795);
#598=VECTOR('',#4188,1.52912843309795);
#599=VECTOR('',#4191,0.82862915010153);
#600=VECTOR('',#4192,0.82862915010153);
#601=VECTOR('',#4195,2.0986291501015);
#602=VECTOR('',#4196,2.0986291501015);
#603=VECTOR('',#4201,1.52912843309795);
#604=VECTOR('',#4202,1.52912843309795);
#605=VECTOR('',#4205,2.0986291501015);
#606=VECTOR('',#4206,2.0986291501015);
#607=VECTOR('',#4211,1.52912843309795);
#608=VECTOR('',#4212,1.52912843309795);
#609=VECTOR('',#4215,0.82862915010153);
#610=VECTOR('',#4216,0.82862915010153);
#611=VECTOR('',#4221,1.52912843309795);
#612=VECTOR('',#4222,1.52912843309795);
#613=VECTOR('',#4225,3.86431457505074);
#614=VECTOR('',#4228,2.59431457505077);
#615=VECTOR('',#4231,0.760000000000008);
#616=VECTOR('',#4232,2.03000000000001);
#617=VECTOR('',#4233,0.760000000000008);
#618=VECTOR('',#4236,0.500000000000007);
#619=VECTOR('',#4239,0.380000000000004);
#620=VECTOR('',#4240,0.500000000000007);
#621=VECTOR('',#4243,0.760000000000008);
#622=VECTOR('',#4248,3.86431457505074);
#623=VECTOR('',#4251,2.59431457505077);
#624=VECTOR('',#4256,0.897899323213662);
#625=VECTOR('',#4265,3.43611699451579);
#626=VECTOR('',#4270,3.43611699451569);
#627=VECTOR('',#4277,2.10000000000001);
#628=VECTOR('',#4286,8.87815337549071);
#629=VECTOR('',#4287,1.01999999999998);
#630=VECTOR('',#4288,8.87815337549071);
#631=VECTOR('',#4291,0.710000000000005);
#632=VECTOR('',#4292,8.18000000000002);
#633=VECTOR('',#4295,8.18000000000002);
#634=VECTOR('',#4296,0.710000000000005);
#635=VECTOR('',#4309,25.4);
#636=VECTOR('',#4328,3.03194150274215);
#637=VECTOR('',#4329,1.6);
#638=VECTOR('',#4330,5.34);
#639=VECTOR('',#4331,1.6);
#640=VECTOR('',#4332,3.0319415027421);
#641=VECTOR('',#4335,3.0319415027421);
#642=VECTOR('',#4336,1.6);
#643=VECTOR('',#4337,5.34);
#644=VECTOR('',#4338,1.6);
#645=VECTOR('',#4339,3.03194150274215);
#646=VECTOR('',#4342,0.529051831949998);
#647=VECTOR('',#4347,0.529051831949998);
#648=VECTOR('',#4352,0.825000000000002);
#649=VECTOR('',#4363,25.4);
#650=VECTOR('',#4364,25.4);
#651=VECTOR('',#4369,0.509999999999992);
#652=VECTOR('',#4370,0.520812981503907);
#653=VECTOR('',#4371,0.109999999999992);
#654=VECTOR('',#4374,0.112332211696951);
#655=VECTOR('',#4377,0.509999999999992);
#656=VECTOR('',#4378,0.520812981503882);
#657=VECTOR('',#4379,0.109999999999992);
#658=VECTOR('',#4382,0.112332211696976);
#659=VECTOR('',#4385,0.509999999999992);
#660=VECTOR('',#4386,0.520812981503856);
#661=VECTOR('',#4387,0.109999999999992);
#662=VECTOR('',#4390,0.112332211696951);
#663=VECTOR('',#4393,0.509999999999992);
#664=VECTOR('',#4394,0.520812981503882);
#665=VECTOR('',#4395,0.109999999999992);
#666=VECTOR('',#4398,0.112332211696951);
#667=VECTOR('',#4401,0.717704674639926);
#668=VECTOR('',#4402,0.509999999999992);
#669=VECTOR('',#4407,0.717704674639952);
#670=VECTOR('',#4408,0.509999999999992);
#671=VECTOR('',#4413,1.96115076796395);
#672=VECTOR('',#4416,1.79554232250205);
#673=VECTOR('',#4419,0.509999999999992);
#674=VECTOR('',#4420,0.112332211696976);
#675=VECTOR('',#4421,0.109999999999992);
#676=VECTOR('',#4422,0.520812981503882);
#677=VECTOR('',#4427,1.79554232250205);
#678=VECTOR('',#4428,1.96115076796395);
#679=VECTOR('',#4431,0.509999999999992);
#680=VECTOR('',#4432,0.112332211696976);
#681=VECTOR('',#4433,0.109999999999992);
#682=VECTOR('',#4434,0.520812981503882);
#683=VECTOR('',#4437,1.96115076796403);
#684=VECTOR('',#4440,1.7955423225021);
#685=VECTOR('',#4443,0.509999999999992);
#686=VECTOR('',#4444,0.112332211696976);
#687=VECTOR('',#4445,0.109999999999992);
#688=VECTOR('',#4446,0.520812981503881);
#689=VECTOR('',#4451,1.795542322502);
#690=VECTOR('',#4452,1.96115076796392);
#691=VECTOR('',#4455,0.509999999999992);
#692=VECTOR('',#4456,0.112332211696951);
#693=VECTOR('',#4457,0.109999999999992);
#694=VECTOR('',#4458,0.520812981503882);
#695=VECTOR('',#4461,1.69999999999998);
#696=VECTOR('',#4462,0.510000000203141);
#697=VECTOR('',#4463,1.594424616018);
#698=VECTOR('',#4466,1.69999999999998);
#699=VECTOR('',#4467,1.59442461601803);
#700=VECTOR('',#4468,0.510000000000017);
#701=VECTOR('',#4471,2.59999999999999);
#702=VECTOR('',#4472,2.388849232036);
#703=VECTOR('',#4475,1.70000000000003);
#704=VECTOR('',#4476,1.5944246160181);
#705=VECTOR('',#4477,0.510000000000017);
#706=VECTOR('',#4480,2.59999999999999);
#707=VECTOR('',#4481,2.388849232036);
#708=VECTOR('',#4484,1.69999999999998);
#709=VECTOR('',#4485,0.509999999999992);
#710=VECTOR('',#4486,1.59442461601803);
#711=VECTOR('',#4489,0.717704674639952);
#712=VECTOR('',#4492,0.509999999999992);
#713=VECTOR('',#4495,2.08705344447402);
#714=VECTOR('',#4496,0.0500000000000032);
#715=VECTOR('',#4497,2.08705344447402);
#716=VECTOR('',#4498,0.0500000000000032);
#717=VECTOR('',#4501,2.92727385846064);
#718=VECTOR('',#4502,0.0500000000000032);
#719=VECTOR('',#4503,2.92727385846064);
#720=VECTOR('',#4506,0.413224265342577);
#721=VECTOR('',#4507,0.0500000000000032);
#722=VECTOR('',#4508,0.413224265342578);
#723=VECTOR('',#4511,2.51404959315538);
#724=VECTOR('',#4512,0.0500000000000032);
#725=VECTOR('',#4513,2.51404959315538);
#726=VECTOR('',#4516,0.423690324223169);
#727=VECTOR('',#4517,0.0500000000000032);
#728=VECTOR('',#4518,0.423690324223169);
#729=VECTOR('',#4521,2.5140495931554);
#730=VECTOR('',#4522,0.0500000000000032);
#731=VECTOR('',#4523,2.5140495931554);
#732=VECTOR('',#4526,0.413224265342552);
#733=VECTOR('',#4527,0.0500000000000032);
#734=VECTOR('',#4528,0.413224265342552);
#735=VECTOR('',#4531,2.5140495931554);
#736=VECTOR('',#4532,0.0500000000000032);
#737=VECTOR('',#4533,2.5140495931554);
#738=VECTOR('',#4536,0.423690324223143);
#739=VECTOR('',#4537,0.0500000000000032);
#740=VECTOR('',#4538,0.423690324223143);
#741=VECTOR('',#4541,2.51404959315538);
#742=VECTOR('',#4542,0.0500000000000032);
#743=VECTOR('',#4543,2.51404959315538);
#744=VECTOR('',#4546,0.413224265342527);
#745=VECTOR('',#4547,0.0500000000000032);
#746=VECTOR('',#4548,0.413224265342527);
#747=VECTOR('',#4551,2.92727385846064);
#748=VECTOR('',#4552,2.92727385846064);
#749=VECTOR('',#4555,2.51404959315538);
#750=VECTOR('',#4556,0.0500000000000032);
#751=VECTOR('',#4557,2.51404959315538);
#752=VECTOR('',#4558,0.0500000000000032);
#753=VECTOR('',#4561,0.350964182721107);
#754=VECTOR('',#4562,0.350964182721082);
#755=VECTOR('',#4563,0.0500000000000032);
#756=VECTOR('',#4566,2.51404959315538);
#757=VECTOR('',#4567,2.51404959315538);
#758=VECTOR('',#4568,0.0500000000000032);
#759=VECTOR('',#4571,0.485950406844614);
#760=VECTOR('',#4572,0.485950406844639);
#761=VECTOR('',#4573,0.0500000000000032);
#762=VECTOR('',#4576,2.5140495931554);
#763=VECTOR('',#4577,2.5140495931554);
#764=VECTOR('',#4578,0.0500000000000032);
#765=VECTOR('',#4581,0.350964182721133);
#766=VECTOR('',#4582,0.350964182721082);
#767=VECTOR('',#4583,0.0500000000000032);
#768=VECTOR('',#4586,2.51404959315538);
#769=VECTOR('',#4587,2.51404959315538);
#770=VECTOR('',#4588,0.0500000000000032);
#771=VECTOR('',#4591,0.485950406844614);
#772=VECTOR('',#4592,0.485950406844614);
#773=VECTOR('',#4593,0.0500000000000032);
#774=VECTOR('',#4596,2.99999999999996);
#775=VECTOR('',#4597,2.99999999999996);
#776=VECTOR('',#4598,0.0500000000000032);
#777=VECTOR('',#4601,2.15977958597608);
#778=VECTOR('',#4602,2.15977958597608);
#779=VECTOR('',#4603,0.0500000000000032);
#780=VECTOR('',#4606,3.00000000000001);
#781=VECTOR('',#4607,3.00000000000001);
#782=VECTOR('',#4608,0.0500000000000032);
#783=VECTOR('',#4611,0.485950406844588);
#784=VECTOR('',#4612,0.485950406844614);
#785=VECTOR('',#4617,0.509999999999992);
#786=VECTOR('',#4618,1.6);
#787=VECTOR('',#4621,0.509999999999992);
#788=VECTOR('',#4622,1.6);
#789=VECTOR('',#4625,0.509999999999992);
#790=VECTOR('',#4626,1.6);
#791=VECTOR('',#4629,0.509999999999992);
#792=VECTOR('',#4630,1.6);
#793=VECTOR('',#4631,0.509999999999992);
#794=VECTOR('',#4634,0.717704674639952);
#795=VECTOR('',#4645,9.5);
#796=VECTOR('',#4652,9.5);
#797=VECTOR('',#4657,0.0422953253600056);
#798=VECTOR('',#4658,0.250000000000016);
#799=VECTOR('',#4661,0.509999999999992);
#800=VECTOR('',#4662,1.70000000000001);
#801=VECTOR('',#4665,1.69999999999998);
#802=VECTOR('',#4666,0.509999999999992);
#803=VECTOR('',#4669,0.250000000000016);
#804=VECTOR('',#4670,0.0422953253600564);
#805=VECTOR('',#4673,0.509999999999992);
#806=VECTOR('',#4674,1.69999999999998);
#807=VECTOR('',#4677,1.69999999999998);
#808=VECTOR('',#4678,0.509999999999992);
#809=VECTOR('',#4681,2.59999999999999);
#810=VECTOR('',#4684,0.250000000000016);
#811=VECTOR('',#4685,0.042295325360031);
#812=VECTOR('',#4688,0.509999999999992);
#813=VECTOR('',#4689,0.509999999999992);
#814=VECTOR('',#4692,0.042295325360031);
#815=VECTOR('',#4693,0.250000000000016);
#816=VECTOR('',#4696,0.509999999999992);
#817=VECTOR('',#4697,0.509999999999992);
#818=VECTOR('',#4700,1.6);
#819=VECTOR('',#4701,0.759999999999983);
#820=VECTOR('',#4704,0.759999999999983);
#821=VECTOR('',#4705,1.6);
#822=VECTOR('',#4708,1.6);
#823=VECTOR('',#4709,0.760000000000008);
#824=VECTOR('',#4712,0.759999999999983);
#825=VECTOR('',#4713,1.6);
#826=VECTOR('',#4716,2.59999999999999);
#827=VECTOR('',#4719,1.6);
#828=VECTOR('',#4720,6.85999999999999);
#829=VECTOR('',#4721,1.6);
#830=VECTOR('',#4722,0.509999999999992);
#831=VECTOR('',#4723,0.510000000000017);
#832=VECTOR('',#4724,1.6);
#833=VECTOR('',#4725,6.85999999999997);
#834=VECTOR('',#4726,1.6);
#835=VECTOR('',#4729,0.509999999999992);
#836=VECTOR('',#4732,0.509999999999992);
#837=VECTOR('',#4735,8.38000000000001);
#838=VECTOR('',#4736,8.38000000000001);
#839=VECTOR('',#4739,8.38000000000001);
#840=VECTOR('',#4742,8.38000000000001);
#841=VECTOR('',#4749,0.914818659404031);
#842=VECTOR('',#4750,1.75000000000001);
#843=VECTOR('',#4751,0.914818659404132);
#844=VECTOR('',#4754,0.914818659404107);
#845=VECTOR('',#4755,0.190000000000002);
#846=VECTOR('',#4756,0.190000000000002);
#847=VECTOR('',#4761,0.190000000000002);
#848=VECTOR('',#4764,0.914818659404158);
#849=VECTOR('',#4765,0.190000000000002);
#850=VECTOR('',#4768,1.75000000000001);
#851=VECTOR('',#4773,0.190000000000002);
#852=VECTOR('',#4774,1.75000000000004);
#853=VECTOR('',#4775,0.190000000000002);
#854=VECTOR('',#4776,1.75000000000001);
#855=VECTOR('',#4779,0.914818659404183);
#856=VECTOR('',#4782,0.914818659404133);
#857=VECTOR('',#4785,0.190000000000002);
#858=VECTOR('',#4786,0.914818659404057);
#859=VECTOR('',#4789,0.190000000000002);
#860=VECTOR('',#4794,0.914818659404183);
#861=VECTOR('',#4801,0.914818659404081);
#862=VECTOR('',#4802,1.75000000000001);
#863=VECTOR('',#4803,0.914818659404082);
#864=VECTOR('',#4806,0.914818659404082);
#865=VECTOR('',#4807,0.190000000000002);
#866=VECTOR('',#4808,0.190000000000002);
#867=VECTOR('',#4811,0.914818659404158);
#868=VECTOR('',#4812,0.190000000000002);
#869=VECTOR('',#4813,0.190000000000002);
#870=VECTOR('',#4820,1.74999999999998);
#871=VECTOR('',#4825,0.190000000000002);
#872=VECTOR('',#4826,1.75000000000001);
#873=VECTOR('',#4827,0.190000000000002);
#874=VECTOR('',#4828,1.75000000000001);
#875=VECTOR('',#4831,0.914818659404208);
#876=VECTOR('',#4832,0.914818659404133);
#877=VECTOR('',#4837,0.190000000000002);
#878=VECTOR('',#4840,0.190000000000002);
#879=VECTOR('',#4843,0.914818659404158);
#880=VECTOR('',#4846,0.914818659404107);
#881=PLANE('',#3554);
#882=PLANE('',#3558);
#883=PLANE('',#3559);
#884=PLANE('',#3560);
#885=PLANE('',#3561);
#886=PLANE('',#3590);
#887=PLANE('',#3591);
#888=PLANE('',#3592);
#889=PLANE('',#3593);
#890=PLANE('',#3594);
#891=PLANE('',#3595);
#892=PLANE('',#3596);
#893=PLANE('',#3597);
#894=PLANE('',#3598);
#895=PLANE('',#3602);
#896=PLANE('',#3603);
#897=PLANE('',#3604);
#898=PLANE('',#3633);
#899=PLANE('',#3634);
#900=PLANE('',#3635);
#901=PLANE('',#3636);
#902=PLANE('',#3637);
#903=PLANE('',#3638);
#904=PLANE('',#3639);
#905=PLANE('',#3640);
#906=PLANE('',#3641);
#907=PLANE('',#3642);
#908=PLANE('',#3646);
#909=PLANE('',#3647);
#910=PLANE('',#3648);
#911=PLANE('',#3677);
#912=PLANE('',#3678);
#913=PLANE('',#3679);
#914=PLANE('',#3680);
#915=PLANE('',#3681);
#916=PLANE('',#3682);
#917=PLANE('',#3683);
#918=PLANE('',#3684);
#919=PLANE('',#3685);
#920=PLANE('',#3686);
#921=PLANE('',#3691);
#922=PLANE('',#3693);
#923=PLANE('',#3700);
#924=PLANE('',#3701);
#925=PLANE('',#3702);
#926=PLANE('',#3717);
#927=PLANE('',#3718);
#928=PLANE('',#3719);
#929=PLANE('',#3725);
#930=PLANE('',#3729);
#931=PLANE('',#3730);
#932=PLANE('',#3732);
#933=PLANE('',#3734);
#934=PLANE('',#3736);
#935=PLANE('',#3738);
#936=PLANE('',#3740);
#937=PLANE('',#3744);
#938=PLANE('',#3747);
#939=PLANE('',#3750);
#940=PLANE('',#3753);
#941=PLANE('',#3754);
#942=PLANE('',#3755);
#943=PLANE('',#3756);
#944=PLANE('',#3757);
#945=PLANE('',#3758);
#946=PLANE('',#3759);
#947=PLANE('',#3760);
#948=PLANE('',#3762);
#949=PLANE('',#3763);
#950=PLANE('',#3764);
#951=PLANE('',#3765);
#952=PLANE('',#3766);
#953=PLANE('',#3767);
#954=PLANE('',#3768);
#955=PLANE('',#3769);
#956=PLANE('',#3770);
#957=PLANE('',#3771);
#958=PLANE('',#3772);
#959=PLANE('',#3773);
#960=PLANE('',#3774);
#961=PLANE('',#3775);
#962=PLANE('',#3776);
#963=PLANE('',#3777);
#964=PLANE('',#3778);
#965=PLANE('',#3779);
#966=PLANE('',#3780);
#967=PLANE('',#3781);
#968=PLANE('',#3782);
#969=PLANE('',#3783);
#970=PLANE('',#3784);
#971=PLANE('',#3785);
#972=PLANE('',#3786);
#973=PLANE('',#3787);
#974=PLANE('',#3788);
#975=PLANE('',#3789);
#976=PLANE('',#3790);
#977=PLANE('',#3791);
#978=PLANE('',#3793);
#979=PLANE('',#3797);
#980=PLANE('',#3801);
#981=PLANE('',#3802);
#982=PLANE('',#3803);
#983=PLANE('',#3804);
#984=PLANE('',#3805);
#985=PLANE('',#3806);
#986=PLANE('',#3807);
#987=PLANE('',#3808);
#988=PLANE('',#3809);
#989=PLANE('',#3810);
#990=PLANE('',#3811);
#991=PLANE('',#3812);
#992=PLANE('',#3813);
#993=PLANE('',#3814);
#994=PLANE('',#3815);
#995=PLANE('',#3816);
#996=PLANE('',#3817);
#997=PLANE('',#3818);
#998=PLANE('',#3819);
#999=PLANE('',#3820);
#1000=PLANE('',#3821);
#1001=PLANE('',#3822);
#1002=PLANE('',#3823);
#1003=PLANE('',#3824);
#1004=PLANE('',#3826);
#1005=PLANE('',#3829);
#1006=PLANE('',#3830);
#1007=PLANE('',#3831);
#1008=PLANE('',#3832);
#1009=PLANE('',#3833);
#1010=PLANE('',#3835);
#1011=PLANE('',#3838);
#1012=PLANE('',#3839);
#1013=PLANE('',#3840);
#1014=PLANE('',#3842);
#1015=PLANE('',#3843);
#1016=PLANE('',#3846);
#1017=PLANE('',#3847);
#1018=PLANE('',#3848);
#1019=PLANE('',#3849);
#1020=PLANE('',#3853);
#1021=PLANE('',#3854);
#1022=PLANE('',#3855);
#1023=FACE_OUTER_BOUND('',#1223,.T.);
#1024=FACE_OUTER_BOUND('',#1224,.T.);
#1025=FACE_OUTER_BOUND('',#1225,.T.);
#1026=FACE_OUTER_BOUND('',#1226,.T.);
#1027=FACE_OUTER_BOUND('',#1227,.T.);
#1028=FACE_OUTER_BOUND('',#1228,.T.);
#1029=FACE_OUTER_BOUND('',#1229,.T.);
#1030=FACE_OUTER_BOUND('',#1230,.T.);
#1031=FACE_OUTER_BOUND('',#1231,.T.);
#1032=FACE_OUTER_BOUND('',#1232,.T.);
#1033=FACE_OUTER_BOUND('',#1233,.T.);
#1034=FACE_OUTER_BOUND('',#1234,.T.);
#1035=FACE_OUTER_BOUND('',#1235,.T.);
#1036=FACE_OUTER_BOUND('',#1236,.T.);
#1037=FACE_OUTER_BOUND('',#1237,.T.);
#1038=FACE_OUTER_BOUND('',#1238,.T.);
#1039=FACE_OUTER_BOUND('',#1239,.T.);
#1040=FACE_OUTER_BOUND('',#1240,.T.);
#1041=FACE_OUTER_BOUND('',#1241,.T.);
#1042=FACE_OUTER_BOUND('',#1242,.T.);
#1043=FACE_OUTER_BOUND('',#1243,.T.);
#1044=FACE_OUTER_BOUND('',#1244,.T.);
#1045=FACE_OUTER_BOUND('',#1246,.T.);
#1046=FACE_OUTER_BOUND('',#1247,.T.);
#1047=FACE_OUTER_BOUND('',#1248,.T.);
#1048=FACE_OUTER_BOUND('',#1249,.T.);
#1049=FACE_OUTER_BOUND('',#1250,.T.);
#1050=FACE_OUTER_BOUND('',#1251,.T.);
#1051=FACE_OUTER_BOUND('',#1252,.T.);
#1052=FACE_OUTER_BOUND('',#1253,.T.);
#1053=FACE_OUTER_BOUND('',#1254,.T.);
#1054=FACE_OUTER_BOUND('',#1255,.T.);
#1055=FACE_OUTER_BOUND('',#1256,.T.);
#1056=FACE_OUTER_BOUND('',#1257,.T.);
#1057=FACE_OUTER_BOUND('',#1258,.T.);
#1058=FACE_OUTER_BOUND('',#1259,.T.);
#1059=FACE_OUTER_BOUND('',#1260,.T.);
#1060=FACE_OUTER_BOUND('',#1261,.T.);
#1061=FACE_OUTER_BOUND('',#1262,.T.);
#1062=FACE_OUTER_BOUND('',#1263,.T.);
#1063=FACE_OUTER_BOUND('',#1264,.T.);
#1064=FACE_OUTER_BOUND('',#1265,.T.);
#1065=FACE_OUTER_BOUND('',#1266,.T.);
#1066=FACE_OUTER_BOUND('',#1267,.T.);
#1067=FACE_OUTER_BOUND('',#1268,.T.);
#1068=FACE_OUTER_BOUND('',#1269,.T.);
#1069=FACE_OUTER_BOUND('',#1270,.T.);
#1070=FACE_OUTER_BOUND('',#1272,.T.);
#1071=FACE_OUTER_BOUND('',#1273,.T.);
#1072=FACE_OUTER_BOUND('',#1274,.T.);
#1073=FACE_OUTER_BOUND('',#1275,.T.);
#1074=FACE_OUTER_BOUND('',#1276,.T.);
#1075=FACE_OUTER_BOUND('',#1277,.T.);
#1076=FACE_OUTER_BOUND('',#1278,.T.);
#1077=FACE_OUTER_BOUND('',#1279,.T.);
#1078=FACE_OUTER_BOUND('',#1280,.T.);
#1079=FACE_OUTER_BOUND('',#1281,.T.);
#1080=FACE_OUTER_BOUND('',#1282,.T.);
#1081=FACE_OUTER_BOUND('',#1283,.T.);
#1082=FACE_OUTER_BOUND('',#1284,.T.);
#1083=FACE_OUTER_BOUND('',#1285,.T.);
#1084=FACE_OUTER_BOUND('',#1286,.T.);
#1085=FACE_OUTER_BOUND('',#1287,.T.);
#1086=FACE_OUTER_BOUND('',#1288,.T.);
#1087=FACE_OUTER_BOUND('',#1289,.T.);
#1088=FACE_OUTER_BOUND('',#1290,.T.);
#1089=FACE_OUTER_BOUND('',#1291,.T.);
#1090=FACE_OUTER_BOUND('',#1292,.T.);
#1091=FACE_OUTER_BOUND('',#1293,.T.);
#1092=FACE_OUTER_BOUND('',#1294,.T.);
#1093=FACE_OUTER_BOUND('',#1295,.T.);
#1094=FACE_OUTER_BOUND('',#1296,.T.);
#1095=FACE_OUTER_BOUND('',#1297,.T.);
#1096=FACE_OUTER_BOUND('',#1299,.T.);
#1097=FACE_OUTER_BOUND('',#1300,.T.);
#1098=FACE_OUTER_BOUND('',#1301,.T.);
#1099=FACE_OUTER_BOUND('',#1302,.T.);
#1100=FACE_OUTER_BOUND('',#1303,.T.);
#1101=FACE_OUTER_BOUND('',#1304,.T.);
#1102=FACE_OUTER_BOUND('',#1305,.T.);
#1103=FACE_OUTER_BOUND('',#1307,.T.);
#1104=FACE_OUTER_BOUND('',#1308,.T.);
#1105=FACE_OUTER_BOUND('',#1309,.T.);
#1106=FACE_OUTER_BOUND('',#1311,.T.);
#1107=FACE_OUTER_BOUND('',#1312,.T.);
#1108=FACE_OUTER_BOUND('',#1313,.T.);
#1109=FACE_OUTER_BOUND('',#1314,.T.);
#1110=FACE_OUTER_BOUND('',#1315,.T.);
#1111=FACE_OUTER_BOUND('',#1316,.T.);
#1112=FACE_OUTER_BOUND('',#1317,.T.);
#1113=FACE_OUTER_BOUND('',#1318,.T.);
#1114=FACE_OUTER_BOUND('',#1319,.T.);
#1115=FACE_OUTER_BOUND('',#1320,.T.);
#1116=FACE_OUTER_BOUND('',#1321,.T.);
#1117=FACE_OUTER_BOUND('',#1322,.T.);
#1118=FACE_OUTER_BOUND('',#1323,.T.);
#1119=FACE_OUTER_BOUND('',#1324,.T.);
#1120=FACE_OUTER_BOUND('',#1325,.T.);
#1121=FACE_OUTER_BOUND('',#1326,.T.);
#1122=FACE_OUTER_BOUND('',#1327,.T.);
#1123=FACE_OUTER_BOUND('',#1328,.T.);
#1124=FACE_OUTER_BOUND('',#1329,.T.);
#1125=FACE_OUTER_BOUND('',#1330,.T.);
#1126=FACE_OUTER_BOUND('',#1331,.T.);
#1127=FACE_OUTER_BOUND('',#1332,.T.);
#1128=FACE_OUTER_BOUND('',#1333,.T.);
#1129=FACE_OUTER_BOUND('',#1334,.T.);
#1130=FACE_OUTER_BOUND('',#1335,.T.);
#1131=FACE_OUTER_BOUND('',#1336,.T.);
#1132=FACE_OUTER_BOUND('',#1337,.T.);
#1133=FACE_OUTER_BOUND('',#1338,.T.);
#1134=FACE_OUTER_BOUND('',#1339,.T.);
#1135=FACE_OUTER_BOUND('',#1340,.T.);
#1136=FACE_OUTER_BOUND('',#1341,.T.);
#1137=FACE_OUTER_BOUND('',#1342,.T.);
#1138=FACE_OUTER_BOUND('',#1343,.T.);
#1139=FACE_OUTER_BOUND('',#1344,.T.);
#1140=FACE_OUTER_BOUND('',#1345,.T.);
#1141=FACE_OUTER_BOUND('',#1346,.T.);
#1142=FACE_OUTER_BOUND('',#1347,.T.);
#1143=FACE_OUTER_BOUND('',#1348,.T.);
#1144=FACE_OUTER_BOUND('',#1349,.T.);
#1145=FACE_OUTER_BOUND('',#1350,.T.);
#1146=FACE_OUTER_BOUND('',#1351,.T.);
#1147=FACE_OUTER_BOUND('',#1352,.T.);
#1148=FACE_OUTER_BOUND('',#1353,.T.);
#1149=FACE_OUTER_BOUND('',#1354,.T.);
#1150=FACE_OUTER_BOUND('',#1355,.T.);
#1151=FACE_OUTER_BOUND('',#1356,.T.);
#1152=FACE_OUTER_BOUND('',#1357,.T.);
#1153=FACE_OUTER_BOUND('',#1358,.T.);
#1154=FACE_OUTER_BOUND('',#1359,.T.);
#1155=FACE_OUTER_BOUND('',#1360,.T.);
#1156=FACE_OUTER_BOUND('',#1361,.T.);
#1157=FACE_OUTER_BOUND('',#1362,.T.);
#1158=FACE_OUTER_BOUND('',#1363,.T.);
#1159=FACE_OUTER_BOUND('',#1364,.T.);
#1160=FACE_OUTER_BOUND('',#1365,.T.);
#1161=FACE_OUTER_BOUND('',#1366,.T.);
#1162=FACE_OUTER_BOUND('',#1367,.T.);
#1163=FACE_OUTER_BOUND('',#1368,.T.);
#1164=FACE_OUTER_BOUND('',#1369,.T.);
#1165=FACE_OUTER_BOUND('',#1370,.T.);
#1166=FACE_OUTER_BOUND('',#1371,.T.);
#1167=FACE_OUTER_BOUND('',#1373,.T.);
#1168=FACE_OUTER_BOUND('',#1374,.T.);
#1169=FACE_OUTER_BOUND('',#1375,.T.);
#1170=FACE_OUTER_BOUND('',#1376,.T.);
#1171=FACE_OUTER_BOUND('',#1377,.T.);
#1172=FACE_OUTER_BOUND('',#1378,.T.);
#1173=FACE_OUTER_BOUND('',#1379,.T.);
#1174=FACE_OUTER_BOUND('',#1380,.T.);
#1175=FACE_OUTER_BOUND('',#1382,.T.);
#1176=FACE_OUTER_BOUND('',#1383,.T.);
#1177=FACE_OUTER_BOUND('',#1384,.T.);
#1178=FACE_OUTER_BOUND('',#1385,.T.);
#1179=FACE_OUTER_BOUND('',#1386,.T.);
#1180=FACE_OUTER_BOUND('',#1387,.T.);
#1181=FACE_OUTER_BOUND('',#1388,.T.);
#1182=FACE_OUTER_BOUND('',#1389,.T.);
#1183=FACE_OUTER_BOUND('',#1390,.T.);
#1184=FACE_OUTER_BOUND('',#1391,.T.);
#1185=FACE_OUTER_BOUND('',#1392,.T.);
#1186=FACE_OUTER_BOUND('',#1393,.T.);
#1187=FACE_OUTER_BOUND('',#1394,.T.);
#1188=FACE_OUTER_BOUND('',#1395,.T.);
#1189=FACE_OUTER_BOUND('',#1396,.T.);
#1190=FACE_OUTER_BOUND('',#1397,.T.);
#1191=FACE_OUTER_BOUND('',#1398,.T.);
#1192=FACE_OUTER_BOUND('',#1399,.T.);
#1193=FACE_OUTER_BOUND('',#1403,.T.);
#1194=FACE_OUTER_BOUND('',#1404,.T.);
#1195=FACE_OUTER_BOUND('',#1405,.T.);
#1196=FACE_OUTER_BOUND('',#1406,.T.);
#1197=FACE_OUTER_BOUND('',#1407,.T.);
#1198=FACE_OUTER_BOUND('',#1409,.T.);
#1199=FACE_OUTER_BOUND('',#1410,.T.);
#1200=FACE_OUTER_BOUND('',#1411,.T.);
#1201=FACE_OUTER_BOUND('',#1412,.T.);
#1202=FACE_OUTER_BOUND('',#1413,.T.);
#1203=FACE_OUTER_BOUND('',#1414,.T.);
#1204=FACE_OUTER_BOUND('',#1415,.T.);
#1205=FACE_OUTER_BOUND('',#1416,.T.);
#1206=FACE_OUTER_BOUND('',#1417,.T.);
#1207=FACE_OUTER_BOUND('',#1418,.T.);
#1208=FACE_OUTER_BOUND('',#1419,.T.);
#1209=FACE_OUTER_BOUND('',#1420,.T.);
#1210=FACE_OUTER_BOUND('',#1421,.T.);
#1211=FACE_OUTER_BOUND('',#1422,.T.);
#1212=FACE_OUTER_BOUND('',#1423,.T.);
#1213=FACE_OUTER_BOUND('',#1424,.T.);
#1214=FACE_OUTER_BOUND('',#1425,.T.);
#1215=FACE_OUTER_BOUND('',#1426,.T.);
#1216=FACE_OUTER_BOUND('',#1427,.T.);
#1217=FACE_OUTER_BOUND('',#1428,.T.);
#1218=FACE_OUTER_BOUND('',#1429,.T.);
#1219=FACE_OUTER_BOUND('',#1430,.T.);
#1220=FACE_OUTER_BOUND('',#1431,.T.);
#1221=FACE_OUTER_BOUND('',#1432,.T.);
#1222=FACE_OUTER_BOUND('',#1433,.T.);
#1223=EDGE_LOOP('',(#2327,#2328,#2329,#2330));
#1224=EDGE_LOOP('',(#2331,#2332,#2333,#2334,#2335,#2336,#2337,#2338));
#1225=EDGE_LOOP('',(#2339,#2340,#2341,#2342));
#1226=EDGE_LOOP('',(#2343,#2344,#2345,#2346));
#1227=EDGE_LOOP('',(#2347,#2348,#2349,#2350));
#1228=EDGE_LOOP('',(#2351,#2352,#2353,#2354));
#1229=EDGE_LOOP('',(#2355,#2356,#2357,#2358));
#1230=EDGE_LOOP('',(#2359,#2360,#2361));
#1231=EDGE_LOOP('',(#2362,#2363,#2364));
#1232=EDGE_LOOP('',(#2365,#2366,#2367));
#1233=EDGE_LOOP('',(#2368,#2369,#2370));
#1234=EDGE_LOOP('',(#2371,#2372,#2373,#2374));
#1235=EDGE_LOOP('',(#2375,#2376,#2377,#2378));
#1236=EDGE_LOOP('',(#2379,#2380,#2381,#2382));
#1237=EDGE_LOOP('',(#2383,#2384,#2385,#2386));
#1238=EDGE_LOOP('',(#2387,#2388,#2389,#2390));
#1239=EDGE_LOOP('',(#2391,#2392,#2393,#2394));
#1240=EDGE_LOOP('',(#2395,#2396,#2397,#2398));
#1241=EDGE_LOOP('',(#2399,#2400,#2401,#2402));
#1242=EDGE_LOOP('',(#2403,#2404,#2405,#2406));
#1243=EDGE_LOOP('',(#2407,#2408,#2409,#2410));
#1244=EDGE_LOOP('',(#2411,#2412,#2413,#2414));
#1245=EDGE_LOOP('',(#2415,#2416,#2417,#2418));
#1246=EDGE_LOOP('',(#2419,#2420,#2421,#2422));
#1247=EDGE_LOOP('',(#2423,#2424,#2425,#2426));
#1248=EDGE_LOOP('',(#2427,#2428,#2429,#2430,#2431,#2432,#2433,#2434));
#1249=EDGE_LOOP('',(#2435,#2436,#2437,#2438));
#1250=EDGE_LOOP('',(#2439,#2440,#2441,#2442));
#1251=EDGE_LOOP('',(#2443,#2444,#2445,#2446,#2447,#2448,#2449,#2450));
#1252=EDGE_LOOP('',(#2451,#2452,#2453,#2454));
#1253=EDGE_LOOP('',(#2455,#2456,#2457,#2458));
#1254=EDGE_LOOP('',(#2459,#2460,#2461,#2462));
#1255=EDGE_LOOP('',(#2463,#2464,#2465,#2466));
#1256=EDGE_LOOP('',(#2467,#2468,#2469));
#1257=EDGE_LOOP('',(#2470,#2471,#2472));
#1258=EDGE_LOOP('',(#2473,#2474,#2475));
#1259=EDGE_LOOP('',(#2476,#2477,#2478));
#1260=EDGE_LOOP('',(#2479,#2480,#2481,#2482));
#1261=EDGE_LOOP('',(#2483,#2484,#2485,#2486));
#1262=EDGE_LOOP('',(#2487,#2488,#2489,#2490));
#1263=EDGE_LOOP('',(#2491,#2492,#2493,#2494));
#1264=EDGE_LOOP('',(#2495,#2496,#2497,#2498));
#1265=EDGE_LOOP('',(#2499,#2500,#2501,#2502));
#1266=EDGE_LOOP('',(#2503,#2504,#2505,#2506));
#1267=EDGE_LOOP('',(#2507,#2508,#2509,#2510));
#1268=EDGE_LOOP('',(#2511,#2512,#2513,#2514));
#1269=EDGE_LOOP('',(#2515,#2516,#2517,#2518));
#1270=EDGE_LOOP('',(#2519,#2520,#2521,#2522));
#1271=EDGE_LOOP('',(#2523,#2524,#2525,#2526));
#1272=EDGE_LOOP('',(#2527,#2528,#2529,#2530));
#1273=EDGE_LOOP('',(#2531,#2532,#2533,#2534,#2535,#2536,#2537,#2538));
#1274=EDGE_LOOP('',(#2539,#2540,#2541,#2542));
#1275=EDGE_LOOP('',(#2543,#2544,#2545,#2546));
#1276=EDGE_LOOP('',(#2547,#2548,#2549,#2550));
#1277=EDGE_LOOP('',(#2551,#2552,#2553,#2554));
#1278=EDGE_LOOP('',(#2555,#2556,#2557,#2558,#2559,#2560,#2561,#2562));
#1279=EDGE_LOOP('',(#2563,#2564,#2565,#2566));
#1280=EDGE_LOOP('',(#2567,#2568,#2569,#2570));
#1281=EDGE_LOOP('',(#2571,#2572,#2573,#2574));
#1282=EDGE_LOOP('',(#2575,#2576,#2577,#2578));
#1283=EDGE_LOOP('',(#2579,#2580,#2581));
#1284=EDGE_LOOP('',(#2582,#2583,#2584));
#1285=EDGE_LOOP('',(#2585,#2586,#2587));
#1286=EDGE_LOOP('',(#2588,#2589,#2590));
#1287=EDGE_LOOP('',(#2591,#2592,#2593,#2594));
#1288=EDGE_LOOP('',(#2595,#2596,#2597,#2598));
#1289=EDGE_LOOP('',(#2599,#2600,#2601,#2602));
#1290=EDGE_LOOP('',(#2603,#2604,#2605,#2606));
#1291=EDGE_LOOP('',(#2607,#2608,#2609,#2610));
#1292=EDGE_LOOP('',(#2611,#2612,#2613,#2614));
#1293=EDGE_LOOP('',(#2615,#2616,#2617,#2618));
#1294=EDGE_LOOP('',(#2619,#2620,#2621,#2622));
#1295=EDGE_LOOP('',(#2623,#2624,#2625,#2626));
#1296=EDGE_LOOP('',(#2627,#2628,#2629,#2630));
#1297=EDGE_LOOP('',(#2631,#2632,#2633,#2634));
#1298=EDGE_LOOP('',(#2635,#2636,#2637,#2638));
#1299=EDGE_LOOP('',(#2639,#2640,#2641,#2642));
#1300=EDGE_LOOP('',(#2643,#2644,#2645,#2646,#2647,#2648,#2649,#2650));
#1301=EDGE_LOOP('',(#2651,#2652,#2653,#2654));
#1302=EDGE_LOOP('',(#2655,#2656,#2657,#2658));
#1303=EDGE_LOOP('',(#2659,#2660,#2661,#2662));
#1304=EDGE_LOOP('',(#2663,#2664,#2665,#2666));
#1305=EDGE_LOOP('',(#2667,#2668));
#1306=EDGE_LOOP('',(#2669,#2670,#2671));
#1307=EDGE_LOOP('',(#2672,#2673));
#1308=EDGE_LOOP('',(#2674,#2675));
#1309=EDGE_LOOP('',(#2676,#2677,#2678,#2679,#2680,#2681));
#1310=EDGE_LOOP('',(#2682,#2683,#2684));
#1311=EDGE_LOOP('',(#2685,#2686,#2687,#2688,#2689,#2690));
#1312=EDGE_LOOP('',(#2691,#2692,#2693,#2694,#2695,#2696));
#1313=EDGE_LOOP('',(#2697,#2698,#2699,#2700));
#1314=EDGE_LOOP('',(#2701,#2702,#2703,#2704));
#1315=EDGE_LOOP('',(#2705,#2706,#2707,#2708,#2709,#2710,#2711,#2712));
#1316=EDGE_LOOP('',(#2713,#2714,#2715,#2716,#2717,#2718,#2719,#2720,#2721));
#1317=EDGE_LOOP('',(#2722,#2723,#2724,#2725,#2726));
#1318=EDGE_LOOP('',(#2727,#2728,#2729,#2730,#2731,#2732));
#1319=EDGE_LOOP('',(#2733,#2734,#2735,#2736,#2737,#2738,#2739,#2740,#2741,
#2742));
#1320=EDGE_LOOP('',(#2743,#2744,#2745,#2746,#2747,#2748,#2749));
#1321=EDGE_LOOP('',(#2750,#2751,#2752,#2753,#2754,#2755));
#1322=EDGE_LOOP('',(#2756));
#1323=EDGE_LOOP('',(#2757,#2758,#2759,#2760));
#1324=EDGE_LOOP('',(#2761,#2762,#2763,#2764,#2765,#2766,#2767,#2768,#2769,
#2770,#2771,#2772));
#1325=EDGE_LOOP('',(#2773,#2774));
#1326=EDGE_LOOP('',(#2775,#2776,#2777,#2778,#2779));
#1327=EDGE_LOOP('',(#2780,#2781,#2782,#2783,#2784));
#1328=EDGE_LOOP('',(#2785,#2786,#2787,#2788,#2789));
#1329=EDGE_LOOP('',(#2790,#2791,#2792,#2793,#2794));
#1330=EDGE_LOOP('',(#2795,#2796,#2797));
#1331=EDGE_LOOP('',(#2798,#2799,#2800));
#1332=EDGE_LOOP('',(#2801,#2802,#2803,#2804));
#1333=EDGE_LOOP('',(#2805,#2806,#2807,#2808,#2809));
#1334=EDGE_LOOP('',(#2810,#2811,#2812,#2813));
#1335=EDGE_LOOP('',(#2814,#2815,#2816,#2817,#2818));
#1336=EDGE_LOOP('',(#2819,#2820,#2821,#2822));
#1337=EDGE_LOOP('',(#2823,#2824,#2825,#2826,#2827));
#1338=EDGE_LOOP('',(#2828,#2829,#2830,#2831));
#1339=EDGE_LOOP('',(#2832,#2833,#2834,#2835,#2836));
#1340=EDGE_LOOP('',(#2837,#2838,#2839,#2840));
#1341=EDGE_LOOP('',(#2841,#2842,#2843,#2844));
#1342=EDGE_LOOP('',(#2845,#2846,#2847,#2848));
#1343=EDGE_LOOP('',(#2849,#2850,#2851,#2852));
#1344=EDGE_LOOP('',(#2853,#2854,#2855,#2856));
#1345=EDGE_LOOP('',(#2857,#2858,#2859,#2860));
#1346=EDGE_LOOP('',(#2861,#2862,#2863));
#1347=EDGE_LOOP('',(#2864,#2865,#2866,#2867));
#1348=EDGE_LOOP('',(#2868,#2869,#2870,#2871));
#1349=EDGE_LOOP('',(#2872,#2873,#2874,#2875));
#1350=EDGE_LOOP('',(#2876,#2877,#2878,#2879));
#1351=EDGE_LOOP('',(#2880,#2881,#2882,#2883));
#1352=EDGE_LOOP('',(#2884,#2885,#2886,#2887));
#1353=EDGE_LOOP('',(#2888,#2889,#2890,#2891));
#1354=EDGE_LOOP('',(#2892,#2893,#2894,#2895));
#1355=EDGE_LOOP('',(#2896,#2897,#2898,#2899));
#1356=EDGE_LOOP('',(#2900,#2901,#2902,#2903));
#1357=EDGE_LOOP('',(#2904,#2905,#2906,#2907));
#1358=EDGE_LOOP('',(#2908,#2909,#2910,#2911));
#1359=EDGE_LOOP('',(#2912,#2913,#2914,#2915));
#1360=EDGE_LOOP('',(#2916,#2917,#2918,#2919));
#1361=EDGE_LOOP('',(#2920,#2921,#2922,#2923));
#1362=EDGE_LOOP('',(#2924,#2925,#2926,#2927));
#1363=EDGE_LOOP('',(#2928,#2929,#2930,#2931));
#1364=EDGE_LOOP('',(#2932,#2933,#2934,#2935));
#1365=EDGE_LOOP('',(#2936,#2937,#2938,#2939));
#1366=EDGE_LOOP('',(#2940,#2941,#2942,#2943));
#1367=EDGE_LOOP('',(#2944,#2945,#2946,#2947));
#1368=EDGE_LOOP('',(#2948,#2949,#2950,#2951));
#1369=EDGE_LOOP('',(#2952,#2953,#2954,#2955));
#1370=EDGE_LOOP('',(#2956,#2957,#2958,#2959));
#1371=EDGE_LOOP('',(#2960,#2961,#2962,#2963,#2964,#2965,#2966,#2967,#2968,
#2969,#2970,#2971));
#1372=EDGE_LOOP('',(#2972,#2973,#2974,#2975,#2976,#2977,#2978,#2979,#2980,
#2981,#2982,#2983));
#1373=EDGE_LOOP('',(#2984,#2985,#2986,#2987));
#1374=EDGE_LOOP('',(#2988,#2989,#2990,#2991));
#1375=EDGE_LOOP('',(#2992,#2993,#2994,#2995));
#1376=EDGE_LOOP('',(#2996,#2997,#2998,#2999));
#1377=EDGE_LOOP('',(#3000,#3001,#3002));
#1378=EDGE_LOOP('',(#3003,#3004,#3005,#3006,#3007,#3008,#3009,#3010,#3011,
#3012,#3013,#3014));
#1379=EDGE_LOOP('',(#3015,#3016,#3017,#3018,#3019,#3020,#3021,#3022));
#1380=EDGE_LOOP('',(#3023));
#1381=EDGE_LOOP('',(#3024,#3025,#3026,#3027,#3028));
#1382=EDGE_LOOP('',(#3029,#3030,#3031,#3032,#3033,#3034,#3035,#3036));
#1383=EDGE_LOOP('',(#3037,#3038,#3039));
#1384=EDGE_LOOP('',(#3040,#3041,#3042,#3043));
#1385=EDGE_LOOP('',(#3044,#3045,#3046,#3047));
#1386=EDGE_LOOP('',(#3048,#3049,#3050));
#1387=EDGE_LOOP('',(#3051,#3052,#3053,#3054));
#1388=EDGE_LOOP('',(#3055,#3056,#3057,#3058));
#1389=EDGE_LOOP('',(#3059,#3060,#3061,#3062));
#1390=EDGE_LOOP('',(#3063,#3064,#3065));
#1391=EDGE_LOOP('',(#3066,#3067,#3068,#3069));
#1392=EDGE_LOOP('',(#3070,#3071,#3072));
#1393=EDGE_LOOP('',(#3073,#3074,#3075,#3076));
#1394=EDGE_LOOP('',(#3077,#3078,#3079,#3080,#3081));
#1395=EDGE_LOOP('',(#3082,#3083,#3084,#3085,#3086));
#1396=EDGE_LOOP('',(#3087,#3088,#3089,#3090,#3091));
#1397=EDGE_LOOP('',(#3092,#3093,#3094,#3095,#3096));
#1398=EDGE_LOOP('',(#3097,#3098,#3099,#3100));
#1399=EDGE_LOOP('',(#3101,#3102,#3103,#3104,#3105,#3106,#3107,#3108,#3109,
#3110,#3111,#3112,#3113,#3114,#3115,#3116,#3117,#3118,#3119,#3120,#3121,
#3122,#3123,#3124,#3125,#3126,#3127,#3128));
#1400=EDGE_LOOP('',(#3129,#3130,#3131,#3132,#3133,#3134,#3135,#3136));
#1401=EDGE_LOOP('',(#3137,#3138,#3139,#3140,#3141,#3142,#3143,#3144));
#1402=EDGE_LOOP('',(#3145,#3146,#3147,#3148,#3149,#3150,#3151,#3152));
#1403=EDGE_LOOP('',(#3153,#3154,#3155,#3156));
#1404=EDGE_LOOP('',(#3157,#3158,#3159,#3160));
#1405=EDGE_LOOP('',(#3161,#3162,#3163,#3164,#3165,#3166,#3167,#3168,#3169,
#3170,#3171,#3172,#3173,#3174,#3175,#3176,#3177,#3178,#3179,#3180));
#1406=EDGE_LOOP('',(#3181,#3182,#3183,#3184,#3185,#3186,#3187,#3188));
#1407=EDGE_LOOP('',(#3189,#3190,#3191,#3192,#3193,#3194,#3195,#3196,#3197,
#3198,#3199,#3200,#3201,#3202,#3203,#3204,#3205,#3206,#3207,#3208));
#1408=EDGE_LOOP('',(#3209,#3210,#3211,#3212,#3213,#3214,#3215,#3216,#3217,
#3218,#3219,#3220));
#1409=EDGE_LOOP('',(#3221,#3222,#3223,#3224,#3225,#3226,#3227,#3228));
#1410=EDGE_LOOP('',(#3229,#3230,#3231,#3232));
#1411=EDGE_LOOP('',(#3233,#3234,#3235,#3236));
#1412=EDGE_LOOP('',(#3237,#3238,#3239,#3240));
#1413=EDGE_LOOP('',(#3241,#3242,#3243,#3244));
#1414=EDGE_LOOP('',(#3245,#3246,#3247,#3248));
#1415=EDGE_LOOP('',(#3249,#3250,#3251,#3252));
#1416=EDGE_LOOP('',(#3253,#3254,#3255,#3256));
#1417=EDGE_LOOP('',(#3257,#3258,#3259,#3260));
#1418=EDGE_LOOP('',(#3261,#3262,#3263,#3264));
#1419=EDGE_LOOP('',(#3265,#3266,#3267,#3268));
#1420=EDGE_LOOP('',(#3269,#3270,#3271,#3272));
#1421=EDGE_LOOP('',(#3273,#3274,#3275,#3276));
#1422=EDGE_LOOP('',(#3277,#3278,#3279,#3280));
#1423=EDGE_LOOP('',(#3281,#3282,#3283,#3284));
#1424=EDGE_LOOP('',(#3285,#3286,#3287,#3288));
#1425=EDGE_LOOP('',(#3289,#3290,#3291,#3292));
#1426=EDGE_LOOP('',(#3293,#3294,#3295,#3296));
#1427=EDGE_LOOP('',(#3297,#3298,#3299,#3300));
#1428=EDGE_LOOP('',(#3301,#3302,#3303,#3304));
#1429=EDGE_LOOP('',(#3305,#3306,#3307,#3308));
#1430=EDGE_LOOP('',(#3309,#3310,#3311,#3312));
#1431=EDGE_LOOP('',(#3313,#3314,#3315,#3316));
#1432=EDGE_LOOP('',(#3317,#3318,#3319,#3320));
#1433=EDGE_LOOP('',(#3321,#3322,#3323,#3324));
#1434=CIRCLE('',#3552,0.0124597990633594);
#1435=CIRCLE('',#3553,1.46199549170424);
#1436=CIRCLE('',#3555,0.635);
#1437=CIRCLE('',#3557,0.635);
#1438=CIRCLE('',#3563,0.4);
#1439=CIRCLE('',#3564,0.4);
#1440=CIRCLE('',#3565,0.4);
#1441=CIRCLE('',#3567,0.4);
#1442=CIRCLE('',#3568,0.4);
#1443=CIRCLE('',#3569,0.4);
#1444=CIRCLE('',#3571,0.4);
#1445=CIRCLE('',#3572,0.4);
#1446=CIRCLE('',#3573,0.4);
#1447=CIRCLE('',#3575,0.4);
#1448=CIRCLE('',#3576,0.4);
#1449=CIRCLE('',#3577,0.4);
#1450=CIRCLE('',#3599,0.635);
#1451=CIRCLE('',#3601,0.635);
#1452=CIRCLE('',#3606,0.4);
#1453=CIRCLE('',#3607,0.4);
#1454=CIRCLE('',#3608,0.4);
#1455=CIRCLE('',#3610,0.4);
#1456=CIRCLE('',#3611,0.4);
#1457=CIRCLE('',#3612,0.4);
#1458=CIRCLE('',#3614,0.4);
#1459=CIRCLE('',#3615,0.4);
#1460=CIRCLE('',#3616,0.4);
#1461=CIRCLE('',#3618,0.4);
#1462=CIRCLE('',#3619,0.4);
#1463=CIRCLE('',#3620,0.4);
#1464=CIRCLE('',#3643,0.635);
#1465=CIRCLE('',#3645,0.635);
#1466=CIRCLE('',#3650,0.4);
#1467=CIRCLE('',#3651,0.4);
#1468=CIRCLE('',#3652,0.4);
#1469=CIRCLE('',#3654,0.4);
#1470=CIRCLE('',#3655,0.4);
#1471=CIRCLE('',#3656,0.4);
#1472=CIRCLE('',#3658,0.4);
#1473=CIRCLE('',#3659,0.4);
#1474=CIRCLE('',#3660,0.4);
#1475=CIRCLE('',#3662,0.4);
#1476=CIRCLE('',#3663,0.4);
#1477=CIRCLE('',#3664,0.4);
#1478=CIRCLE('',#3687,2.465);
#1479=CIRCLE('',#3689,2.10000000000001);
#1480=CIRCLE('',#3692,3.175);
#1481=CIRCLE('',#3694,3.175);
#1482=CIRCLE('',#3696,2.10000000000001);
#1483=CIRCLE('',#3699,3.175);
#1484=CIRCLE('',#3704,3.175);
#1485=CIRCLE('',#3705,3.175);
#1486=CIRCLE('',#3706,3.175);
#1487=CIRCLE('',#3708,1.97132599329822);
#1488=CIRCLE('',#3710,1.30000000000001);
#1489=CIRCLE('',#3711,1.30000000000001);
#1490=CIRCLE('',#3714,1.16915646481681);
#1491=CIRCLE('',#3715,1.16915646481681);
#1492=CIRCLE('',#3716,2.10000000000001);
#1493=CIRCLE('',#3720,0.825000000000002);
#1494=CIRCLE('',#3721,0.825000000000002);
#1495=CIRCLE('',#3724,0.825000000000002);
#1496=CIRCLE('',#3726,1.46199549170424);
#1497=CIRCLE('',#3727,0.0124597990633594);
#1498=CIRCLE('',#3739,0.760000000000008);
#1499=CIRCLE('',#3741,0.760000000000008);
#1500=CIRCLE('',#3761,0.760000000000008);
#1501=CIRCLE('',#3792,0.760000000000008);
#1502=CIRCLE('',#3795,0.760000000000008);
#1503=CIRCLE('',#3796,0.760000000000008);
#1504=CIRCLE('',#3799,0.760000000000008);
#1505=CIRCLE('',#3800,0.760000000000008);
#1506=CIRCLE('',#3825,0.70417456387338);
#1507=CIRCLE('',#3828,0.70417456387338);
#1508=CIRCLE('',#3834,0.70417456387338);
#1509=CIRCLE('',#3837,0.70417456387338);
#1510=CIRCLE('',#3841,0.704174563873379);
#1511=CIRCLE('',#3845,0.704174563873379);
#1512=CIRCLE('',#3850,0.704174563873379);
#1513=CIRCLE('',#3852,0.704174563873379);
#1514=(
BOUNDED_CURVE()
B_SPLINE_CURVE(2,(#4897,#4898,#4899,#4900,#4901),.UNSPECIFIED.,.F.,.F.)
B_SPLINE_CURVE_WITH_KNOTS((3,2,3),(-1.57043280639132,-0.573375190202574,
0.0233529347999256),.UNSPECIFIED.)
CURVE()
GEOMETRIC_REPRESENTATION_ITEM()
RATIONAL_B_SPLINE_CURVE((0.997814118254619,0.877239672738871,1.,0.926529281034693,
0.940218453164974))
REPRESENTATION_ITEM('')
);
#1515=(
BOUNDED_CURVE()
B_SPLINE_CURVE(2,(#4905,#4906,#4907,#4908,#4909),.UNSPECIFIED.,.F.,.F.)
B_SPLINE_CURVE_WITH_KNOTS((3,2,3),(-1.57043280638616,-0.573375190202574,
0.0233529336690343),.UNSPECIFIED.)
CURVE()
GEOMETRIC_REPRESENTATION_ITEM()
RATIONAL_B_SPLINE_CURVE((0.904222302643783,0.794957359636775,0.906203155580305,
0.839623758337368,0.852028929145913))
REPRESENTATION_ITEM('')
);
#1516=(
BOUNDED_CURVE()
B_SPLINE_CURVE(2,(#5359,#5360,#5361),.UNSPECIFIED.,.F.,.F.)
B_SPLINE_CURVE_WITH_KNOTS((3,3),(0.003648602385052,0.199883466413056),
 .UNSPECIFIED.)
CURVE()
GEOMETRIC_REPRESENTATION_ITEM()
RATIONAL_B_SPLINE_CURVE((1.00179259404906,1.04985867449552,1.08286816635317))
REPRESENTATION_ITEM('')
);
#1517=(
BOUNDED_CURVE()
B_SPLINE_CURVE(2,(#5365,#5366,#5367),.UNSPECIFIED.,.F.,.F.)
B_SPLINE_CURVE_WITH_KNOTS((3,3),(1.0603191631324,1.2565540271604),
 .UNSPECIFIED.)
CURVE()
GEOMETRIC_REPRESENTATION_ITEM()
RATIONAL_B_SPLINE_CURVE((1.08286816635317,1.04985867449553,1.00179259404907))
REPRESENTATION_ITEM('')
);
#1518=(
BOUNDED_CURVE()
B_SPLINE_CURVE(2,(#5368,#5369,#5370),.UNSPECIFIED.,.F.,.F.)
B_SPLINE_CURVE_WITH_KNOTS((3,3),(1.37868015557498,1.39301352737498),
 .UNSPECIFIED.)
CURVE()
GEOMETRIC_REPRESENTATION_ITEM()
RATIONAL_B_SPLINE_CURVE((1.01156702140089,1.00584363864879,1.))
REPRESENTATION_ITEM('')
);
#1519=(
BOUNDED_CURVE()
B_SPLINE_CURVE(2,(#5371,#5372,#5373),.UNSPECIFIED.,.F.,.F.)
B_SPLINE_CURVE_WITH_KNOTS((3,3),(0.,0.014333371800008),.UNSPECIFIED.)
CURVE()
GEOMETRIC_REPRESENTATION_ITEM()
RATIONAL_B_SPLINE_CURVE((1.,1.00584363864879,1.0115670214009))
REPRESENTATION_ITEM('')
);
#1520=VERTEX_POINT('',#4895);
#1521=VERTEX_POINT('',#4896);
#1522=VERTEX_POINT('',#4902);
#1523=VERTEX_POINT('',#4904);
#1524=VERTEX_POINT('',#4912);
#1525=VERTEX_POINT('',#4913);
#1526=VERTEX_POINT('',#4915);
#1527=VERTEX_POINT('',#4917);
#1528=VERTEX_POINT('',#4919);
#1529=VERTEX_POINT('',#4921);
#1530=VERTEX_POINT('',#4923);
#1531=VERTEX_POINT('',#4925);
#1532=VERTEX_POINT('',#4929);
#1533=VERTEX_POINT('',#4931);
#1534=VERTEX_POINT('',#4935);
#1535=VERTEX_POINT('',#4939);
#1536=VERTEX_POINT('',#4943);
#1537=VERTEX_POINT('',#4947);
#1538=VERTEX_POINT('',#4951);
#1539=VERTEX_POINT('',#4952);
#1540=VERTEX_POINT('',#4954);
#1541=VERTEX_POINT('',#4958);
#1542=VERTEX_POINT('',#4959);
#1543=VERTEX_POINT('',#4961);
#1544=VERTEX_POINT('',#4965);
#1545=VERTEX_POINT('',#4966);
#1546=VERTEX_POINT('',#4968);
#1547=VERTEX_POINT('',#4972);
#1548=VERTEX_POINT('',#4973);
#1549=VERTEX_POINT('',#4975);
#1550=VERTEX_POINT('',#4982);
#1551=VERTEX_POINT('',#4983);
#1552=VERTEX_POINT('',#4991);
#1553=VERTEX_POINT('',#4992);
#1554=VERTEX_POINT('',#5000);
#1555=VERTEX_POINT('',#5001);
#1556=VERTEX_POINT('',#5009);
#1557=VERTEX_POINT('',#5010);
#1558=VERTEX_POINT('',#5019);
#1559=VERTEX_POINT('',#5021);
#1560=VERTEX_POINT('',#5034);
#1561=VERTEX_POINT('',#5035);
#1562=VERTEX_POINT('',#5037);
#1563=VERTEX_POINT('',#5039);
#1564=VERTEX_POINT('',#5041);
#1565=VERTEX_POINT('',#5043);
#1566=VERTEX_POINT('',#5045);
#1567=VERTEX_POINT('',#5047);
#1568=VERTEX_POINT('',#5051);
#1569=VERTEX_POINT('',#5053);
#1570=VERTEX_POINT('',#5057);
#1571=VERTEX_POINT('',#5061);
#1572=VERTEX_POINT('',#5065);
#1573=VERTEX_POINT('',#5069);
#1574=VERTEX_POINT('',#5070);
#1575=VERTEX_POINT('',#5072);
#1576=VERTEX_POINT('',#5076);
#1577=VERTEX_POINT('',#5077);
#1578=VERTEX_POINT('',#5079);
#1579=VERTEX_POINT('',#5083);
#1580=VERTEX_POINT('',#5084);
#1581=VERTEX_POINT('',#5086);
#1582=VERTEX_POINT('',#5090);
#1583=VERTEX_POINT('',#5091);
#1584=VERTEX_POINT('',#5093);
#1585=VERTEX_POINT('',#5100);
#1586=VERTEX_POINT('',#5101);
#1587=VERTEX_POINT('',#5109);
#1588=VERTEX_POINT('',#5110);
#1589=VERTEX_POINT('',#5118);
#1590=VERTEX_POINT('',#5119);
#1591=VERTEX_POINT('',#5127);
#1592=VERTEX_POINT('',#5128);
#1593=VERTEX_POINT('',#5137);
#1594=VERTEX_POINT('',#5139);
#1595=VERTEX_POINT('',#5145);
#1596=VERTEX_POINT('',#5156);
#1597=VERTEX_POINT('',#5157);
#1598=VERTEX_POINT('',#5159);
#1599=VERTEX_POINT('',#5161);
#1600=VERTEX_POINT('',#5163);
#1601=VERTEX_POINT('',#5165);
#1602=VERTEX_POINT('',#5167);
#1603=VERTEX_POINT('',#5169);
#1604=VERTEX_POINT('',#5173);
#1605=VERTEX_POINT('',#5175);
#1606=VERTEX_POINT('',#5179);
#1607=VERTEX_POINT('',#5183);
#1608=VERTEX_POINT('',#5187);
#1609=VERTEX_POINT('',#5191);
#1610=VERTEX_POINT('',#5192);
#1611=VERTEX_POINT('',#5194);
#1612=VERTEX_POINT('',#5198);
#1613=VERTEX_POINT('',#5199);
#1614=VERTEX_POINT('',#5201);
#1615=VERTEX_POINT('',#5205);
#1616=VERTEX_POINT('',#5206);
#1617=VERTEX_POINT('',#5208);
#1618=VERTEX_POINT('',#5212);
#1619=VERTEX_POINT('',#5213);
#1620=VERTEX_POINT('',#5215);
#1621=VERTEX_POINT('',#5219);
#1622=VERTEX_POINT('',#5220);
#1623=VERTEX_POINT('',#5231);
#1624=VERTEX_POINT('',#5232);
#1625=VERTEX_POINT('',#5240);
#1626=VERTEX_POINT('',#5241);
#1627=VERTEX_POINT('',#5249);
#1628=VERTEX_POINT('',#5250);
#1629=VERTEX_POINT('',#5259);
#1630=VERTEX_POINT('',#5261);
#1631=VERTEX_POINT('',#5267);
#1632=VERTEX_POINT('',#5278);
#1633=VERTEX_POINT('',#5279);
#1634=VERTEX_POINT('',#5282);
#1635=VERTEX_POINT('',#5283);
#1636=VERTEX_POINT('',#5285);
#1637=VERTEX_POINT('',#5289);
#1638=VERTEX_POINT('',#5290);
#1639=VERTEX_POINT('',#5294);
#1640=VERTEX_POINT('',#5295);
#1641=VERTEX_POINT('',#5299);
#1642=VERTEX_POINT('',#5301);
#1643=VERTEX_POINT('',#5319);
#1644=VERTEX_POINT('',#5320);
#1645=VERTEX_POINT('',#5322);
#1646=VERTEX_POINT('',#5357);
#1647=VERTEX_POINT('',#5358);
#1648=VERTEX_POINT('',#5362);
#1649=VERTEX_POINT('',#5364);
#1650=VERTEX_POINT('',#5375);
#1651=VERTEX_POINT('',#5377);
#1652=VERTEX_POINT('',#5381);
#1653=VERTEX_POINT('',#5385);
#1654=VERTEX_POINT('',#5393);
#1655=VERTEX_POINT('',#5395);
#1656=VERTEX_POINT('',#5397);
#1657=VERTEX_POINT('',#5400);
#1658=VERTEX_POINT('',#5404);
#1659=VERTEX_POINT('',#5405);
#1660=VERTEX_POINT('',#5410);
#1661=VERTEX_POINT('',#5412);
#1662=VERTEX_POINT('',#5414);
#1663=VERTEX_POINT('',#5416);
#1664=VERTEX_POINT('',#5420);
#1665=VERTEX_POINT('',#5422);
#1666=VERTEX_POINT('',#5424);
#1667=VERTEX_POINT('',#5426);
#1668=VERTEX_POINT('',#5430);
#1669=VERTEX_POINT('',#5432);
#1670=VERTEX_POINT('',#5434);
#1671=VERTEX_POINT('',#5439);
#1672=VERTEX_POINT('',#5495);
#1673=VERTEX_POINT('',#5496);
#1674=VERTEX_POINT('',#5498);
#1675=VERTEX_POINT('',#5500);
#1676=VERTEX_POINT('',#5502);
#1677=VERTEX_POINT('',#5506);
#1678=VERTEX_POINT('',#5507);
#1679=VERTEX_POINT('',#5509);
#1680=VERTEX_POINT('',#5511);
#1681=VERTEX_POINT('',#5513);
#1682=VERTEX_POINT('',#5517);
#1683=VERTEX_POINT('',#5518);
#1684=VERTEX_POINT('',#5520);
#1685=VERTEX_POINT('',#5522);
#1686=VERTEX_POINT('',#5524);
#1687=VERTEX_POINT('',#5528);
#1688=VERTEX_POINT('',#5529);
#1689=VERTEX_POINT('',#5531);
#1690=VERTEX_POINT('',#5533);
#1691=VERTEX_POINT('',#5535);
#1692=VERTEX_POINT('',#5539);
#1693=VERTEX_POINT('',#5540);
#1694=VERTEX_POINT('',#5545);
#1695=VERTEX_POINT('',#5546);
#1696=VERTEX_POINT('',#5551);
#1697=VERTEX_POINT('',#5553);
#1698=VERTEX_POINT('',#5557);
#1699=VERTEX_POINT('',#5558);
#1700=VERTEX_POINT('',#5561);
#1701=VERTEX_POINT('',#5565);
#1702=VERTEX_POINT('',#5566);
#1703=VERTEX_POINT('',#5571);
#1704=VERTEX_POINT('',#5572);
#1705=VERTEX_POINT('',#5575);
#1706=VERTEX_POINT('',#5579);
#1707=VERTEX_POINT('',#5581);
#1708=VERTEX_POINT('',#5585);
#1709=VERTEX_POINT('',#5586);
#1710=VERTEX_POINT('',#5589);
#1711=VERTEX_POINT('',#5593);
#1712=VERTEX_POINT('',#5594);
#1713=VERTEX_POINT('',#5599);
#1714=VERTEX_POINT('',#5600);
#1715=VERTEX_POINT('',#5603);
#1716=VERTEX_POINT('',#5607);
#1717=VERTEX_POINT('',#5609);
#1718=VERTEX_POINT('',#5613);
#1719=VERTEX_POINT('',#5615);
#1720=VERTEX_POINT('',#5622);
#1721=VERTEX_POINT('',#5624);
#1722=VERTEX_POINT('',#5631);
#1723=VERTEX_POINT('',#5633);
#1724=VERTEX_POINT('',#5637);
#1725=VERTEX_POINT('',#5638);
#1726=VERTEX_POINT('',#5643);
#1727=VERTEX_POINT('',#5644);
#1728=VERTEX_POINT('',#5646);
#1729=VERTEX_POINT('',#5648);
#1730=VERTEX_POINT('',#5652);
#1731=VERTEX_POINT('',#5654);
#1732=VERTEX_POINT('',#5658);
#1733=VERTEX_POINT('',#5660);
#1734=VERTEX_POINT('',#5664);
#1735=VERTEX_POINT('',#5666);
#1736=VERTEX_POINT('',#5670);
#1737=VERTEX_POINT('',#5672);
#1738=VERTEX_POINT('',#5676);
#1739=VERTEX_POINT('',#5678);
#1740=VERTEX_POINT('',#5682);
#1741=VERTEX_POINT('',#5684);
#1742=VERTEX_POINT('',#5688);
#1743=VERTEX_POINT('',#5690);
#1744=VERTEX_POINT('',#5694);
#1745=VERTEX_POINT('',#5696);
#1746=VERTEX_POINT('',#5700);
#1747=VERTEX_POINT('',#5702);
#1748=VERTEX_POINT('',#5706);
#1749=VERTEX_POINT('',#5708);
#1750=VERTEX_POINT('',#5715);
#1751=VERTEX_POINT('',#5716);
#1752=VERTEX_POINT('',#5718);
#1753=VERTEX_POINT('',#5720);
#1754=VERTEX_POINT('',#5724);
#1755=VERTEX_POINT('',#5726);
#1756=VERTEX_POINT('',#5730);
#1757=VERTEX_POINT('',#5732);
#1758=VERTEX_POINT('',#5736);
#1759=VERTEX_POINT('',#5738);
#1760=VERTEX_POINT('',#5742);
#1761=VERTEX_POINT('',#5744);
#1762=VERTEX_POINT('',#5748);
#1763=VERTEX_POINT('',#5750);
#1764=VERTEX_POINT('',#5754);
#1765=VERTEX_POINT('',#5756);
#1766=VERTEX_POINT('',#5760);
#1767=VERTEX_POINT('',#5762);
#1768=VERTEX_POINT('',#5766);
#1769=VERTEX_POINT('',#5768);
#1770=VERTEX_POINT('',#5772);
#1771=VERTEX_POINT('',#5774);
#1772=VERTEX_POINT('',#5778);
#1773=VERTEX_POINT('',#5780);
#1774=VERTEX_POINT('',#5788);
#1775=VERTEX_POINT('',#5792);
#1776=VERTEX_POINT('',#5796);
#1777=VERTEX_POINT('',#5800);
#1778=VERTEX_POINT('',#5802);
#1779=VERTEX_POINT('',#5806);
#1780=VERTEX_POINT('',#5811);
#1781=VERTEX_POINT('',#5813);
#1782=VERTEX_POINT('',#5818);
#1783=VERTEX_POINT('',#5820);
#1784=VERTEX_POINT('',#5824);
#1785=VERTEX_POINT('',#5828);
#1786=VERTEX_POINT('',#5832);
#1787=VERTEX_POINT('',#5836);
#1788=VERTEX_POINT('',#5840);
#1789=VERTEX_POINT('',#5844);
#1790=VERTEX_POINT('',#5850);
#1791=VERTEX_POINT('',#5854);
#1792=VERTEX_POINT('',#5858);
#1793=VERTEX_POINT('',#5862);
#1794=VERTEX_POINT('',#5866);
#1795=VERTEX_POINT('',#5870);
#1796=VERTEX_POINT('',#5874);
#1797=VERTEX_POINT('',#5878);
#1798=VERTEX_POINT('',#5884);
#1799=VERTEX_POINT('',#5886);
#1800=VERTEX_POINT('',#5888);
#1801=VERTEX_POINT('',#5891);
#1802=VERTEX_POINT('',#5893);
#1803=VERTEX_POINT('',#5895);
#1804=VERTEX_POINT('',#5911);
#1805=VERTEX_POINT('',#5912);
#1806=VERTEX_POINT('',#5914);
#1807=VERTEX_POINT('',#5916);
#1808=VERTEX_POINT('',#5920);
#1809=VERTEX_POINT('',#5925);
#1810=VERTEX_POINT('',#5935);
#1811=VERTEX_POINT('',#5938);
#1812=VERTEX_POINT('',#5942);
#1813=VERTEX_POINT('',#5944);
#1814=VERTEX_POINT('',#5948);
#1815=VERTEX_POINT('',#5952);
#1816=VERTEX_POINT('',#5959);
#1817=VERTEX_POINT('',#5960);
#1818=VERTEX_POINT('',#5962);
#1819=VERTEX_POINT('',#5964);
#1820=VERTEX_POINT('',#5968);
#1821=VERTEX_POINT('',#5973);
#1822=VERTEX_POINT('',#5983);
#1823=VERTEX_POINT('',#5985);
#1824=VERTEX_POINT('',#5990);
#1825=VERTEX_POINT('',#5992);
#1826=VERTEX_POINT('',#5996);
#1827=VERTEX_POINT('',#5998);
#1828=EDGE_CURVE('',#1520,#1521,#1514,.T.);
#1829=EDGE_CURVE('',#1520,#1522,#1434,.T.);
#1830=EDGE_CURVE('',#1522,#1523,#1515,.T.);
#1831=EDGE_CURVE('',#1523,#1521,#1435,.T.);
#1832=EDGE_CURVE('',#1524,#1525,#1436,.T.);
#1833=EDGE_CURVE('',#1526,#1524,#115,.T.);
#1834=EDGE_CURVE('',#1526,#1527,#116,.T.);
#1835=EDGE_CURVE('',#1528,#1527,#117,.T.);
#1836=EDGE_CURVE('',#1528,#1529,#118,.T.);
#1837=EDGE_CURVE('',#1529,#1530,#119,.T.);
#1838=EDGE_CURVE('',#1530,#1531,#120,.T.);
#1839=EDGE_CURVE('',#1531,#1525,#121,.T.);
#1840=EDGE_CURVE('',#1525,#1532,#122,.T.);
#1841=EDGE_CURVE('',#1532,#1533,#1437,.T.);
#1842=EDGE_CURVE('',#1533,#1524,#123,.T.);
#1843=EDGE_CURVE('',#1534,#1531,#124,.T.);
#1844=EDGE_CURVE('',#1534,#1532,#125,.T.);
#1845=EDGE_CURVE('',#1535,#1533,#126,.T.);
#1846=EDGE_CURVE('',#1526,#1535,#127,.T.);
#1847=EDGE_CURVE('',#1536,#1530,#128,.T.);
#1848=EDGE_CURVE('',#1534,#1536,#129,.T.);
#1849=EDGE_CURVE('',#1537,#1535,#130,.T.);
#1850=EDGE_CURVE('',#1527,#1537,#131,.T.);
#1851=EDGE_CURVE('',#1538,#1539,#1438,.T.);
#1852=EDGE_CURVE('',#1540,#1539,#1439,.T.);
#1853=EDGE_CURVE('',#1540,#1538,#1440,.T.);
#1854=EDGE_CURVE('',#1541,#1542,#1441,.T.);
#1855=EDGE_CURVE('',#1543,#1542,#1442,.T.);
#1856=EDGE_CURVE('',#1543,#1541,#1443,.T.);
#1857=EDGE_CURVE('',#1544,#1545,#1444,.T.);
#1858=EDGE_CURVE('',#1546,#1545,#1445,.T.);
#1859=EDGE_CURVE('',#1546,#1544,#1446,.T.);
#1860=EDGE_CURVE('',#1547,#1548,#1447,.T.);
#1861=EDGE_CURVE('',#1549,#1548,#1448,.T.);
#1862=EDGE_CURVE('',#1549,#1547,#1449,.T.);
#1863=EDGE_CURVE('',#1545,#1549,#132,.T.);
#1864=EDGE_CURVE('',#1548,#1546,#133,.T.);
#1865=EDGE_CURVE('',#1550,#1551,#36,.T.);
#1866=EDGE_CURVE('',#1550,#1547,#134,.T.);
#1867=EDGE_CURVE('',#1549,#1551,#135,.T.);
#1868=EDGE_CURVE('',#1547,#1543,#136,.T.);
#1869=EDGE_CURVE('',#1542,#1548,#137,.T.);
#1870=EDGE_CURVE('',#1552,#1553,#37,.T.);
#1871=EDGE_CURVE('',#1552,#1545,#138,.T.);
#1872=EDGE_CURVE('',#1544,#1553,#139,.T.);
#1873=EDGE_CURVE('',#1539,#1544,#140,.T.);
#1874=EDGE_CURVE('',#1546,#1540,#141,.T.);
#1875=EDGE_CURVE('',#1554,#1555,#38,.T.);
#1876=EDGE_CURVE('',#1554,#1541,#142,.T.);
#1877=EDGE_CURVE('',#1543,#1555,#143,.T.);
#1878=EDGE_CURVE('',#1541,#1538,#144,.T.);
#1879=EDGE_CURVE('',#1540,#1542,#145,.T.);
#1880=EDGE_CURVE('',#1556,#1557,#39,.T.);
#1881=EDGE_CURVE('',#1556,#1539,#146,.T.);
#1882=EDGE_CURVE('',#1538,#1557,#147,.T.);
#1883=EDGE_CURVE('',#1551,#1552,#148,.T.);
#1884=EDGE_CURVE('',#1553,#1556,#149,.T.);
#1885=EDGE_CURVE('',#1558,#1528,#150,.T.);
#1886=EDGE_CURVE('',#1559,#1558,#151,.T.);
#1887=EDGE_CURVE('',#1529,#1559,#152,.T.);
#1888=EDGE_CURVE('',#1558,#1537,#153,.T.);
#1889=EDGE_CURVE('',#1559,#1536,#154,.T.);
#1890=EDGE_CURVE('',#1555,#1550,#155,.T.);
#1891=EDGE_CURVE('',#1557,#1554,#156,.T.);
#1892=EDGE_CURVE('',#1560,#1561,#1450,.T.);
#1893=EDGE_CURVE('',#1562,#1560,#157,.T.);
#1894=EDGE_CURVE('',#1562,#1563,#158,.T.);
#1895=EDGE_CURVE('',#1564,#1563,#159,.T.);
#1896=EDGE_CURVE('',#1564,#1565,#160,.T.);
#1897=EDGE_CURVE('',#1565,#1566,#161,.T.);
#1898=EDGE_CURVE('',#1566,#1567,#162,.T.);
#1899=EDGE_CURVE('',#1567,#1561,#163,.T.);
#1900=EDGE_CURVE('',#1561,#1568,#164,.T.);
#1901=EDGE_CURVE('',#1568,#1569,#1451,.T.);
#1902=EDGE_CURVE('',#1569,#1560,#165,.T.);
#1903=EDGE_CURVE('',#1570,#1567,#166,.T.);
#1904=EDGE_CURVE('',#1570,#1568,#167,.T.);
#1905=EDGE_CURVE('',#1571,#1569,#168,.T.);
#1906=EDGE_CURVE('',#1562,#1571,#169,.T.);
#1907=EDGE_CURVE('',#1572,#1571,#170,.T.);
#1908=EDGE_CURVE('',#1563,#1572,#171,.T.);
#1909=EDGE_CURVE('',#1573,#1574,#1452,.T.);
#1910=EDGE_CURVE('',#1575,#1574,#1453,.T.);
#1911=EDGE_CURVE('',#1575,#1573,#1454,.T.);
#1912=EDGE_CURVE('',#1576,#1577,#1455,.T.);
#1913=EDGE_CURVE('',#1578,#1577,#1456,.T.);
#1914=EDGE_CURVE('',#1578,#1576,#1457,.T.);
#1915=EDGE_CURVE('',#1579,#1580,#1458,.T.);
#1916=EDGE_CURVE('',#1581,#1580,#1459,.T.);
#1917=EDGE_CURVE('',#1581,#1579,#1460,.T.);
#1918=EDGE_CURVE('',#1582,#1583,#1461,.T.);
#1919=EDGE_CURVE('',#1584,#1583,#1462,.T.);
#1920=EDGE_CURVE('',#1584,#1582,#1463,.T.);
#1921=EDGE_CURVE('',#1580,#1584,#172,.T.);
#1922=EDGE_CURVE('',#1583,#1581,#173,.T.);
#1923=EDGE_CURVE('',#1585,#1586,#40,.T.);
#1924=EDGE_CURVE('',#1585,#1582,#174,.T.);
#1925=EDGE_CURVE('',#1584,#1586,#175,.T.);
#1926=EDGE_CURVE('',#1582,#1578,#176,.T.);
#1927=EDGE_CURVE('',#1577,#1583,#177,.T.);
#1928=EDGE_CURVE('',#1587,#1588,#41,.T.);
#1929=EDGE_CURVE('',#1587,#1580,#178,.T.);
#1930=EDGE_CURVE('',#1579,#1588,#179,.T.);
#1931=EDGE_CURVE('',#1574,#1579,#180,.T.);
#1932=EDGE_CURVE('',#1581,#1575,#181,.T.);
#1933=EDGE_CURVE('',#1589,#1590,#42,.T.);
#1934=EDGE_CURVE('',#1589,#1576,#182,.T.);
#1935=EDGE_CURVE('',#1578,#1590,#183,.T.);
#1936=EDGE_CURVE('',#1576,#1573,#184,.T.);
#1937=EDGE_CURVE('',#1575,#1577,#185,.T.);
#1938=EDGE_CURVE('',#1591,#1592,#43,.T.);
#1939=EDGE_CURVE('',#1591,#1574,#186,.T.);
#1940=EDGE_CURVE('',#1573,#1592,#187,.T.);
#1941=EDGE_CURVE('',#1586,#1587,#188,.T.);
#1942=EDGE_CURVE('',#1588,#1591,#189,.T.);
#1943=EDGE_CURVE('',#1593,#1564,#190,.T.);
#1944=EDGE_CURVE('',#1594,#1593,#191,.T.);
#1945=EDGE_CURVE('',#1565,#1594,#192,.T.);
#1946=EDGE_CURVE('',#1593,#1572,#193,.T.);
#1947=EDGE_CURVE('',#1570,#1595,#194,.T.);
#1948=EDGE_CURVE('',#1594,#1595,#195,.T.);
#1949=EDGE_CURVE('',#1595,#1566,#196,.T.);
#1950=EDGE_CURVE('',#1590,#1585,#197,.T.);
#1951=EDGE_CURVE('',#1592,#1589,#198,.T.);
#1952=EDGE_CURVE('',#1596,#1597,#1464,.T.);
#1953=EDGE_CURVE('',#1598,#1596,#199,.T.);
#1954=EDGE_CURVE('',#1598,#1599,#200,.T.);
#1955=EDGE_CURVE('',#1600,#1599,#201,.T.);
#1956=EDGE_CURVE('',#1600,#1601,#202,.T.);
#1957=EDGE_CURVE('',#1601,#1602,#203,.T.);
#1958=EDGE_CURVE('',#1602,#1603,#204,.T.);
#1959=EDGE_CURVE('',#1603,#1597,#205,.T.);
#1960=EDGE_CURVE('',#1597,#1604,#206,.T.);
#1961=EDGE_CURVE('',#1604,#1605,#1465,.T.);
#1962=EDGE_CURVE('',#1605,#1596,#207,.T.);
#1963=EDGE_CURVE('',#1606,#1603,#208,.T.);
#1964=EDGE_CURVE('',#1606,#1604,#209,.T.);
#1965=EDGE_CURVE('',#1607,#1605,#210,.T.);
#1966=EDGE_CURVE('',#1598,#1607,#211,.T.);
#1967=EDGE_CURVE('',#1608,#1607,#212,.T.);
#1968=EDGE_CURVE('',#1599,#1608,#213,.T.);
#1969=EDGE_CURVE('',#1609,#1610,#1466,.T.);
#1970=EDGE_CURVE('',#1611,#1610,#1467,.T.);
#1971=EDGE_CURVE('',#1609,#1611,#1468,.T.);
#1972=EDGE_CURVE('',#1612,#1613,#1469,.T.);
#1973=EDGE_CURVE('',#1614,#1613,#1470,.T.);
#1974=EDGE_CURVE('',#1614,#1612,#1471,.T.);
#1975=EDGE_CURVE('',#1615,#1616,#1472,.T.);
#1976=EDGE_CURVE('',#1617,#1616,#1473,.T.);
#1977=EDGE_CURVE('',#1617,#1615,#1474,.T.);
#1978=EDGE_CURVE('',#1618,#1619,#1475,.T.);
#1979=EDGE_CURVE('',#1620,#1619,#1476,.T.);
#1980=EDGE_CURVE('',#1620,#1618,#1477,.T.);
#1981=EDGE_CURVE('',#1621,#1622,#44,.T.);
#1982=EDGE_CURVE('',#1621,#1620,#214,.T.);
#1983=EDGE_CURVE('',#1619,#1622,#215,.T.);
#1984=EDGE_CURVE('',#1620,#1617,#216,.T.);
#1985=EDGE_CURVE('',#1616,#1618,#217,.T.);
#1986=EDGE_CURVE('',#1613,#1619,#218,.T.);
#1987=EDGE_CURVE('',#1618,#1614,#219,.T.);
#1988=EDGE_CURVE('',#1623,#1624,#45,.T.);
#1989=EDGE_CURVE('',#1623,#1615,#220,.T.);
#1990=EDGE_CURVE('',#1617,#1624,#221,.T.);
#1991=EDGE_CURVE('',#1615,#1609,#222,.T.);
#1992=EDGE_CURVE('',#1611,#1616,#223,.T.);
#1993=EDGE_CURVE('',#1625,#1626,#46,.T.);
#1994=EDGE_CURVE('',#1625,#1613,#224,.T.);
#1995=EDGE_CURVE('',#1612,#1626,#225,.T.);
#1996=EDGE_CURVE('',#1610,#1612,#226,.T.);
#1997=EDGE_CURVE('',#1614,#1611,#227,.T.);
#1998=EDGE_CURVE('',#1627,#1628,#47,.T.);
#1999=EDGE_CURVE('',#1627,#1610,#228,.T.);
#2000=EDGE_CURVE('',#1609,#1628,#229,.T.);
#2001=EDGE_CURVE('',#1622,#1625,#230,.T.);
#2002=EDGE_CURVE('',#1626,#1627,#231,.T.);
#2003=EDGE_CURVE('',#1629,#1600,#232,.T.);
#2004=EDGE_CURVE('',#1630,#1629,#233,.T.);
#2005=EDGE_CURVE('',#1601,#1630,#234,.T.);
#2006=EDGE_CURVE('',#1629,#1608,#235,.T.);
#2007=EDGE_CURVE('',#1606,#1631,#236,.T.);
#2008=EDGE_CURVE('',#1630,#1631,#237,.T.);
#2009=EDGE_CURVE('',#1631,#1602,#238,.T.);
#2010=EDGE_CURVE('',#1628,#1623,#239,.T.);
#2011=EDGE_CURVE('',#1624,#1621,#240,.T.);
#2012=EDGE_CURVE('',#1632,#1633,#1478,.T.);
#2013=EDGE_CURVE('',#1633,#1632,#241,.T.);
#2014=EDGE_CURVE('',#1634,#1635,#48,.T.);
#2015=EDGE_CURVE('',#1634,#1636,#1479,.T.);
#2016=EDGE_CURVE('',#1635,#1636,#49,.T.);
#2017=EDGE_CURVE('',#1637,#1638,#242,.T.);
#2018=EDGE_CURVE('',#1637,#1638,#1480,.T.);
#2019=EDGE_CURVE('',#1639,#1640,#243,.T.);
#2020=EDGE_CURVE('',#1640,#1639,#1481,.T.);
#2021=EDGE_CURVE('',#1641,#1641,#1482,.T.);
#2022=EDGE_CURVE('',#1641,#1642,#244,.T.);
#2023=EDGE_CURVE('',#1636,#1642,#21,.T.);
#2024=EDGE_CURVE('',#1642,#1634,#22,.T.);
#2025=EDGE_CURVE('',#1643,#1644,#50,.T.);
#2026=EDGE_CURVE('',#1645,#1643,#23,.T.);
#2027=EDGE_CURVE('',#1644,#1645,#24,.T.);
#2028=EDGE_CURVE('',#1646,#1647,#1516,.T.);
#2029=EDGE_CURVE('',#1647,#1648,#1483,.T.);
#2030=EDGE_CURVE('',#1648,#1649,#1517,.T.);
#2031=EDGE_CURVE('',#1649,#1632,#1518,.T.);
#2032=EDGE_CURVE('',#1633,#1646,#1519,.T.);
#2033=EDGE_CURVE('',#1650,#1649,#245,.T.);
#2034=EDGE_CURVE('',#1651,#1650,#246,.T.);
#2035=EDGE_CURVE('',#1651,#1646,#247,.T.);
#2036=EDGE_CURVE('',#1652,#1651,#248,.T.);
#2037=EDGE_CURVE('',#1652,#1647,#249,.T.);
#2038=EDGE_CURVE('',#1653,#1648,#250,.T.);
#2039=EDGE_CURVE('',#1650,#1653,#251,.T.);
#2040=EDGE_CURVE('',#1640,#1652,#1484,.T.);
#2041=EDGE_CURVE('',#1637,#1639,#1485,.T.);
#2042=EDGE_CURVE('',#1653,#1638,#1486,.T.);
#2043=EDGE_CURVE('',#1654,#1654,#1487,.T.);
#2044=EDGE_CURVE('',#1654,#1655,#252,.T.);
#2045=EDGE_CURVE('',#1656,#1655,#51,.T.);
#2046=EDGE_CURVE('',#1656,#1644,#1488,.T.);
#2047=EDGE_CURVE('',#1643,#1657,#1489,.T.);
#2048=EDGE_CURVE('',#1655,#1657,#52,.T.);
#2049=EDGE_CURVE('',#1658,#1659,#1490,.T.);
#2050=EDGE_CURVE('',#1659,#1658,#1491,.T.);
#2051=EDGE_CURVE('',#1659,#1654,#1492,.T.);
#2052=EDGE_CURVE('',#1660,#1639,#253,.T.);
#2053=EDGE_CURVE('',#1660,#1661,#254,.T.);
#2054=EDGE_CURVE('',#1661,#1662,#255,.T.);
#2055=EDGE_CURVE('',#1663,#1662,#256,.T.);
#2056=EDGE_CURVE('',#1663,#1637,#257,.T.);
#2057=EDGE_CURVE('',#1638,#1664,#258,.T.);
#2058=EDGE_CURVE('',#1664,#1665,#259,.T.);
#2059=EDGE_CURVE('',#1665,#1666,#260,.T.);
#2060=EDGE_CURVE('',#1667,#1666,#261,.T.);
#2061=EDGE_CURVE('',#1640,#1667,#262,.T.);
#2062=EDGE_CURVE('',#1668,#1656,#263,.T.);
#2063=EDGE_CURVE('',#1668,#1669,#1493,.T.);
#2064=EDGE_CURVE('',#1669,#1670,#1494,.T.);
#2065=EDGE_CURVE('',#1657,#1670,#264,.T.);
#2066=EDGE_CURVE('',#1670,#1668,#53,.T.);
#2067=EDGE_CURVE('',#1669,#1671,#265,.T.);
#2068=EDGE_CURVE('',#1671,#1671,#1495,.T.);
#2069=EDGE_CURVE('',#1521,#1523,#1496,.T.);
#2070=EDGE_CURVE('',#1522,#1520,#1497,.T.);
#2071=EDGE_CURVE('',#1521,#1635,#266,.T.);
#2072=EDGE_CURVE('',#1642,#1659,#267,.T.);
#2073=EDGE_CURVE('',#1672,#1673,#268,.T.);
#2074=EDGE_CURVE('',#1674,#1672,#269,.T.);
#2075=EDGE_CURVE('',#1675,#1674,#270,.T.);
#2076=EDGE_CURVE('',#1676,#1675,#54,.T.);
#2077=EDGE_CURVE('',#1673,#1676,#271,.T.);
#2078=EDGE_CURVE('',#1677,#1678,#272,.T.);
#2079=EDGE_CURVE('',#1679,#1677,#273,.T.);
#2080=EDGE_CURVE('',#1680,#1679,#274,.T.);
#2081=EDGE_CURVE('',#1681,#1680,#55,.T.);
#2082=EDGE_CURVE('',#1678,#1681,#275,.T.);
#2083=EDGE_CURVE('',#1682,#1683,#276,.T.);
#2084=EDGE_CURVE('',#1684,#1682,#277,.T.);
#2085=EDGE_CURVE('',#1685,#1684,#278,.T.);
#2086=EDGE_CURVE('',#1686,#1685,#56,.T.);
#2087=EDGE_CURVE('',#1683,#1686,#279,.T.);
#2088=EDGE_CURVE('',#1687,#1688,#280,.T.);
#2089=EDGE_CURVE('',#1689,#1687,#281,.T.);
#2090=EDGE_CURVE('',#1690,#1689,#282,.T.);
#2091=EDGE_CURVE('',#1691,#1690,#57,.T.);
#2092=EDGE_CURVE('',#1688,#1691,#283,.T.);
#2093=EDGE_CURVE('',#1692,#1693,#284,.T.);
#2094=EDGE_CURVE('',#1693,#1664,#285,.T.);
#2095=EDGE_CURVE('',#1692,#1664,#1498,.T.);
#2096=EDGE_CURVE('',#1694,#1695,#286,.T.);
#2097=EDGE_CURVE('',#1695,#1660,#287,.T.);
#2098=EDGE_CURVE('',#1694,#1660,#1499,.T.);
#2099=EDGE_CURVE('',#1685,#1696,#288,.T.);
#2100=EDGE_CURVE('',#1696,#1697,#58,.T.);
#2101=EDGE_CURVE('',#1697,#1686,#289,.T.);
#2102=EDGE_CURVE('',#1698,#1699,#290,.T.);
#2103=EDGE_CURVE('',#1697,#1698,#291,.T.);
#2104=EDGE_CURVE('',#1700,#1696,#292,.T.);
#2105=EDGE_CURVE('',#1699,#1700,#293,.T.);
#2106=EDGE_CURVE('',#1701,#1702,#59,.T.);
#2107=EDGE_CURVE('',#1702,#1681,#294,.T.);
#2108=EDGE_CURVE('',#1680,#1701,#295,.T.);
#2109=EDGE_CURVE('',#1703,#1704,#296,.T.);
#2110=EDGE_CURVE('',#1702,#1703,#297,.T.);
#2111=EDGE_CURVE('',#1705,#1701,#298,.T.);
#2112=EDGE_CURVE('',#1704,#1705,#299,.T.);
#2113=EDGE_CURVE('',#1690,#1706,#300,.T.);
#2114=EDGE_CURVE('',#1706,#1707,#60,.T.);
#2115=EDGE_CURVE('',#1707,#1691,#301,.T.);
#2116=EDGE_CURVE('',#1708,#1709,#302,.T.);
#2117=EDGE_CURVE('',#1707,#1708,#303,.T.);
#2118=EDGE_CURVE('',#1710,#1706,#304,.T.);
#2119=EDGE_CURVE('',#1709,#1710,#305,.T.);
#2120=EDGE_CURVE('',#1711,#1712,#61,.T.);
#2121=EDGE_CURVE('',#1712,#1676,#306,.T.);
#2122=EDGE_CURVE('',#1675,#1711,#307,.T.);
#2123=EDGE_CURVE('',#1713,#1714,#308,.T.);
#2124=EDGE_CURVE('',#1712,#1713,#309,.T.);
#2125=EDGE_CURVE('',#1715,#1711,#310,.T.);
#2126=EDGE_CURVE('',#1714,#1715,#311,.T.);
#2127=EDGE_CURVE('',#1716,#1687,#312,.T.);
#2128=EDGE_CURVE('',#1717,#1716,#313,.T.);
#2129=EDGE_CURVE('',#1689,#1717,#314,.T.);
#2130=EDGE_CURVE('',#1704,#1718,#315,.T.);
#2131=EDGE_CURVE('',#1719,#1705,#316,.T.);
#2132=EDGE_CURVE('',#1718,#1719,#317,.T.);
#2133=EDGE_CURVE('',#1709,#1677,#318,.T.);
#2134=EDGE_CURVE('',#1679,#1710,#319,.T.);
#2135=EDGE_CURVE('',#1714,#1720,#320,.T.);
#2136=EDGE_CURVE('',#1721,#1715,#321,.T.);
#2137=EDGE_CURVE('',#1720,#1721,#322,.T.);
#2138=EDGE_CURVE('',#1699,#1672,#323,.T.);
#2139=EDGE_CURVE('',#1674,#1700,#324,.T.);
#2140=EDGE_CURVE('',#1722,#1682,#325,.T.);
#2141=EDGE_CURVE('',#1723,#1722,#326,.T.);
#2142=EDGE_CURVE('',#1684,#1723,#327,.T.);
#2143=EDGE_CURVE('',#1724,#1725,#328,.T.);
#2144=EDGE_CURVE('',#1663,#1725,#1500,.T.);
#2145=EDGE_CURVE('',#1663,#1724,#329,.T.);
#2146=EDGE_CURVE('',#1726,#1727,#330,.T.);
#2147=EDGE_CURVE('',#1728,#1727,#331,.T.);
#2148=EDGE_CURVE('',#1729,#1728,#332,.T.);
#2149=EDGE_CURVE('',#1729,#1726,#333,.T.);
#2150=EDGE_CURVE('',#1727,#1730,#334,.T.);
#2151=EDGE_CURVE('',#1731,#1730,#335,.T.);
#2152=EDGE_CURVE('',#1728,#1731,#336,.T.);
#2153=EDGE_CURVE('',#1730,#1732,#337,.T.);
#2154=EDGE_CURVE('',#1733,#1732,#338,.T.);
#2155=EDGE_CURVE('',#1731,#1733,#339,.T.);
#2156=EDGE_CURVE('',#1732,#1734,#340,.T.);
#2157=EDGE_CURVE('',#1735,#1734,#341,.T.);
#2158=EDGE_CURVE('',#1733,#1735,#342,.T.);
#2159=EDGE_CURVE('',#1734,#1736,#343,.T.);
#2160=EDGE_CURVE('',#1737,#1736,#344,.T.);
#2161=EDGE_CURVE('',#1735,#1737,#345,.T.);
#2162=EDGE_CURVE('',#1736,#1738,#346,.T.);
#2163=EDGE_CURVE('',#1739,#1738,#347,.T.);
#2164=EDGE_CURVE('',#1737,#1739,#348,.T.);
#2165=EDGE_CURVE('',#1738,#1740,#349,.T.);
#2166=EDGE_CURVE('',#1741,#1740,#350,.T.);
#2167=EDGE_CURVE('',#1739,#1741,#351,.T.);
#2168=EDGE_CURVE('',#1740,#1742,#352,.T.);
#2169=EDGE_CURVE('',#1743,#1742,#353,.T.);
#2170=EDGE_CURVE('',#1741,#1743,#354,.T.);
#2171=EDGE_CURVE('',#1742,#1744,#355,.T.);
#2172=EDGE_CURVE('',#1745,#1744,#356,.T.);
#2173=EDGE_CURVE('',#1743,#1745,#357,.T.);
#2174=EDGE_CURVE('',#1744,#1746,#358,.T.);
#2175=EDGE_CURVE('',#1747,#1746,#359,.T.);
#2176=EDGE_CURVE('',#1745,#1747,#360,.T.);
#2177=EDGE_CURVE('',#1746,#1748,#361,.T.);
#2178=EDGE_CURVE('',#1749,#1748,#362,.T.);
#2179=EDGE_CURVE('',#1747,#1749,#363,.T.);
#2180=EDGE_CURVE('',#1748,#1726,#364,.T.);
#2181=EDGE_CURVE('',#1749,#1729,#365,.T.);
#2182=EDGE_CURVE('',#1750,#1751,#366,.T.);
#2183=EDGE_CURVE('',#1752,#1750,#367,.T.);
#2184=EDGE_CURVE('',#1753,#1752,#368,.T.);
#2185=EDGE_CURVE('',#1753,#1751,#369,.T.);
#2186=EDGE_CURVE('',#1751,#1754,#370,.T.);
#2187=EDGE_CURVE('',#1755,#1753,#371,.T.);
#2188=EDGE_CURVE('',#1755,#1754,#372,.T.);
#2189=EDGE_CURVE('',#1754,#1756,#373,.T.);
#2190=EDGE_CURVE('',#1757,#1755,#374,.T.);
#2191=EDGE_CURVE('',#1757,#1756,#375,.T.);
#2192=EDGE_CURVE('',#1756,#1758,#376,.T.);
#2193=EDGE_CURVE('',#1759,#1757,#377,.T.);
#2194=EDGE_CURVE('',#1759,#1758,#378,.T.);
#2195=EDGE_CURVE('',#1758,#1760,#379,.T.);
#2196=EDGE_CURVE('',#1761,#1759,#380,.T.);
#2197=EDGE_CURVE('',#1761,#1760,#381,.T.);
#2198=EDGE_CURVE('',#1760,#1762,#382,.T.);
#2199=EDGE_CURVE('',#1763,#1761,#383,.T.);
#2200=EDGE_CURVE('',#1763,#1762,#384,.T.);
#2201=EDGE_CURVE('',#1762,#1764,#385,.T.);
#2202=EDGE_CURVE('',#1765,#1763,#386,.T.);
#2203=EDGE_CURVE('',#1765,#1764,#387,.T.);
#2204=EDGE_CURVE('',#1764,#1766,#388,.T.);
#2205=EDGE_CURVE('',#1767,#1765,#389,.T.);
#2206=EDGE_CURVE('',#1767,#1766,#390,.T.);
#2207=EDGE_CURVE('',#1766,#1768,#391,.T.);
#2208=EDGE_CURVE('',#1769,#1767,#392,.T.);
#2209=EDGE_CURVE('',#1769,#1768,#393,.T.);
#2210=EDGE_CURVE('',#1768,#1770,#394,.T.);
#2211=EDGE_CURVE('',#1771,#1769,#395,.T.);
#2212=EDGE_CURVE('',#1771,#1770,#396,.T.);
#2213=EDGE_CURVE('',#1770,#1772,#397,.T.);
#2214=EDGE_CURVE('',#1773,#1771,#398,.T.);
#2215=EDGE_CURVE('',#1773,#1772,#399,.T.);
#2216=EDGE_CURVE('',#1772,#1750,#400,.T.);
#2217=EDGE_CURVE('',#1752,#1773,#401,.T.);
#2218=EDGE_CURVE('',#1662,#1774,#402,.T.);
#2219=EDGE_CURVE('',#1724,#1774,#403,.T.);
#2220=EDGE_CURVE('',#1775,#1661,#404,.T.);
#2221=EDGE_CURVE('',#1775,#1695,#405,.T.);
#2222=EDGE_CURVE('',#1776,#1665,#406,.T.);
#2223=EDGE_CURVE('',#1776,#1693,#407,.T.);
#2224=EDGE_CURVE('',#1666,#1777,#408,.T.);
#2225=EDGE_CURVE('',#1778,#1777,#409,.T.);
#2226=EDGE_CURVE('',#1667,#1778,#410,.T.);
#2227=EDGE_CURVE('',#1778,#1779,#411,.T.);
#2228=EDGE_CURVE('',#1667,#1779,#1501,.T.);
#2229=EDGE_CURVE('',#1694,#1780,#1502,.T.);
#2230=EDGE_CURVE('',#1781,#1779,#1503,.T.);
#2231=EDGE_CURVE('',#1780,#1781,#412,.T.);
#2232=EDGE_CURVE('',#1782,#1725,#1504,.T.);
#2233=EDGE_CURVE('',#1782,#1783,#413,.T.);
#2234=EDGE_CURVE('',#1692,#1783,#1505,.T.);
#2235=EDGE_CURVE('',#1725,#1784,#414,.T.);
#2236=EDGE_CURVE('',#1782,#1784,#415,.T.);
#2237=EDGE_CURVE('',#1785,#1720,#416,.T.);
#2238=EDGE_CURVE('',#1713,#1785,#417,.T.);
#2239=EDGE_CURVE('',#1786,#1683,#418,.T.);
#2240=EDGE_CURVE('',#1786,#1722,#419,.T.);
#2241=EDGE_CURVE('',#1783,#1787,#420,.T.);
#2242=EDGE_CURVE('',#1787,#1692,#421,.T.);
#2243=EDGE_CURVE('',#1788,#1718,#422,.T.);
#2244=EDGE_CURVE('',#1703,#1788,#423,.T.);
#2245=EDGE_CURVE('',#1789,#1688,#424,.T.);
#2246=EDGE_CURVE('',#1789,#1716,#425,.T.);
#2247=EDGE_CURVE('',#1708,#1678,#426,.T.);
#2248=EDGE_CURVE('',#1780,#1790,#427,.T.);
#2249=EDGE_CURVE('',#1790,#1694,#428,.T.);
#2250=EDGE_CURVE('',#1791,#1789,#429,.T.);
#2251=EDGE_CURVE('',#1791,#1717,#430,.T.);
#2252=EDGE_CURVE('',#1779,#1792,#431,.T.);
#2253=EDGE_CURVE('',#1781,#1792,#432,.T.);
#2254=EDGE_CURVE('',#1793,#1719,#433,.T.);
#2255=EDGE_CURVE('',#1788,#1793,#434,.T.);
#2256=EDGE_CURVE('',#1794,#1790,#435,.T.);
#2257=EDGE_CURVE('',#1775,#1794,#436,.T.);
#2258=EDGE_CURVE('',#1795,#1777,#437,.T.);
#2259=EDGE_CURVE('',#1792,#1795,#438,.T.);
#2260=EDGE_CURVE('',#1796,#1787,#439,.T.);
#2261=EDGE_CURVE('',#1776,#1796,#440,.T.);
#2262=EDGE_CURVE('',#1797,#1774,#441,.T.);
#2263=EDGE_CURVE('',#1784,#1797,#442,.T.);
#2264=EDGE_CURVE('',#1698,#1673,#443,.T.);
#2265=EDGE_CURVE('',#1793,#1798,#444,.T.);
#2266=EDGE_CURVE('',#1798,#1799,#445,.T.);
#2267=EDGE_CURVE('',#1799,#1800,#446,.T.);
#2268=EDGE_CURVE('',#1800,#1786,#447,.T.);
#2269=EDGE_CURVE('',#1785,#1801,#448,.T.);
#2270=EDGE_CURVE('',#1801,#1802,#449,.T.);
#2271=EDGE_CURVE('',#1802,#1803,#450,.T.);
#2272=EDGE_CURVE('',#1803,#1791,#451,.T.);
#2273=EDGE_CURVE('',#1800,#1723,#452,.T.);
#2274=EDGE_CURVE('',#1801,#1721,#453,.T.);
#2275=EDGE_CURVE('',#1802,#1797,#454,.T.);
#2276=EDGE_CURVE('',#1799,#1796,#455,.T.);
#2277=EDGE_CURVE('',#1803,#1794,#456,.T.);
#2278=EDGE_CURVE('',#1798,#1795,#457,.T.);
#2279=EDGE_CURVE('',#1804,#1805,#1506,.T.);
#2280=EDGE_CURVE('',#1805,#1806,#458,.T.);
#2281=EDGE_CURVE('',#1807,#1806,#459,.T.);
#2282=EDGE_CURVE('',#1807,#1804,#460,.T.);
#2283=EDGE_CURVE('',#1808,#1682,#461,.T.);
#2284=EDGE_CURVE('',#1806,#1682,#462,.T.);
#2285=EDGE_CURVE('',#1808,#1805,#463,.T.);
#2286=EDGE_CURVE('',#1809,#1808,#1507,.T.);
#2287=EDGE_CURVE('',#1809,#1804,#464,.T.);
#2288=EDGE_CURVE('',#1699,#1809,#465,.T.);
#2289=EDGE_CURVE('',#1699,#1807,#466,.T.);
#2290=EDGE_CURVE('',#1699,#1682,#467,.T.);
#2291=EDGE_CURVE('',#1810,#1677,#468,.T.);
#2292=EDGE_CURVE('',#1677,#1704,#469,.T.);
#2293=EDGE_CURVE('',#1704,#1811,#470,.T.);
#2294=EDGE_CURVE('',#1811,#1810,#471,.T.);
#2295=EDGE_CURVE('',#1812,#1677,#472,.T.);
#2296=EDGE_CURVE('',#1813,#1812,#1508,.T.);
#2297=EDGE_CURVE('',#1704,#1813,#473,.T.);
#2298=EDGE_CURVE('',#1813,#1814,#474,.T.);
#2299=EDGE_CURVE('',#1811,#1814,#475,.T.);
#2300=EDGE_CURVE('',#1812,#1815,#476,.T.);
#2301=EDGE_CURVE('',#1814,#1815,#1509,.T.);
#2302=EDGE_CURVE('',#1815,#1810,#477,.T.);
#2303=EDGE_CURVE('',#1816,#1817,#1510,.T.);
#2304=EDGE_CURVE('',#1817,#1818,#478,.T.);
#2305=EDGE_CURVE('',#1819,#1818,#479,.T.);
#2306=EDGE_CURVE('',#1819,#1816,#480,.T.);
#2307=EDGE_CURVE('',#1714,#1820,#481,.T.);
#2308=EDGE_CURVE('',#1820,#1816,#482,.T.);
#2309=EDGE_CURVE('',#1714,#1819,#483,.T.);
#2310=EDGE_CURVE('',#1821,#1672,#484,.T.);
#2311=EDGE_CURVE('',#1818,#1672,#485,.T.);
#2312=EDGE_CURVE('',#1821,#1817,#486,.T.);
#2313=EDGE_CURVE('',#1820,#1821,#1511,.T.);
#2314=EDGE_CURVE('',#1714,#1672,#487,.T.);
#2315=EDGE_CURVE('',#1709,#1822,#488,.T.);
#2316=EDGE_CURVE('',#1822,#1823,#489,.T.);
#2317=EDGE_CURVE('',#1823,#1687,#490,.T.);
#2318=EDGE_CURVE('',#1687,#1709,#491,.T.);
#2319=EDGE_CURVE('',#1709,#1824,#492,.T.);
#2320=EDGE_CURVE('',#1825,#1687,#493,.T.);
#2321=EDGE_CURVE('',#1824,#1825,#1512,.T.);
#2322=EDGE_CURVE('',#1825,#1826,#494,.T.);
#2323=EDGE_CURVE('',#1827,#1826,#1513,.T.);
#2324=EDGE_CURVE('',#1824,#1827,#495,.T.);
#2325=EDGE_CURVE('',#1826,#1823,#496,.T.);
#2326=EDGE_CURVE('',#1822,#1827,#497,.T.);
#2327=ORIENTED_EDGE('',*,*,#1828,.F.);
#2328=ORIENTED_EDGE('',*,*,#1829,.T.);
#2329=ORIENTED_EDGE('',*,*,#1830,.T.);
#2330=ORIENTED_EDGE('',*,*,#1831,.T.);
#2331=ORIENTED_EDGE('',*,*,#1832,.F.);
#2332=ORIENTED_EDGE('',*,*,#1833,.F.);
#2333=ORIENTED_EDGE('',*,*,#1834,.T.);
#2334=ORIENTED_EDGE('',*,*,#1835,.F.);
#2335=ORIENTED_EDGE('',*,*,#1836,.T.);
#2336=ORIENTED_EDGE('',*,*,#1837,.T.);
#2337=ORIENTED_EDGE('',*,*,#1838,.T.);
#2338=ORIENTED_EDGE('',*,*,#1839,.T.);
#2339=ORIENTED_EDGE('',*,*,#1832,.T.);
#2340=ORIENTED_EDGE('',*,*,#1840,.T.);
#2341=ORIENTED_EDGE('',*,*,#1841,.T.);
#2342=ORIENTED_EDGE('',*,*,#1842,.T.);
#2343=ORIENTED_EDGE('',*,*,#1840,.F.);
#2344=ORIENTED_EDGE('',*,*,#1839,.F.);
#2345=ORIENTED_EDGE('',*,*,#1843,.F.);
#2346=ORIENTED_EDGE('',*,*,#1844,.T.);
#2347=ORIENTED_EDGE('',*,*,#1842,.F.);
#2348=ORIENTED_EDGE('',*,*,#1845,.F.);
#2349=ORIENTED_EDGE('',*,*,#1846,.F.);
#2350=ORIENTED_EDGE('',*,*,#1833,.T.);
#2351=ORIENTED_EDGE('',*,*,#1843,.T.);
#2352=ORIENTED_EDGE('',*,*,#1838,.F.);
#2353=ORIENTED_EDGE('',*,*,#1847,.F.);
#2354=ORIENTED_EDGE('',*,*,#1848,.F.);
#2355=ORIENTED_EDGE('',*,*,#1846,.T.);
#2356=ORIENTED_EDGE('',*,*,#1849,.F.);
#2357=ORIENTED_EDGE('',*,*,#1850,.F.);
#2358=ORIENTED_EDGE('',*,*,#1834,.F.);
#2359=ORIENTED_EDGE('',*,*,#1851,.T.);
#2360=ORIENTED_EDGE('',*,*,#1852,.F.);
#2361=ORIENTED_EDGE('',*,*,#1853,.T.);
#2362=ORIENTED_EDGE('',*,*,#1854,.T.);
#2363=ORIENTED_EDGE('',*,*,#1855,.F.);
#2364=ORIENTED_EDGE('',*,*,#1856,.T.);
#2365=ORIENTED_EDGE('',*,*,#1857,.T.);
#2366=ORIENTED_EDGE('',*,*,#1858,.F.);
#2367=ORIENTED_EDGE('',*,*,#1859,.T.);
#2368=ORIENTED_EDGE('',*,*,#1860,.T.);
#2369=ORIENTED_EDGE('',*,*,#1861,.F.);
#2370=ORIENTED_EDGE('',*,*,#1862,.T.);
#2371=ORIENTED_EDGE('',*,*,#1858,.T.);
#2372=ORIENTED_EDGE('',*,*,#1863,.T.);
#2373=ORIENTED_EDGE('',*,*,#1861,.T.);
#2374=ORIENTED_EDGE('',*,*,#1864,.T.);
#2375=ORIENTED_EDGE('',*,*,#1865,.F.);
#2376=ORIENTED_EDGE('',*,*,#1866,.T.);
#2377=ORIENTED_EDGE('',*,*,#1862,.F.);
#2378=ORIENTED_EDGE('',*,*,#1867,.T.);
#2379=ORIENTED_EDGE('',*,*,#1860,.F.);
#2380=ORIENTED_EDGE('',*,*,#1868,.T.);
#2381=ORIENTED_EDGE('',*,*,#1855,.T.);
#2382=ORIENTED_EDGE('',*,*,#1869,.T.);
#2383=ORIENTED_EDGE('',*,*,#1870,.F.);
#2384=ORIENTED_EDGE('',*,*,#1871,.T.);
#2385=ORIENTED_EDGE('',*,*,#1857,.F.);
#2386=ORIENTED_EDGE('',*,*,#1872,.T.);
#2387=ORIENTED_EDGE('',*,*,#1852,.T.);
#2388=ORIENTED_EDGE('',*,*,#1873,.T.);
#2389=ORIENTED_EDGE('',*,*,#1859,.F.);
#2390=ORIENTED_EDGE('',*,*,#1874,.T.);
#2391=ORIENTED_EDGE('',*,*,#1875,.F.);
#2392=ORIENTED_EDGE('',*,*,#1876,.T.);
#2393=ORIENTED_EDGE('',*,*,#1856,.F.);
#2394=ORIENTED_EDGE('',*,*,#1877,.T.);
#2395=ORIENTED_EDGE('',*,*,#1854,.F.);
#2396=ORIENTED_EDGE('',*,*,#1878,.T.);
#2397=ORIENTED_EDGE('',*,*,#1853,.F.);
#2398=ORIENTED_EDGE('',*,*,#1879,.T.);
#2399=ORIENTED_EDGE('',*,*,#1880,.F.);
#2400=ORIENTED_EDGE('',*,*,#1881,.T.);
#2401=ORIENTED_EDGE('',*,*,#1851,.F.);
#2402=ORIENTED_EDGE('',*,*,#1882,.T.);
#2403=ORIENTED_EDGE('',*,*,#1867,.F.);
#2404=ORIENTED_EDGE('',*,*,#1863,.F.);
#2405=ORIENTED_EDGE('',*,*,#1871,.F.);
#2406=ORIENTED_EDGE('',*,*,#1883,.F.);
#2407=ORIENTED_EDGE('',*,*,#1872,.F.);
#2408=ORIENTED_EDGE('',*,*,#1873,.F.);
#2409=ORIENTED_EDGE('',*,*,#1881,.F.);
#2410=ORIENTED_EDGE('',*,*,#1884,.F.);
#2411=ORIENTED_EDGE('',*,*,#1864,.F.);
#2412=ORIENTED_EDGE('',*,*,#1869,.F.);
#2413=ORIENTED_EDGE('',*,*,#1879,.F.);
#2414=ORIENTED_EDGE('',*,*,#1874,.F.);
#2415=ORIENTED_EDGE('',*,*,#1885,.F.);
#2416=ORIENTED_EDGE('',*,*,#1886,.F.);
#2417=ORIENTED_EDGE('',*,*,#1887,.F.);
#2418=ORIENTED_EDGE('',*,*,#1836,.F.);
#2419=ORIENTED_EDGE('',*,*,#1885,.T.);
#2420=ORIENTED_EDGE('',*,*,#1835,.T.);
#2421=ORIENTED_EDGE('',*,*,#1850,.T.);
#2422=ORIENTED_EDGE('',*,*,#1888,.F.);
#2423=ORIENTED_EDGE('',*,*,#1887,.T.);
#2424=ORIENTED_EDGE('',*,*,#1889,.T.);
#2425=ORIENTED_EDGE('',*,*,#1847,.T.);
#2426=ORIENTED_EDGE('',*,*,#1837,.F.);
#2427=ORIENTED_EDGE('',*,*,#1841,.F.);
#2428=ORIENTED_EDGE('',*,*,#1844,.F.);
#2429=ORIENTED_EDGE('',*,*,#1848,.T.);
#2430=ORIENTED_EDGE('',*,*,#1889,.F.);
#2431=ORIENTED_EDGE('',*,*,#1886,.T.);
#2432=ORIENTED_EDGE('',*,*,#1888,.T.);
#2433=ORIENTED_EDGE('',*,*,#1849,.T.);
#2434=ORIENTED_EDGE('',*,*,#1845,.T.);
#2435=ORIENTED_EDGE('',*,*,#1866,.F.);
#2436=ORIENTED_EDGE('',*,*,#1890,.F.);
#2437=ORIENTED_EDGE('',*,*,#1877,.F.);
#2438=ORIENTED_EDGE('',*,*,#1868,.F.);
#2439=ORIENTED_EDGE('',*,*,#1876,.F.);
#2440=ORIENTED_EDGE('',*,*,#1891,.F.);
#2441=ORIENTED_EDGE('',*,*,#1882,.F.);
#2442=ORIENTED_EDGE('',*,*,#1878,.F.);
#2443=ORIENTED_EDGE('',*,*,#1892,.F.);
#2444=ORIENTED_EDGE('',*,*,#1893,.F.);
#2445=ORIENTED_EDGE('',*,*,#1894,.T.);
#2446=ORIENTED_EDGE('',*,*,#1895,.F.);
#2447=ORIENTED_EDGE('',*,*,#1896,.T.);
#2448=ORIENTED_EDGE('',*,*,#1897,.T.);
#2449=ORIENTED_EDGE('',*,*,#1898,.T.);
#2450=ORIENTED_EDGE('',*,*,#1899,.T.);
#2451=ORIENTED_EDGE('',*,*,#1892,.T.);
#2452=ORIENTED_EDGE('',*,*,#1900,.T.);
#2453=ORIENTED_EDGE('',*,*,#1901,.T.);
#2454=ORIENTED_EDGE('',*,*,#1902,.T.);
#2455=ORIENTED_EDGE('',*,*,#1900,.F.);
#2456=ORIENTED_EDGE('',*,*,#1899,.F.);
#2457=ORIENTED_EDGE('',*,*,#1903,.F.);
#2458=ORIENTED_EDGE('',*,*,#1904,.T.);
#2459=ORIENTED_EDGE('',*,*,#1902,.F.);
#2460=ORIENTED_EDGE('',*,*,#1905,.F.);
#2461=ORIENTED_EDGE('',*,*,#1906,.F.);
#2462=ORIENTED_EDGE('',*,*,#1893,.T.);
#2463=ORIENTED_EDGE('',*,*,#1906,.T.);
#2464=ORIENTED_EDGE('',*,*,#1907,.F.);
#2465=ORIENTED_EDGE('',*,*,#1908,.F.);
#2466=ORIENTED_EDGE('',*,*,#1894,.F.);
#2467=ORIENTED_EDGE('',*,*,#1909,.T.);
#2468=ORIENTED_EDGE('',*,*,#1910,.F.);
#2469=ORIENTED_EDGE('',*,*,#1911,.T.);
#2470=ORIENTED_EDGE('',*,*,#1912,.T.);
#2471=ORIENTED_EDGE('',*,*,#1913,.F.);
#2472=ORIENTED_EDGE('',*,*,#1914,.T.);
#2473=ORIENTED_EDGE('',*,*,#1915,.T.);
#2474=ORIENTED_EDGE('',*,*,#1916,.F.);
#2475=ORIENTED_EDGE('',*,*,#1917,.T.);
#2476=ORIENTED_EDGE('',*,*,#1918,.T.);
#2477=ORIENTED_EDGE('',*,*,#1919,.F.);
#2478=ORIENTED_EDGE('',*,*,#1920,.T.);
#2479=ORIENTED_EDGE('',*,*,#1916,.T.);
#2480=ORIENTED_EDGE('',*,*,#1921,.T.);
#2481=ORIENTED_EDGE('',*,*,#1919,.T.);
#2482=ORIENTED_EDGE('',*,*,#1922,.T.);
#2483=ORIENTED_EDGE('',*,*,#1923,.F.);
#2484=ORIENTED_EDGE('',*,*,#1924,.T.);
#2485=ORIENTED_EDGE('',*,*,#1920,.F.);
#2486=ORIENTED_EDGE('',*,*,#1925,.T.);
#2487=ORIENTED_EDGE('',*,*,#1918,.F.);
#2488=ORIENTED_EDGE('',*,*,#1926,.T.);
#2489=ORIENTED_EDGE('',*,*,#1913,.T.);
#2490=ORIENTED_EDGE('',*,*,#1927,.T.);
#2491=ORIENTED_EDGE('',*,*,#1928,.F.);
#2492=ORIENTED_EDGE('',*,*,#1929,.T.);
#2493=ORIENTED_EDGE('',*,*,#1915,.F.);
#2494=ORIENTED_EDGE('',*,*,#1930,.T.);
#2495=ORIENTED_EDGE('',*,*,#1910,.T.);
#2496=ORIENTED_EDGE('',*,*,#1931,.T.);
#2497=ORIENTED_EDGE('',*,*,#1917,.F.);
#2498=ORIENTED_EDGE('',*,*,#1932,.T.);
#2499=ORIENTED_EDGE('',*,*,#1933,.F.);
#2500=ORIENTED_EDGE('',*,*,#1934,.T.);
#2501=ORIENTED_EDGE('',*,*,#1914,.F.);
#2502=ORIENTED_EDGE('',*,*,#1935,.T.);
#2503=ORIENTED_EDGE('',*,*,#1912,.F.);
#2504=ORIENTED_EDGE('',*,*,#1936,.T.);
#2505=ORIENTED_EDGE('',*,*,#1911,.F.);
#2506=ORIENTED_EDGE('',*,*,#1937,.T.);
#2507=ORIENTED_EDGE('',*,*,#1938,.F.);
#2508=ORIENTED_EDGE('',*,*,#1939,.T.);
#2509=ORIENTED_EDGE('',*,*,#1909,.F.);
#2510=ORIENTED_EDGE('',*,*,#1940,.T.);
#2511=ORIENTED_EDGE('',*,*,#1925,.F.);
#2512=ORIENTED_EDGE('',*,*,#1921,.F.);
#2513=ORIENTED_EDGE('',*,*,#1929,.F.);
#2514=ORIENTED_EDGE('',*,*,#1941,.F.);
#2515=ORIENTED_EDGE('',*,*,#1930,.F.);
#2516=ORIENTED_EDGE('',*,*,#1931,.F.);
#2517=ORIENTED_EDGE('',*,*,#1939,.F.);
#2518=ORIENTED_EDGE('',*,*,#1942,.F.);
#2519=ORIENTED_EDGE('',*,*,#1922,.F.);
#2520=ORIENTED_EDGE('',*,*,#1927,.F.);
#2521=ORIENTED_EDGE('',*,*,#1937,.F.);
#2522=ORIENTED_EDGE('',*,*,#1932,.F.);
#2523=ORIENTED_EDGE('',*,*,#1943,.F.);
#2524=ORIENTED_EDGE('',*,*,#1944,.F.);
#2525=ORIENTED_EDGE('',*,*,#1945,.F.);
#2526=ORIENTED_EDGE('',*,*,#1896,.F.);
#2527=ORIENTED_EDGE('',*,*,#1943,.T.);
#2528=ORIENTED_EDGE('',*,*,#1895,.T.);
#2529=ORIENTED_EDGE('',*,*,#1908,.T.);
#2530=ORIENTED_EDGE('',*,*,#1946,.F.);
#2531=ORIENTED_EDGE('',*,*,#1901,.F.);
#2532=ORIENTED_EDGE('',*,*,#1904,.F.);
#2533=ORIENTED_EDGE('',*,*,#1947,.T.);
#2534=ORIENTED_EDGE('',*,*,#1948,.F.);
#2535=ORIENTED_EDGE('',*,*,#1944,.T.);
#2536=ORIENTED_EDGE('',*,*,#1946,.T.);
#2537=ORIENTED_EDGE('',*,*,#1907,.T.);
#2538=ORIENTED_EDGE('',*,*,#1905,.T.);
#2539=ORIENTED_EDGE('',*,*,#1945,.T.);
#2540=ORIENTED_EDGE('',*,*,#1948,.T.);
#2541=ORIENTED_EDGE('',*,*,#1949,.T.);
#2542=ORIENTED_EDGE('',*,*,#1897,.F.);
#2543=ORIENTED_EDGE('',*,*,#1903,.T.);
#2544=ORIENTED_EDGE('',*,*,#1898,.F.);
#2545=ORIENTED_EDGE('',*,*,#1949,.F.);
#2546=ORIENTED_EDGE('',*,*,#1947,.F.);
#2547=ORIENTED_EDGE('',*,*,#1924,.F.);
#2548=ORIENTED_EDGE('',*,*,#1950,.F.);
#2549=ORIENTED_EDGE('',*,*,#1935,.F.);
#2550=ORIENTED_EDGE('',*,*,#1926,.F.);
#2551=ORIENTED_EDGE('',*,*,#1934,.F.);
#2552=ORIENTED_EDGE('',*,*,#1951,.F.);
#2553=ORIENTED_EDGE('',*,*,#1940,.F.);
#2554=ORIENTED_EDGE('',*,*,#1936,.F.);
#2555=ORIENTED_EDGE('',*,*,#1952,.F.);
#2556=ORIENTED_EDGE('',*,*,#1953,.F.);
#2557=ORIENTED_EDGE('',*,*,#1954,.T.);
#2558=ORIENTED_EDGE('',*,*,#1955,.F.);
#2559=ORIENTED_EDGE('',*,*,#1956,.T.);
#2560=ORIENTED_EDGE('',*,*,#1957,.T.);
#2561=ORIENTED_EDGE('',*,*,#1958,.T.);
#2562=ORIENTED_EDGE('',*,*,#1959,.T.);
#2563=ORIENTED_EDGE('',*,*,#1952,.T.);
#2564=ORIENTED_EDGE('',*,*,#1960,.T.);
#2565=ORIENTED_EDGE('',*,*,#1961,.T.);
#2566=ORIENTED_EDGE('',*,*,#1962,.T.);
#2567=ORIENTED_EDGE('',*,*,#1960,.F.);
#2568=ORIENTED_EDGE('',*,*,#1959,.F.);
#2569=ORIENTED_EDGE('',*,*,#1963,.F.);
#2570=ORIENTED_EDGE('',*,*,#1964,.T.);
#2571=ORIENTED_EDGE('',*,*,#1962,.F.);
#2572=ORIENTED_EDGE('',*,*,#1965,.F.);
#2573=ORIENTED_EDGE('',*,*,#1966,.F.);
#2574=ORIENTED_EDGE('',*,*,#1953,.T.);
#2575=ORIENTED_EDGE('',*,*,#1966,.T.);
#2576=ORIENTED_EDGE('',*,*,#1967,.F.);
#2577=ORIENTED_EDGE('',*,*,#1968,.F.);
#2578=ORIENTED_EDGE('',*,*,#1954,.F.);
#2579=ORIENTED_EDGE('',*,*,#1969,.T.);
#2580=ORIENTED_EDGE('',*,*,#1970,.F.);
#2581=ORIENTED_EDGE('',*,*,#1971,.F.);
#2582=ORIENTED_EDGE('',*,*,#1972,.T.);
#2583=ORIENTED_EDGE('',*,*,#1973,.F.);
#2584=ORIENTED_EDGE('',*,*,#1974,.T.);
#2585=ORIENTED_EDGE('',*,*,#1975,.T.);
#2586=ORIENTED_EDGE('',*,*,#1976,.F.);
#2587=ORIENTED_EDGE('',*,*,#1977,.T.);
#2588=ORIENTED_EDGE('',*,*,#1978,.T.);
#2589=ORIENTED_EDGE('',*,*,#1979,.F.);
#2590=ORIENTED_EDGE('',*,*,#1980,.T.);
#2591=ORIENTED_EDGE('',*,*,#1981,.F.);
#2592=ORIENTED_EDGE('',*,*,#1982,.T.);
#2593=ORIENTED_EDGE('',*,*,#1979,.T.);
#2594=ORIENTED_EDGE('',*,*,#1983,.T.);
#2595=ORIENTED_EDGE('',*,*,#1980,.F.);
#2596=ORIENTED_EDGE('',*,*,#1984,.T.);
#2597=ORIENTED_EDGE('',*,*,#1976,.T.);
#2598=ORIENTED_EDGE('',*,*,#1985,.T.);
#2599=ORIENTED_EDGE('',*,*,#1973,.T.);
#2600=ORIENTED_EDGE('',*,*,#1986,.T.);
#2601=ORIENTED_EDGE('',*,*,#1978,.F.);
#2602=ORIENTED_EDGE('',*,*,#1987,.T.);
#2603=ORIENTED_EDGE('',*,*,#1988,.F.);
#2604=ORIENTED_EDGE('',*,*,#1989,.T.);
#2605=ORIENTED_EDGE('',*,*,#1977,.F.);
#2606=ORIENTED_EDGE('',*,*,#1990,.T.);
#2607=ORIENTED_EDGE('',*,*,#1975,.F.);
#2608=ORIENTED_EDGE('',*,*,#1991,.T.);
#2609=ORIENTED_EDGE('',*,*,#1971,.T.);
#2610=ORIENTED_EDGE('',*,*,#1992,.T.);
#2611=ORIENTED_EDGE('',*,*,#1993,.F.);
#2612=ORIENTED_EDGE('',*,*,#1994,.T.);
#2613=ORIENTED_EDGE('',*,*,#1972,.F.);
#2614=ORIENTED_EDGE('',*,*,#1995,.T.);
#2615=ORIENTED_EDGE('',*,*,#1970,.T.);
#2616=ORIENTED_EDGE('',*,*,#1996,.T.);
#2617=ORIENTED_EDGE('',*,*,#1974,.F.);
#2618=ORIENTED_EDGE('',*,*,#1997,.T.);
#2619=ORIENTED_EDGE('',*,*,#1998,.F.);
#2620=ORIENTED_EDGE('',*,*,#1999,.T.);
#2621=ORIENTED_EDGE('',*,*,#1969,.F.);
#2622=ORIENTED_EDGE('',*,*,#2000,.T.);
#2623=ORIENTED_EDGE('',*,*,#1983,.F.);
#2624=ORIENTED_EDGE('',*,*,#1986,.F.);
#2625=ORIENTED_EDGE('',*,*,#1994,.F.);
#2626=ORIENTED_EDGE('',*,*,#2001,.F.);
#2627=ORIENTED_EDGE('',*,*,#1995,.F.);
#2628=ORIENTED_EDGE('',*,*,#1996,.F.);
#2629=ORIENTED_EDGE('',*,*,#1999,.F.);
#2630=ORIENTED_EDGE('',*,*,#2002,.F.);
#2631=ORIENTED_EDGE('',*,*,#1985,.F.);
#2632=ORIENTED_EDGE('',*,*,#1992,.F.);
#2633=ORIENTED_EDGE('',*,*,#1997,.F.);
#2634=ORIENTED_EDGE('',*,*,#1987,.F.);
#2635=ORIENTED_EDGE('',*,*,#2003,.F.);
#2636=ORIENTED_EDGE('',*,*,#2004,.F.);
#2637=ORIENTED_EDGE('',*,*,#2005,.F.);
#2638=ORIENTED_EDGE('',*,*,#1956,.F.);
#2639=ORIENTED_EDGE('',*,*,#2003,.T.);
#2640=ORIENTED_EDGE('',*,*,#1955,.T.);
#2641=ORIENTED_EDGE('',*,*,#1968,.T.);
#2642=ORIENTED_EDGE('',*,*,#2006,.F.);
#2643=ORIENTED_EDGE('',*,*,#1961,.F.);
#2644=ORIENTED_EDGE('',*,*,#1964,.F.);
#2645=ORIENTED_EDGE('',*,*,#2007,.T.);
#2646=ORIENTED_EDGE('',*,*,#2008,.F.);
#2647=ORIENTED_EDGE('',*,*,#2004,.T.);
#2648=ORIENTED_EDGE('',*,*,#2006,.T.);
#2649=ORIENTED_EDGE('',*,*,#1967,.T.);
#2650=ORIENTED_EDGE('',*,*,#1965,.T.);
#2651=ORIENTED_EDGE('',*,*,#2005,.T.);
#2652=ORIENTED_EDGE('',*,*,#2008,.T.);
#2653=ORIENTED_EDGE('',*,*,#2009,.T.);
#2654=ORIENTED_EDGE('',*,*,#1957,.F.);
#2655=ORIENTED_EDGE('',*,*,#1963,.T.);
#2656=ORIENTED_EDGE('',*,*,#1958,.F.);
#2657=ORIENTED_EDGE('',*,*,#2009,.F.);
#2658=ORIENTED_EDGE('',*,*,#2007,.F.);
#2659=ORIENTED_EDGE('',*,*,#1989,.F.);
#2660=ORIENTED_EDGE('',*,*,#2010,.F.);
#2661=ORIENTED_EDGE('',*,*,#2000,.F.);
#2662=ORIENTED_EDGE('',*,*,#1991,.F.);
#2663=ORIENTED_EDGE('',*,*,#1982,.F.);
#2664=ORIENTED_EDGE('',*,*,#2011,.F.);
#2665=ORIENTED_EDGE('',*,*,#1990,.F.);
#2666=ORIENTED_EDGE('',*,*,#1984,.F.);
#2667=ORIENTED_EDGE('',*,*,#2012,.F.);
#2668=ORIENTED_EDGE('',*,*,#2013,.F.);
#2669=ORIENTED_EDGE('',*,*,#2014,.F.);
#2670=ORIENTED_EDGE('',*,*,#2015,.T.);
#2671=ORIENTED_EDGE('',*,*,#2016,.F.);
#2672=ORIENTED_EDGE('',*,*,#2017,.T.);
#2673=ORIENTED_EDGE('',*,*,#2018,.F.);
#2674=ORIENTED_EDGE('',*,*,#2019,.F.);
#2675=ORIENTED_EDGE('',*,*,#2020,.F.);
#2676=ORIENTED_EDGE('',*,*,#2021,.F.);
#2677=ORIENTED_EDGE('',*,*,#2022,.T.);
#2678=ORIENTED_EDGE('',*,*,#2023,.F.);
#2679=ORIENTED_EDGE('',*,*,#2015,.F.);
#2680=ORIENTED_EDGE('',*,*,#2024,.F.);
#2681=ORIENTED_EDGE('',*,*,#2022,.F.);
#2682=ORIENTED_EDGE('',*,*,#2025,.F.);
#2683=ORIENTED_EDGE('',*,*,#2026,.F.);
#2684=ORIENTED_EDGE('',*,*,#2027,.F.);
#2685=ORIENTED_EDGE('',*,*,#2028,.T.);
#2686=ORIENTED_EDGE('',*,*,#2029,.T.);
#2687=ORIENTED_EDGE('',*,*,#2030,.T.);
#2688=ORIENTED_EDGE('',*,*,#2031,.T.);
#2689=ORIENTED_EDGE('',*,*,#2012,.T.);
#2690=ORIENTED_EDGE('',*,*,#2032,.T.);
#2691=ORIENTED_EDGE('',*,*,#2032,.F.);
#2692=ORIENTED_EDGE('',*,*,#2013,.T.);
#2693=ORIENTED_EDGE('',*,*,#2031,.F.);
#2694=ORIENTED_EDGE('',*,*,#2033,.F.);
#2695=ORIENTED_EDGE('',*,*,#2034,.F.);
#2696=ORIENTED_EDGE('',*,*,#2035,.T.);
#2697=ORIENTED_EDGE('',*,*,#2028,.F.);
#2698=ORIENTED_EDGE('',*,*,#2035,.F.);
#2699=ORIENTED_EDGE('',*,*,#2036,.F.);
#2700=ORIENTED_EDGE('',*,*,#2037,.T.);
#2701=ORIENTED_EDGE('',*,*,#2030,.F.);
#2702=ORIENTED_EDGE('',*,*,#2038,.F.);
#2703=ORIENTED_EDGE('',*,*,#2039,.F.);
#2704=ORIENTED_EDGE('',*,*,#2033,.T.);
#2705=ORIENTED_EDGE('',*,*,#2029,.F.);
#2706=ORIENTED_EDGE('',*,*,#2037,.F.);
#2707=ORIENTED_EDGE('',*,*,#2040,.F.);
#2708=ORIENTED_EDGE('',*,*,#2020,.T.);
#2709=ORIENTED_EDGE('',*,*,#2041,.F.);
#2710=ORIENTED_EDGE('',*,*,#2018,.T.);
#2711=ORIENTED_EDGE('',*,*,#2042,.F.);
#2712=ORIENTED_EDGE('',*,*,#2038,.T.);
#2713=ORIENTED_EDGE('',*,*,#2043,.F.);
#2714=ORIENTED_EDGE('',*,*,#2044,.T.);
#2715=ORIENTED_EDGE('',*,*,#2045,.F.);
#2716=ORIENTED_EDGE('',*,*,#2046,.T.);
#2717=ORIENTED_EDGE('',*,*,#2027,.T.);
#2718=ORIENTED_EDGE('',*,*,#2026,.T.);
#2719=ORIENTED_EDGE('',*,*,#2047,.T.);
#2720=ORIENTED_EDGE('',*,*,#2048,.F.);
#2721=ORIENTED_EDGE('',*,*,#2044,.F.);
#2722=ORIENTED_EDGE('',*,*,#2049,.F.);
#2723=ORIENTED_EDGE('',*,*,#2050,.F.);
#2724=ORIENTED_EDGE('',*,*,#2051,.T.);
#2725=ORIENTED_EDGE('',*,*,#2043,.T.);
#2726=ORIENTED_EDGE('',*,*,#2051,.F.);
#2727=ORIENTED_EDGE('',*,*,#2041,.T.);
#2728=ORIENTED_EDGE('',*,*,#2052,.F.);
#2729=ORIENTED_EDGE('',*,*,#2053,.T.);
#2730=ORIENTED_EDGE('',*,*,#2054,.T.);
#2731=ORIENTED_EDGE('',*,*,#2055,.F.);
#2732=ORIENTED_EDGE('',*,*,#2056,.T.);
#2733=ORIENTED_EDGE('',*,*,#2040,.T.);
#2734=ORIENTED_EDGE('',*,*,#2036,.T.);
#2735=ORIENTED_EDGE('',*,*,#2034,.T.);
#2736=ORIENTED_EDGE('',*,*,#2039,.T.);
#2737=ORIENTED_EDGE('',*,*,#2042,.T.);
#2738=ORIENTED_EDGE('',*,*,#2057,.T.);
#2739=ORIENTED_EDGE('',*,*,#2058,.T.);
#2740=ORIENTED_EDGE('',*,*,#2059,.T.);
#2741=ORIENTED_EDGE('',*,*,#2060,.F.);
#2742=ORIENTED_EDGE('',*,*,#2061,.F.);
#2743=ORIENTED_EDGE('',*,*,#2025,.T.);
#2744=ORIENTED_EDGE('',*,*,#2046,.F.);
#2745=ORIENTED_EDGE('',*,*,#2062,.F.);
#2746=ORIENTED_EDGE('',*,*,#2063,.T.);
#2747=ORIENTED_EDGE('',*,*,#2064,.T.);
#2748=ORIENTED_EDGE('',*,*,#2065,.F.);
#2749=ORIENTED_EDGE('',*,*,#2047,.F.);
#2750=ORIENTED_EDGE('',*,*,#2066,.F.);
#2751=ORIENTED_EDGE('',*,*,#2064,.F.);
#2752=ORIENTED_EDGE('',*,*,#2067,.T.);
#2753=ORIENTED_EDGE('',*,*,#2068,.F.);
#2754=ORIENTED_EDGE('',*,*,#2067,.F.);
#2755=ORIENTED_EDGE('',*,*,#2063,.F.);
#2756=ORIENTED_EDGE('',*,*,#2068,.T.);
#2757=ORIENTED_EDGE('',*,*,#1828,.T.);
#2758=ORIENTED_EDGE('',*,*,#2069,.T.);
#2759=ORIENTED_EDGE('',*,*,#1830,.F.);
#2760=ORIENTED_EDGE('',*,*,#2070,.T.);
#2761=ORIENTED_EDGE('',*,*,#1831,.F.);
#2762=ORIENTED_EDGE('',*,*,#2069,.F.);
#2763=ORIENTED_EDGE('',*,*,#2071,.T.);
#2764=ORIENTED_EDGE('',*,*,#2016,.T.);
#2765=ORIENTED_EDGE('',*,*,#2023,.T.);
#2766=ORIENTED_EDGE('',*,*,#2072,.T.);
#2767=ORIENTED_EDGE('',*,*,#2050,.T.);
#2768=ORIENTED_EDGE('',*,*,#2049,.T.);
#2769=ORIENTED_EDGE('',*,*,#2072,.F.);
#2770=ORIENTED_EDGE('',*,*,#2024,.T.);
#2771=ORIENTED_EDGE('',*,*,#2014,.T.);
#2772=ORIENTED_EDGE('',*,*,#2071,.F.);
#2773=ORIENTED_EDGE('',*,*,#2070,.F.);
#2774=ORIENTED_EDGE('',*,*,#1829,.F.);
#2775=ORIENTED_EDGE('',*,*,#2073,.F.);
#2776=ORIENTED_EDGE('',*,*,#2074,.F.);
#2777=ORIENTED_EDGE('',*,*,#2075,.F.);
#2778=ORIENTED_EDGE('',*,*,#2076,.F.);
#2779=ORIENTED_EDGE('',*,*,#2077,.F.);
#2780=ORIENTED_EDGE('',*,*,#2078,.F.);
#2781=ORIENTED_EDGE('',*,*,#2079,.F.);
#2782=ORIENTED_EDGE('',*,*,#2080,.F.);
#2783=ORIENTED_EDGE('',*,*,#2081,.F.);
#2784=ORIENTED_EDGE('',*,*,#2082,.F.);
#2785=ORIENTED_EDGE('',*,*,#2083,.F.);
#2786=ORIENTED_EDGE('',*,*,#2084,.F.);
#2787=ORIENTED_EDGE('',*,*,#2085,.F.);
#2788=ORIENTED_EDGE('',*,*,#2086,.F.);
#2789=ORIENTED_EDGE('',*,*,#2087,.F.);
#2790=ORIENTED_EDGE('',*,*,#2088,.F.);
#2791=ORIENTED_EDGE('',*,*,#2089,.F.);
#2792=ORIENTED_EDGE('',*,*,#2090,.F.);
#2793=ORIENTED_EDGE('',*,*,#2091,.F.);
#2794=ORIENTED_EDGE('',*,*,#2092,.F.);
#2795=ORIENTED_EDGE('',*,*,#2093,.T.);
#2796=ORIENTED_EDGE('',*,*,#2094,.T.);
#2797=ORIENTED_EDGE('',*,*,#2095,.F.);
#2798=ORIENTED_EDGE('',*,*,#2096,.T.);
#2799=ORIENTED_EDGE('',*,*,#2097,.T.);
#2800=ORIENTED_EDGE('',*,*,#2098,.F.);
#2801=ORIENTED_EDGE('',*,*,#2086,.T.);
#2802=ORIENTED_EDGE('',*,*,#2099,.T.);
#2803=ORIENTED_EDGE('',*,*,#2100,.T.);
#2804=ORIENTED_EDGE('',*,*,#2101,.T.);
#2805=ORIENTED_EDGE('',*,*,#2102,.F.);
#2806=ORIENTED_EDGE('',*,*,#2103,.F.);
#2807=ORIENTED_EDGE('',*,*,#2100,.F.);
#2808=ORIENTED_EDGE('',*,*,#2104,.F.);
#2809=ORIENTED_EDGE('',*,*,#2105,.F.);
#2810=ORIENTED_EDGE('',*,*,#2106,.T.);
#2811=ORIENTED_EDGE('',*,*,#2107,.T.);
#2812=ORIENTED_EDGE('',*,*,#2081,.T.);
#2813=ORIENTED_EDGE('',*,*,#2108,.T.);
#2814=ORIENTED_EDGE('',*,*,#2109,.F.);
#2815=ORIENTED_EDGE('',*,*,#2110,.F.);
#2816=ORIENTED_EDGE('',*,*,#2106,.F.);
#2817=ORIENTED_EDGE('',*,*,#2111,.F.);
#2818=ORIENTED_EDGE('',*,*,#2112,.F.);
#2819=ORIENTED_EDGE('',*,*,#2091,.T.);
#2820=ORIENTED_EDGE('',*,*,#2113,.T.);
#2821=ORIENTED_EDGE('',*,*,#2114,.T.);
#2822=ORIENTED_EDGE('',*,*,#2115,.T.);
#2823=ORIENTED_EDGE('',*,*,#2116,.F.);
#2824=ORIENTED_EDGE('',*,*,#2117,.F.);
#2825=ORIENTED_EDGE('',*,*,#2114,.F.);
#2826=ORIENTED_EDGE('',*,*,#2118,.F.);
#2827=ORIENTED_EDGE('',*,*,#2119,.F.);
#2828=ORIENTED_EDGE('',*,*,#2120,.T.);
#2829=ORIENTED_EDGE('',*,*,#2121,.T.);
#2830=ORIENTED_EDGE('',*,*,#2076,.T.);
#2831=ORIENTED_EDGE('',*,*,#2122,.T.);
#2832=ORIENTED_EDGE('',*,*,#2123,.F.);
#2833=ORIENTED_EDGE('',*,*,#2124,.F.);
#2834=ORIENTED_EDGE('',*,*,#2120,.F.);
#2835=ORIENTED_EDGE('',*,*,#2125,.F.);
#2836=ORIENTED_EDGE('',*,*,#2126,.F.);
#2837=ORIENTED_EDGE('',*,*,#2127,.F.);
#2838=ORIENTED_EDGE('',*,*,#2128,.F.);
#2839=ORIENTED_EDGE('',*,*,#2129,.F.);
#2840=ORIENTED_EDGE('',*,*,#2089,.T.);
#2841=ORIENTED_EDGE('',*,*,#2130,.F.);
#2842=ORIENTED_EDGE('',*,*,#2112,.T.);
#2843=ORIENTED_EDGE('',*,*,#2131,.F.);
#2844=ORIENTED_EDGE('',*,*,#2132,.F.);
#2845=ORIENTED_EDGE('',*,*,#2133,.F.);
#2846=ORIENTED_EDGE('',*,*,#2119,.T.);
#2847=ORIENTED_EDGE('',*,*,#2134,.F.);
#2848=ORIENTED_EDGE('',*,*,#2079,.T.);
#2849=ORIENTED_EDGE('',*,*,#2135,.F.);
#2850=ORIENTED_EDGE('',*,*,#2126,.T.);
#2851=ORIENTED_EDGE('',*,*,#2136,.F.);
#2852=ORIENTED_EDGE('',*,*,#2137,.F.);
#2853=ORIENTED_EDGE('',*,*,#2138,.F.);
#2854=ORIENTED_EDGE('',*,*,#2105,.T.);
#2855=ORIENTED_EDGE('',*,*,#2139,.F.);
#2856=ORIENTED_EDGE('',*,*,#2074,.T.);
#2857=ORIENTED_EDGE('',*,*,#2140,.F.);
#2858=ORIENTED_EDGE('',*,*,#2141,.F.);
#2859=ORIENTED_EDGE('',*,*,#2142,.F.);
#2860=ORIENTED_EDGE('',*,*,#2084,.T.);
#2861=ORIENTED_EDGE('',*,*,#2143,.T.);
#2862=ORIENTED_EDGE('',*,*,#2144,.F.);
#2863=ORIENTED_EDGE('',*,*,#2145,.T.);
#2864=ORIENTED_EDGE('',*,*,#2146,.T.);
#2865=ORIENTED_EDGE('',*,*,#2147,.F.);
#2866=ORIENTED_EDGE('',*,*,#2148,.F.);
#2867=ORIENTED_EDGE('',*,*,#2149,.T.);
#2868=ORIENTED_EDGE('',*,*,#2150,.T.);
#2869=ORIENTED_EDGE('',*,*,#2151,.F.);
#2870=ORIENTED_EDGE('',*,*,#2152,.F.);
#2871=ORIENTED_EDGE('',*,*,#2147,.T.);
#2872=ORIENTED_EDGE('',*,*,#2153,.T.);
#2873=ORIENTED_EDGE('',*,*,#2154,.F.);
#2874=ORIENTED_EDGE('',*,*,#2155,.F.);
#2875=ORIENTED_EDGE('',*,*,#2151,.T.);
#2876=ORIENTED_EDGE('',*,*,#2156,.T.);
#2877=ORIENTED_EDGE('',*,*,#2157,.F.);
#2878=ORIENTED_EDGE('',*,*,#2158,.F.);
#2879=ORIENTED_EDGE('',*,*,#2154,.T.);
#2880=ORIENTED_EDGE('',*,*,#2159,.T.);
#2881=ORIENTED_EDGE('',*,*,#2160,.F.);
#2882=ORIENTED_EDGE('',*,*,#2161,.F.);
#2883=ORIENTED_EDGE('',*,*,#2157,.T.);
#2884=ORIENTED_EDGE('',*,*,#2162,.T.);
#2885=ORIENTED_EDGE('',*,*,#2163,.F.);
#2886=ORIENTED_EDGE('',*,*,#2164,.F.);
#2887=ORIENTED_EDGE('',*,*,#2160,.T.);
#2888=ORIENTED_EDGE('',*,*,#2165,.T.);
#2889=ORIENTED_EDGE('',*,*,#2166,.F.);
#2890=ORIENTED_EDGE('',*,*,#2167,.F.);
#2891=ORIENTED_EDGE('',*,*,#2163,.T.);
#2892=ORIENTED_EDGE('',*,*,#2168,.T.);
#2893=ORIENTED_EDGE('',*,*,#2169,.F.);
#2894=ORIENTED_EDGE('',*,*,#2170,.F.);
#2895=ORIENTED_EDGE('',*,*,#2166,.T.);
#2896=ORIENTED_EDGE('',*,*,#2171,.T.);
#2897=ORIENTED_EDGE('',*,*,#2172,.F.);
#2898=ORIENTED_EDGE('',*,*,#2173,.F.);
#2899=ORIENTED_EDGE('',*,*,#2169,.T.);
#2900=ORIENTED_EDGE('',*,*,#2174,.T.);
#2901=ORIENTED_EDGE('',*,*,#2175,.F.);
#2902=ORIENTED_EDGE('',*,*,#2176,.F.);
#2903=ORIENTED_EDGE('',*,*,#2172,.T.);
#2904=ORIENTED_EDGE('',*,*,#2177,.T.);
#2905=ORIENTED_EDGE('',*,*,#2178,.F.);
#2906=ORIENTED_EDGE('',*,*,#2179,.F.);
#2907=ORIENTED_EDGE('',*,*,#2175,.T.);
#2908=ORIENTED_EDGE('',*,*,#2180,.T.);
#2909=ORIENTED_EDGE('',*,*,#2149,.F.);
#2910=ORIENTED_EDGE('',*,*,#2181,.F.);
#2911=ORIENTED_EDGE('',*,*,#2178,.T.);
#2912=ORIENTED_EDGE('',*,*,#2182,.F.);
#2913=ORIENTED_EDGE('',*,*,#2183,.F.);
#2914=ORIENTED_EDGE('',*,*,#2184,.F.);
#2915=ORIENTED_EDGE('',*,*,#2185,.T.);
#2916=ORIENTED_EDGE('',*,*,#2186,.F.);
#2917=ORIENTED_EDGE('',*,*,#2185,.F.);
#2918=ORIENTED_EDGE('',*,*,#2187,.F.);
#2919=ORIENTED_EDGE('',*,*,#2188,.T.);
#2920=ORIENTED_EDGE('',*,*,#2189,.F.);
#2921=ORIENTED_EDGE('',*,*,#2188,.F.);
#2922=ORIENTED_EDGE('',*,*,#2190,.F.);
#2923=ORIENTED_EDGE('',*,*,#2191,.T.);
#2924=ORIENTED_EDGE('',*,*,#2192,.F.);
#2925=ORIENTED_EDGE('',*,*,#2191,.F.);
#2926=ORIENTED_EDGE('',*,*,#2193,.F.);
#2927=ORIENTED_EDGE('',*,*,#2194,.T.);
#2928=ORIENTED_EDGE('',*,*,#2195,.F.);
#2929=ORIENTED_EDGE('',*,*,#2194,.F.);
#2930=ORIENTED_EDGE('',*,*,#2196,.F.);
#2931=ORIENTED_EDGE('',*,*,#2197,.T.);
#2932=ORIENTED_EDGE('',*,*,#2198,.F.);
#2933=ORIENTED_EDGE('',*,*,#2197,.F.);
#2934=ORIENTED_EDGE('',*,*,#2199,.F.);
#2935=ORIENTED_EDGE('',*,*,#2200,.T.);
#2936=ORIENTED_EDGE('',*,*,#2201,.F.);
#2937=ORIENTED_EDGE('',*,*,#2200,.F.);
#2938=ORIENTED_EDGE('',*,*,#2202,.F.);
#2939=ORIENTED_EDGE('',*,*,#2203,.T.);
#2940=ORIENTED_EDGE('',*,*,#2204,.F.);
#2941=ORIENTED_EDGE('',*,*,#2203,.F.);
#2942=ORIENTED_EDGE('',*,*,#2205,.F.);
#2943=ORIENTED_EDGE('',*,*,#2206,.T.);
#2944=ORIENTED_EDGE('',*,*,#2207,.F.);
#2945=ORIENTED_EDGE('',*,*,#2206,.F.);
#2946=ORIENTED_EDGE('',*,*,#2208,.F.);
#2947=ORIENTED_EDGE('',*,*,#2209,.T.);
#2948=ORIENTED_EDGE('',*,*,#2210,.F.);
#2949=ORIENTED_EDGE('',*,*,#2209,.F.);
#2950=ORIENTED_EDGE('',*,*,#2211,.F.);
#2951=ORIENTED_EDGE('',*,*,#2212,.T.);
#2952=ORIENTED_EDGE('',*,*,#2213,.F.);
#2953=ORIENTED_EDGE('',*,*,#2212,.F.);
#2954=ORIENTED_EDGE('',*,*,#2214,.F.);
#2955=ORIENTED_EDGE('',*,*,#2215,.T.);
#2956=ORIENTED_EDGE('',*,*,#2216,.F.);
#2957=ORIENTED_EDGE('',*,*,#2215,.F.);
#2958=ORIENTED_EDGE('',*,*,#2217,.F.);
#2959=ORIENTED_EDGE('',*,*,#2183,.T.);
#2960=ORIENTED_EDGE('',*,*,#2182,.T.);
#2961=ORIENTED_EDGE('',*,*,#2186,.T.);
#2962=ORIENTED_EDGE('',*,*,#2189,.T.);
#2963=ORIENTED_EDGE('',*,*,#2192,.T.);
#2964=ORIENTED_EDGE('',*,*,#2195,.T.);
#2965=ORIENTED_EDGE('',*,*,#2198,.T.);
#2966=ORIENTED_EDGE('',*,*,#2201,.T.);
#2967=ORIENTED_EDGE('',*,*,#2204,.T.);
#2968=ORIENTED_EDGE('',*,*,#2207,.T.);
#2969=ORIENTED_EDGE('',*,*,#2210,.T.);
#2970=ORIENTED_EDGE('',*,*,#2213,.T.);
#2971=ORIENTED_EDGE('',*,*,#2216,.T.);
#2972=ORIENTED_EDGE('',*,*,#2146,.F.);
#2973=ORIENTED_EDGE('',*,*,#2180,.F.);
#2974=ORIENTED_EDGE('',*,*,#2177,.F.);
#2975=ORIENTED_EDGE('',*,*,#2174,.F.);
#2976=ORIENTED_EDGE('',*,*,#2171,.F.);
#2977=ORIENTED_EDGE('',*,*,#2168,.F.);
#2978=ORIENTED_EDGE('',*,*,#2165,.F.);
#2979=ORIENTED_EDGE('',*,*,#2162,.F.);
#2980=ORIENTED_EDGE('',*,*,#2159,.F.);
#2981=ORIENTED_EDGE('',*,*,#2156,.F.);
#2982=ORIENTED_EDGE('',*,*,#2153,.F.);
#2983=ORIENTED_EDGE('',*,*,#2150,.F.);
#2984=ORIENTED_EDGE('',*,*,#2218,.T.);
#2985=ORIENTED_EDGE('',*,*,#2219,.F.);
#2986=ORIENTED_EDGE('',*,*,#2145,.F.);
#2987=ORIENTED_EDGE('',*,*,#2055,.T.);
#2988=ORIENTED_EDGE('',*,*,#2220,.T.);
#2989=ORIENTED_EDGE('',*,*,#2053,.F.);
#2990=ORIENTED_EDGE('',*,*,#2097,.F.);
#2991=ORIENTED_EDGE('',*,*,#2221,.F.);
#2992=ORIENTED_EDGE('',*,*,#2222,.T.);
#2993=ORIENTED_EDGE('',*,*,#2058,.F.);
#2994=ORIENTED_EDGE('',*,*,#2094,.F.);
#2995=ORIENTED_EDGE('',*,*,#2223,.F.);
#2996=ORIENTED_EDGE('',*,*,#2224,.T.);
#2997=ORIENTED_EDGE('',*,*,#2225,.F.);
#2998=ORIENTED_EDGE('',*,*,#2226,.F.);
#2999=ORIENTED_EDGE('',*,*,#2060,.T.);
#3000=ORIENTED_EDGE('',*,*,#2227,.T.);
#3001=ORIENTED_EDGE('',*,*,#2228,.F.);
#3002=ORIENTED_EDGE('',*,*,#2226,.T.);
#3003=ORIENTED_EDGE('',*,*,#2148,.T.);
#3004=ORIENTED_EDGE('',*,*,#2152,.T.);
#3005=ORIENTED_EDGE('',*,*,#2155,.T.);
#3006=ORIENTED_EDGE('',*,*,#2158,.T.);
#3007=ORIENTED_EDGE('',*,*,#2161,.T.);
#3008=ORIENTED_EDGE('',*,*,#2164,.T.);
#3009=ORIENTED_EDGE('',*,*,#2167,.T.);
#3010=ORIENTED_EDGE('',*,*,#2170,.T.);
#3011=ORIENTED_EDGE('',*,*,#2173,.T.);
#3012=ORIENTED_EDGE('',*,*,#2176,.T.);
#3013=ORIENTED_EDGE('',*,*,#2179,.T.);
#3014=ORIENTED_EDGE('',*,*,#2181,.T.);
#3015=ORIENTED_EDGE('',*,*,#2229,.F.);
#3016=ORIENTED_EDGE('',*,*,#2098,.T.);
#3017=ORIENTED_EDGE('',*,*,#2052,.T.);
#3018=ORIENTED_EDGE('',*,*,#2019,.T.);
#3019=ORIENTED_EDGE('',*,*,#2061,.T.);
#3020=ORIENTED_EDGE('',*,*,#2228,.T.);
#3021=ORIENTED_EDGE('',*,*,#2230,.F.);
#3022=ORIENTED_EDGE('',*,*,#2231,.F.);
#3023=ORIENTED_EDGE('',*,*,#2021,.T.);
#3024=ORIENTED_EDGE('',*,*,#2045,.T.);
#3025=ORIENTED_EDGE('',*,*,#2048,.T.);
#3026=ORIENTED_EDGE('',*,*,#2065,.T.);
#3027=ORIENTED_EDGE('',*,*,#2066,.T.);
#3028=ORIENTED_EDGE('',*,*,#2062,.T.);
#3029=ORIENTED_EDGE('',*,*,#2144,.T.);
#3030=ORIENTED_EDGE('',*,*,#2232,.F.);
#3031=ORIENTED_EDGE('',*,*,#2233,.T.);
#3032=ORIENTED_EDGE('',*,*,#2234,.F.);
#3033=ORIENTED_EDGE('',*,*,#2095,.T.);
#3034=ORIENTED_EDGE('',*,*,#2057,.F.);
#3035=ORIENTED_EDGE('',*,*,#2017,.F.);
#3036=ORIENTED_EDGE('',*,*,#2056,.F.);
#3037=ORIENTED_EDGE('',*,*,#2232,.T.);
#3038=ORIENTED_EDGE('',*,*,#2235,.T.);
#3039=ORIENTED_EDGE('',*,*,#2236,.F.);
#3040=ORIENTED_EDGE('',*,*,#2135,.T.);
#3041=ORIENTED_EDGE('',*,*,#2237,.F.);
#3042=ORIENTED_EDGE('',*,*,#2238,.F.);
#3043=ORIENTED_EDGE('',*,*,#2123,.T.);
#3044=ORIENTED_EDGE('',*,*,#2140,.T.);
#3045=ORIENTED_EDGE('',*,*,#2083,.T.);
#3046=ORIENTED_EDGE('',*,*,#2239,.F.);
#3047=ORIENTED_EDGE('',*,*,#2240,.T.);
#3048=ORIENTED_EDGE('',*,*,#2234,.T.);
#3049=ORIENTED_EDGE('',*,*,#2241,.T.);
#3050=ORIENTED_EDGE('',*,*,#2242,.T.);
#3051=ORIENTED_EDGE('',*,*,#2130,.T.);
#3052=ORIENTED_EDGE('',*,*,#2243,.F.);
#3053=ORIENTED_EDGE('',*,*,#2244,.F.);
#3054=ORIENTED_EDGE('',*,*,#2109,.T.);
#3055=ORIENTED_EDGE('',*,*,#2127,.T.);
#3056=ORIENTED_EDGE('',*,*,#2088,.T.);
#3057=ORIENTED_EDGE('',*,*,#2245,.F.);
#3058=ORIENTED_EDGE('',*,*,#2246,.T.);
#3059=ORIENTED_EDGE('',*,*,#2133,.T.);
#3060=ORIENTED_EDGE('',*,*,#2078,.T.);
#3061=ORIENTED_EDGE('',*,*,#2247,.F.);
#3062=ORIENTED_EDGE('',*,*,#2116,.T.);
#3063=ORIENTED_EDGE('',*,*,#2229,.T.);
#3064=ORIENTED_EDGE('',*,*,#2248,.T.);
#3065=ORIENTED_EDGE('',*,*,#2249,.T.);
#3066=ORIENTED_EDGE('',*,*,#2128,.T.);
#3067=ORIENTED_EDGE('',*,*,#2246,.F.);
#3068=ORIENTED_EDGE('',*,*,#2250,.F.);
#3069=ORIENTED_EDGE('',*,*,#2251,.T.);
#3070=ORIENTED_EDGE('',*,*,#2230,.T.);
#3071=ORIENTED_EDGE('',*,*,#2252,.T.);
#3072=ORIENTED_EDGE('',*,*,#2253,.F.);
#3073=ORIENTED_EDGE('',*,*,#2132,.T.);
#3074=ORIENTED_EDGE('',*,*,#2254,.F.);
#3075=ORIENTED_EDGE('',*,*,#2255,.F.);
#3076=ORIENTED_EDGE('',*,*,#2243,.T.);
#3077=ORIENTED_EDGE('',*,*,#2221,.T.);
#3078=ORIENTED_EDGE('',*,*,#2096,.F.);
#3079=ORIENTED_EDGE('',*,*,#2249,.F.);
#3080=ORIENTED_EDGE('',*,*,#2256,.F.);
#3081=ORIENTED_EDGE('',*,*,#2257,.F.);
#3082=ORIENTED_EDGE('',*,*,#2225,.T.);
#3083=ORIENTED_EDGE('',*,*,#2258,.F.);
#3084=ORIENTED_EDGE('',*,*,#2259,.F.);
#3085=ORIENTED_EDGE('',*,*,#2252,.F.);
#3086=ORIENTED_EDGE('',*,*,#2227,.F.);
#3087=ORIENTED_EDGE('',*,*,#2223,.T.);
#3088=ORIENTED_EDGE('',*,*,#2093,.F.);
#3089=ORIENTED_EDGE('',*,*,#2242,.F.);
#3090=ORIENTED_EDGE('',*,*,#2260,.F.);
#3091=ORIENTED_EDGE('',*,*,#2261,.F.);
#3092=ORIENTED_EDGE('',*,*,#2219,.T.);
#3093=ORIENTED_EDGE('',*,*,#2262,.F.);
#3094=ORIENTED_EDGE('',*,*,#2263,.F.);
#3095=ORIENTED_EDGE('',*,*,#2235,.F.);
#3096=ORIENTED_EDGE('',*,*,#2143,.F.);
#3097=ORIENTED_EDGE('',*,*,#2138,.T.);
#3098=ORIENTED_EDGE('',*,*,#2073,.T.);
#3099=ORIENTED_EDGE('',*,*,#2264,.F.);
#3100=ORIENTED_EDGE('',*,*,#2102,.T.);
#3101=ORIENTED_EDGE('',*,*,#2082,.T.);
#3102=ORIENTED_EDGE('',*,*,#2107,.F.);
#3103=ORIENTED_EDGE('',*,*,#2110,.T.);
#3104=ORIENTED_EDGE('',*,*,#2244,.T.);
#3105=ORIENTED_EDGE('',*,*,#2255,.T.);
#3106=ORIENTED_EDGE('',*,*,#2265,.T.);
#3107=ORIENTED_EDGE('',*,*,#2266,.T.);
#3108=ORIENTED_EDGE('',*,*,#2267,.T.);
#3109=ORIENTED_EDGE('',*,*,#2268,.T.);
#3110=ORIENTED_EDGE('',*,*,#2239,.T.);
#3111=ORIENTED_EDGE('',*,*,#2087,.T.);
#3112=ORIENTED_EDGE('',*,*,#2101,.F.);
#3113=ORIENTED_EDGE('',*,*,#2103,.T.);
#3114=ORIENTED_EDGE('',*,*,#2264,.T.);
#3115=ORIENTED_EDGE('',*,*,#2077,.T.);
#3116=ORIENTED_EDGE('',*,*,#2121,.F.);
#3117=ORIENTED_EDGE('',*,*,#2124,.T.);
#3118=ORIENTED_EDGE('',*,*,#2238,.T.);
#3119=ORIENTED_EDGE('',*,*,#2269,.T.);
#3120=ORIENTED_EDGE('',*,*,#2270,.T.);
#3121=ORIENTED_EDGE('',*,*,#2271,.T.);
#3122=ORIENTED_EDGE('',*,*,#2272,.T.);
#3123=ORIENTED_EDGE('',*,*,#2250,.T.);
#3124=ORIENTED_EDGE('',*,*,#2245,.T.);
#3125=ORIENTED_EDGE('',*,*,#2092,.T.);
#3126=ORIENTED_EDGE('',*,*,#2115,.F.);
#3127=ORIENTED_EDGE('',*,*,#2117,.T.);
#3128=ORIENTED_EDGE('',*,*,#2247,.T.);
#3129=ORIENTED_EDGE('',*,*,#1880,.T.);
#3130=ORIENTED_EDGE('',*,*,#1891,.T.);
#3131=ORIENTED_EDGE('',*,*,#1875,.T.);
#3132=ORIENTED_EDGE('',*,*,#1890,.T.);
#3133=ORIENTED_EDGE('',*,*,#1865,.T.);
#3134=ORIENTED_EDGE('',*,*,#1883,.T.);
#3135=ORIENTED_EDGE('',*,*,#1870,.T.);
#3136=ORIENTED_EDGE('',*,*,#1884,.T.);
#3137=ORIENTED_EDGE('',*,*,#1938,.T.);
#3138=ORIENTED_EDGE('',*,*,#1951,.T.);
#3139=ORIENTED_EDGE('',*,*,#1933,.T.);
#3140=ORIENTED_EDGE('',*,*,#1950,.T.);
#3141=ORIENTED_EDGE('',*,*,#1923,.T.);
#3142=ORIENTED_EDGE('',*,*,#1941,.T.);
#3143=ORIENTED_EDGE('',*,*,#1928,.T.);
#3144=ORIENTED_EDGE('',*,*,#1942,.T.);
#3145=ORIENTED_EDGE('',*,*,#1998,.T.);
#3146=ORIENTED_EDGE('',*,*,#2010,.T.);
#3147=ORIENTED_EDGE('',*,*,#1988,.T.);
#3148=ORIENTED_EDGE('',*,*,#2011,.T.);
#3149=ORIENTED_EDGE('',*,*,#1981,.T.);
#3150=ORIENTED_EDGE('',*,*,#2001,.T.);
#3151=ORIENTED_EDGE('',*,*,#1993,.T.);
#3152=ORIENTED_EDGE('',*,*,#2002,.T.);
#3153=ORIENTED_EDGE('',*,*,#2141,.T.);
#3154=ORIENTED_EDGE('',*,*,#2240,.F.);
#3155=ORIENTED_EDGE('',*,*,#2268,.F.);
#3156=ORIENTED_EDGE('',*,*,#2273,.T.);
#3157=ORIENTED_EDGE('',*,*,#2137,.T.);
#3158=ORIENTED_EDGE('',*,*,#2274,.F.);
#3159=ORIENTED_EDGE('',*,*,#2269,.F.);
#3160=ORIENTED_EDGE('',*,*,#2237,.T.);
#3161=ORIENTED_EDGE('',*,*,#2263,.T.);
#3162=ORIENTED_EDGE('',*,*,#2275,.F.);
#3163=ORIENTED_EDGE('',*,*,#2270,.F.);
#3164=ORIENTED_EDGE('',*,*,#2274,.T.);
#3165=ORIENTED_EDGE('',*,*,#2136,.T.);
#3166=ORIENTED_EDGE('',*,*,#2125,.T.);
#3167=ORIENTED_EDGE('',*,*,#2122,.F.);
#3168=ORIENTED_EDGE('',*,*,#2075,.T.);
#3169=ORIENTED_EDGE('',*,*,#2139,.T.);
#3170=ORIENTED_EDGE('',*,*,#2104,.T.);
#3171=ORIENTED_EDGE('',*,*,#2099,.F.);
#3172=ORIENTED_EDGE('',*,*,#2085,.T.);
#3173=ORIENTED_EDGE('',*,*,#2142,.T.);
#3174=ORIENTED_EDGE('',*,*,#2273,.F.);
#3175=ORIENTED_EDGE('',*,*,#2267,.F.);
#3176=ORIENTED_EDGE('',*,*,#2276,.T.);
#3177=ORIENTED_EDGE('',*,*,#2260,.T.);
#3178=ORIENTED_EDGE('',*,*,#2241,.F.);
#3179=ORIENTED_EDGE('',*,*,#2233,.F.);
#3180=ORIENTED_EDGE('',*,*,#2236,.T.);
#3181=ORIENTED_EDGE('',*,*,#2262,.T.);
#3182=ORIENTED_EDGE('',*,*,#2218,.F.);
#3183=ORIENTED_EDGE('',*,*,#2054,.F.);
#3184=ORIENTED_EDGE('',*,*,#2220,.F.);
#3185=ORIENTED_EDGE('',*,*,#2257,.T.);
#3186=ORIENTED_EDGE('',*,*,#2277,.F.);
#3187=ORIENTED_EDGE('',*,*,#2271,.F.);
#3188=ORIENTED_EDGE('',*,*,#2275,.T.);
#3189=ORIENTED_EDGE('',*,*,#2256,.T.);
#3190=ORIENTED_EDGE('',*,*,#2248,.F.);
#3191=ORIENTED_EDGE('',*,*,#2231,.T.);
#3192=ORIENTED_EDGE('',*,*,#2253,.T.);
#3193=ORIENTED_EDGE('',*,*,#2259,.T.);
#3194=ORIENTED_EDGE('',*,*,#2278,.F.);
#3195=ORIENTED_EDGE('',*,*,#2265,.F.);
#3196=ORIENTED_EDGE('',*,*,#2254,.T.);
#3197=ORIENTED_EDGE('',*,*,#2131,.T.);
#3198=ORIENTED_EDGE('',*,*,#2111,.T.);
#3199=ORIENTED_EDGE('',*,*,#2108,.F.);
#3200=ORIENTED_EDGE('',*,*,#2080,.T.);
#3201=ORIENTED_EDGE('',*,*,#2134,.T.);
#3202=ORIENTED_EDGE('',*,*,#2118,.T.);
#3203=ORIENTED_EDGE('',*,*,#2113,.F.);
#3204=ORIENTED_EDGE('',*,*,#2090,.T.);
#3205=ORIENTED_EDGE('',*,*,#2129,.T.);
#3206=ORIENTED_EDGE('',*,*,#2251,.F.);
#3207=ORIENTED_EDGE('',*,*,#2272,.F.);
#3208=ORIENTED_EDGE('',*,*,#2277,.T.);
#3209=ORIENTED_EDGE('',*,*,#2184,.T.);
#3210=ORIENTED_EDGE('',*,*,#2217,.T.);
#3211=ORIENTED_EDGE('',*,*,#2214,.T.);
#3212=ORIENTED_EDGE('',*,*,#2211,.T.);
#3213=ORIENTED_EDGE('',*,*,#2208,.T.);
#3214=ORIENTED_EDGE('',*,*,#2205,.T.);
#3215=ORIENTED_EDGE('',*,*,#2202,.T.);
#3216=ORIENTED_EDGE('',*,*,#2199,.T.);
#3217=ORIENTED_EDGE('',*,*,#2196,.T.);
#3218=ORIENTED_EDGE('',*,*,#2193,.T.);
#3219=ORIENTED_EDGE('',*,*,#2190,.T.);
#3220=ORIENTED_EDGE('',*,*,#2187,.T.);
#3221=ORIENTED_EDGE('',*,*,#2258,.T.);
#3222=ORIENTED_EDGE('',*,*,#2224,.F.);
#3223=ORIENTED_EDGE('',*,*,#2059,.F.);
#3224=ORIENTED_EDGE('',*,*,#2222,.F.);
#3225=ORIENTED_EDGE('',*,*,#2261,.T.);
#3226=ORIENTED_EDGE('',*,*,#2276,.F.);
#3227=ORIENTED_EDGE('',*,*,#2266,.F.);
#3228=ORIENTED_EDGE('',*,*,#2278,.T.);
#3229=ORIENTED_EDGE('',*,*,#2279,.T.);
#3230=ORIENTED_EDGE('',*,*,#2280,.T.);
#3231=ORIENTED_EDGE('',*,*,#2281,.F.);
#3232=ORIENTED_EDGE('',*,*,#2282,.T.);
#3233=ORIENTED_EDGE('',*,*,#2283,.T.);
#3234=ORIENTED_EDGE('',*,*,#2284,.F.);
#3235=ORIENTED_EDGE('',*,*,#2280,.F.);
#3236=ORIENTED_EDGE('',*,*,#2285,.F.);
#3237=ORIENTED_EDGE('',*,*,#2286,.T.);
#3238=ORIENTED_EDGE('',*,*,#2285,.T.);
#3239=ORIENTED_EDGE('',*,*,#2279,.F.);
#3240=ORIENTED_EDGE('',*,*,#2287,.F.);
#3241=ORIENTED_EDGE('',*,*,#2288,.T.);
#3242=ORIENTED_EDGE('',*,*,#2287,.T.);
#3243=ORIENTED_EDGE('',*,*,#2282,.F.);
#3244=ORIENTED_EDGE('',*,*,#2289,.F.);
#3245=ORIENTED_EDGE('',*,*,#2283,.F.);
#3246=ORIENTED_EDGE('',*,*,#2286,.F.);
#3247=ORIENTED_EDGE('',*,*,#2288,.F.);
#3248=ORIENTED_EDGE('',*,*,#2290,.T.);
#3249=ORIENTED_EDGE('',*,*,#2289,.T.);
#3250=ORIENTED_EDGE('',*,*,#2281,.T.);
#3251=ORIENTED_EDGE('',*,*,#2284,.T.);
#3252=ORIENTED_EDGE('',*,*,#2290,.F.);
#3253=ORIENTED_EDGE('',*,*,#2291,.T.);
#3254=ORIENTED_EDGE('',*,*,#2292,.T.);
#3255=ORIENTED_EDGE('',*,*,#2293,.T.);
#3256=ORIENTED_EDGE('',*,*,#2294,.T.);
#3257=ORIENTED_EDGE('',*,*,#2295,.F.);
#3258=ORIENTED_EDGE('',*,*,#2296,.F.);
#3259=ORIENTED_EDGE('',*,*,#2297,.F.);
#3260=ORIENTED_EDGE('',*,*,#2292,.F.);
#3261=ORIENTED_EDGE('',*,*,#2297,.T.);
#3262=ORIENTED_EDGE('',*,*,#2298,.T.);
#3263=ORIENTED_EDGE('',*,*,#2299,.F.);
#3264=ORIENTED_EDGE('',*,*,#2293,.F.);
#3265=ORIENTED_EDGE('',*,*,#2296,.T.);
#3266=ORIENTED_EDGE('',*,*,#2300,.T.);
#3267=ORIENTED_EDGE('',*,*,#2301,.F.);
#3268=ORIENTED_EDGE('',*,*,#2298,.F.);
#3269=ORIENTED_EDGE('',*,*,#2295,.T.);
#3270=ORIENTED_EDGE('',*,*,#2291,.F.);
#3271=ORIENTED_EDGE('',*,*,#2302,.F.);
#3272=ORIENTED_EDGE('',*,*,#2300,.F.);
#3273=ORIENTED_EDGE('',*,*,#2294,.F.);
#3274=ORIENTED_EDGE('',*,*,#2299,.T.);
#3275=ORIENTED_EDGE('',*,*,#2301,.T.);
#3276=ORIENTED_EDGE('',*,*,#2302,.T.);
#3277=ORIENTED_EDGE('',*,*,#2303,.T.);
#3278=ORIENTED_EDGE('',*,*,#2304,.T.);
#3279=ORIENTED_EDGE('',*,*,#2305,.F.);
#3280=ORIENTED_EDGE('',*,*,#2306,.T.);
#3281=ORIENTED_EDGE('',*,*,#2307,.T.);
#3282=ORIENTED_EDGE('',*,*,#2308,.T.);
#3283=ORIENTED_EDGE('',*,*,#2306,.F.);
#3284=ORIENTED_EDGE('',*,*,#2309,.F.);
#3285=ORIENTED_EDGE('',*,*,#2310,.T.);
#3286=ORIENTED_EDGE('',*,*,#2311,.F.);
#3287=ORIENTED_EDGE('',*,*,#2304,.F.);
#3288=ORIENTED_EDGE('',*,*,#2312,.F.);
#3289=ORIENTED_EDGE('',*,*,#2313,.T.);
#3290=ORIENTED_EDGE('',*,*,#2312,.T.);
#3291=ORIENTED_EDGE('',*,*,#2303,.F.);
#3292=ORIENTED_EDGE('',*,*,#2308,.F.);
#3293=ORIENTED_EDGE('',*,*,#2311,.T.);
#3294=ORIENTED_EDGE('',*,*,#2314,.F.);
#3295=ORIENTED_EDGE('',*,*,#2309,.T.);
#3296=ORIENTED_EDGE('',*,*,#2305,.T.);
#3297=ORIENTED_EDGE('',*,*,#2310,.F.);
#3298=ORIENTED_EDGE('',*,*,#2313,.F.);
#3299=ORIENTED_EDGE('',*,*,#2307,.F.);
#3300=ORIENTED_EDGE('',*,*,#2314,.T.);
#3301=ORIENTED_EDGE('',*,*,#2315,.T.);
#3302=ORIENTED_EDGE('',*,*,#2316,.T.);
#3303=ORIENTED_EDGE('',*,*,#2317,.T.);
#3304=ORIENTED_EDGE('',*,*,#2318,.T.);
#3305=ORIENTED_EDGE('',*,*,#2319,.F.);
#3306=ORIENTED_EDGE('',*,*,#2318,.F.);
#3307=ORIENTED_EDGE('',*,*,#2320,.F.);
#3308=ORIENTED_EDGE('',*,*,#2321,.F.);
#3309=ORIENTED_EDGE('',*,*,#2321,.T.);
#3310=ORIENTED_EDGE('',*,*,#2322,.T.);
#3311=ORIENTED_EDGE('',*,*,#2323,.F.);
#3312=ORIENTED_EDGE('',*,*,#2324,.F.);
#3313=ORIENTED_EDGE('',*,*,#2320,.T.);
#3314=ORIENTED_EDGE('',*,*,#2317,.F.);
#3315=ORIENTED_EDGE('',*,*,#2325,.F.);
#3316=ORIENTED_EDGE('',*,*,#2322,.F.);
#3317=ORIENTED_EDGE('',*,*,#2319,.T.);
#3318=ORIENTED_EDGE('',*,*,#2324,.T.);
#3319=ORIENTED_EDGE('',*,*,#2326,.F.);
#3320=ORIENTED_EDGE('',*,*,#2315,.F.);
#3321=ORIENTED_EDGE('',*,*,#2316,.F.);
#3322=ORIENTED_EDGE('',*,*,#2326,.T.);
#3323=ORIENTED_EDGE('',*,*,#2323,.T.);
#3324=ORIENTED_EDGE('',*,*,#2325,.T.);
#3325=(
BOUNDED_SURFACE()
B_SPLINE_SURFACE(2,2,((#4850,#4851,#4852,#4853,#4854,#4855,#4856,#4857,
#4858),(#4859,#4860,#4861,#4862,#4863,#4864,#4865,#4866,#4867),(#4868,#4869,
#4870,#4871,#4872,#4873,#4874,#4875,#4876),(#4877,#4878,#4879,#4880,#4881,
#4882,#4883,#4884,#4885),(#4886,#4887,#4888,#4889,#4890,#4891,#4892,#4893,
#4894)),.UNSPECIFIED.,.F.,.T.,.F.)
B_SPLINE_SURFACE_WITH_KNOTS((3,2,3),(3,2,2,2,3),(-0.4326390170128,0.573375190202574,
1.57938939741795),(0.,1.5707963267949,3.14159265358979,4.71238898038469,
6.28318530717959),.UNSPECIFIED.)
GEOMETRIC_REPRESENTATION_ITEM()
RATIONAL_B_SPLINE_SURFACE(((1.,0.707106781186548,1.,0.707106781186548,1.,
0.707106781186548,1.,0.707106781186548,1.),(0.876136913953709,0.619522353104522,
0.876136913953709,0.619522353104522,0.876136913953709,0.619522353104522,
0.876136913953709,0.619522353104522,0.876136913953709),(1.,0.707106781186548,
1.,0.707106781186548,1.,0.707106781186548,1.,0.707106781186548,1.),(0.876136913953701,
0.619522353104517,0.876136913953701,0.619522353104517,0.876136913953701,
0.619522353104517,0.876136913953701,0.619522353104517,0.876136913953701),
(1.,0.707106781186548,1.,0.707106781186548,1.,0.707106781186548,1.,0.707106781186548,
1.)))
REPRESENTATION_ITEM('')
SURFACE()
);
#3326=(
BOUNDED_SURFACE()
B_SPLINE_SURFACE(2,2,((#5443,#5444,#5445,#5446,#5447,#5448,#5449,#5450,
#5451),(#5452,#5453,#5454,#5455,#5456,#5457,#5458,#5459,#5460),(#5461,#5462,
#5463,#5464,#5465,#5466,#5467,#5468,#5469),(#5470,#5471,#5472,#5473,#5474,
#5475,#5476,#5477,#5478),(#5479,#5480,#5481,#5482,#5483,#5484,#5485,#5486,
#5487)),.UNSPECIFIED.,.F.,.T.,.F.)
B_SPLINE_SURFACE_WITH_KNOTS((3,2,3),(3,2,2,2,3),(-0.4326390170128,0.573375190202574,
1.57938939741795),(-6.28318530717959,-4.71238898038469,-3.14159265358979,
-1.5707963267949,0.),.UNSPECIFIED.)
GEOMETRIC_REPRESENTATION_ITEM()
RATIONAL_B_SPLINE_SURFACE(((1.,0.707106781186548,1.,0.707106781186548,1.,
0.707106781186548,1.,0.707106781186548,1.),(0.876136913953709,0.619522353104522,
0.876136913953709,0.619522353104522,0.876136913953709,0.619522353104522,
0.876136913953709,0.619522353104522,0.876136913953709),(1.,0.707106781186548,
1.,0.707106781186548,1.,0.707106781186548,1.,0.707106781186548,1.),(0.876136913953701,
0.619522353104517,0.876136913953701,0.619522353104517,0.876136913953701,
0.619522353104517,0.876136913953701,0.619522353104517,0.876136913953701),
(1.,0.707106781186548,1.,0.707106781186548,1.,0.707106781186548,1.,0.707106781186548,
1.)))
REPRESENTATION_ITEM('')
SURFACE()
);
#3327=ADVANCED_FACE('',(#1023),#3325,.T.);
#3328=ADVANCED_FACE('',(#1024),#881,.T.);
#3329=ADVANCED_FACE('',(#1025),#75,.T.);
#3330=ADVANCED_FACE('',(#1026),#882,.T.);
#3331=ADVANCED_FACE('',(#1027),#883,.T.);
#3332=ADVANCED_FACE('',(#1028),#884,.T.);
#3333=ADVANCED_FACE('',(#1029),#885,.T.);
#3334=ADVANCED_FACE('',(#1030),#62,.T.);
#3335=ADVANCED_FACE('',(#1031),#63,.T.);
#3336=ADVANCED_FACE('',(#1032),#64,.T.);
#3337=ADVANCED_FACE('',(#1033),#65,.T.);
#3338=ADVANCED_FACE('',(#1034),#76,.T.);
#3339=ADVANCED_FACE('',(#1035),#77,.T.);
#3340=ADVANCED_FACE('',(#1036),#78,.T.);
#3341=ADVANCED_FACE('',(#1037),#79,.T.);
#3342=ADVANCED_FACE('',(#1038),#80,.T.);
#3343=ADVANCED_FACE('',(#1039),#81,.T.);
#3344=ADVANCED_FACE('',(#1040),#82,.T.);
#3345=ADVANCED_FACE('',(#1041),#83,.T.);
#3346=ADVANCED_FACE('',(#1042),#886,.T.);
#3347=ADVANCED_FACE('',(#1043),#887,.T.);
#3348=ADVANCED_FACE('',(#1044,#25),#888,.T.);
#3349=ADVANCED_FACE('',(#1045),#889,.T.);
#3350=ADVANCED_FACE('',(#1046),#890,.T.);
#3351=ADVANCED_FACE('',(#1047),#891,.T.);
#3352=ADVANCED_FACE('',(#1048),#892,.T.);
#3353=ADVANCED_FACE('',(#1049),#893,.T.);
#3354=ADVANCED_FACE('',(#1050),#894,.T.);
#3355=ADVANCED_FACE('',(#1051),#84,.T.);
#3356=ADVANCED_FACE('',(#1052),#895,.T.);
#3357=ADVANCED_FACE('',(#1053),#896,.T.);
#3358=ADVANCED_FACE('',(#1054),#897,.T.);
#3359=ADVANCED_FACE('',(#1055),#66,.T.);
#3360=ADVANCED_FACE('',(#1056),#67,.T.);
#3361=ADVANCED_FACE('',(#1057),#68,.T.);
#3362=ADVANCED_FACE('',(#1058),#69,.T.);
#3363=ADVANCED_FACE('',(#1059),#85,.T.);
#3364=ADVANCED_FACE('',(#1060),#86,.T.);
#3365=ADVANCED_FACE('',(#1061),#87,.T.);
#3366=ADVANCED_FACE('',(#1062),#88,.T.);
#3367=ADVANCED_FACE('',(#1063),#89,.T.);
#3368=ADVANCED_FACE('',(#1064),#90,.T.);
#3369=ADVANCED_FACE('',(#1065),#91,.T.);
#3370=ADVANCED_FACE('',(#1066),#92,.T.);
#3371=ADVANCED_FACE('',(#1067),#898,.T.);
#3372=ADVANCED_FACE('',(#1068),#899,.T.);
#3373=ADVANCED_FACE('',(#1069,#26),#900,.T.);
#3374=ADVANCED_FACE('',(#1070),#901,.T.);
#3375=ADVANCED_FACE('',(#1071),#902,.T.);
#3376=ADVANCED_FACE('',(#1072),#903,.T.);
#3377=ADVANCED_FACE('',(#1073),#904,.T.);
#3378=ADVANCED_FACE('',(#1074),#905,.T.);
#3379=ADVANCED_FACE('',(#1075),#906,.T.);
#3380=ADVANCED_FACE('',(#1076),#907,.T.);
#3381=ADVANCED_FACE('',(#1077),#93,.T.);
#3382=ADVANCED_FACE('',(#1078),#908,.T.);
#3383=ADVANCED_FACE('',(#1079),#909,.T.);
#3384=ADVANCED_FACE('',(#1080),#910,.T.);
#3385=ADVANCED_FACE('',(#1081),#70,.T.);
#3386=ADVANCED_FACE('',(#1082),#71,.T.);
#3387=ADVANCED_FACE('',(#1083),#72,.T.);
#3388=ADVANCED_FACE('',(#1084),#73,.T.);
#3389=ADVANCED_FACE('',(#1085),#94,.T.);
#3390=ADVANCED_FACE('',(#1086),#95,.T.);
#3391=ADVANCED_FACE('',(#1087),#96,.T.);
#3392=ADVANCED_FACE('',(#1088),#97,.T.);
#3393=ADVANCED_FACE('',(#1089),#98,.T.);
#3394=ADVANCED_FACE('',(#1090),#99,.T.);
#3395=ADVANCED_FACE('',(#1091),#100,.T.);
#3396=ADVANCED_FACE('',(#1092),#101,.T.);
#3397=ADVANCED_FACE('',(#1093),#911,.T.);
#3398=ADVANCED_FACE('',(#1094),#912,.T.);
#3399=ADVANCED_FACE('',(#1095,#27),#913,.T.);
#3400=ADVANCED_FACE('',(#1096),#914,.T.);
#3401=ADVANCED_FACE('',(#1097),#915,.T.);
#3402=ADVANCED_FACE('',(#1098),#916,.T.);
#3403=ADVANCED_FACE('',(#1099),#917,.T.);
#3404=ADVANCED_FACE('',(#1100),#918,.T.);
#3405=ADVANCED_FACE('',(#1101),#919,.T.);
#3406=ADVANCED_FACE('',(#1102,#28),#920,.T.);
#3407=ADVANCED_FACE('',(#1103),#921,.F.);
#3408=ADVANCED_FACE('',(#1104),#922,.F.);
#3409=ADVANCED_FACE('',(#1105,#29),#102,.F.);
#3410=ADVANCED_FACE('',(#1106),#18,.T.);
#3411=ADVANCED_FACE('',(#1107),#923,.T.);
#3412=ADVANCED_FACE('',(#1108),#924,.T.);
#3413=ADVANCED_FACE('',(#1109),#925,.T.);
#3414=ADVANCED_FACE('',(#1110),#103,.T.);
#3415=ADVANCED_FACE('',(#1111),#19,.T.);
#3416=ADVANCED_FACE('',(#1112),#74,.T.);
#3417=ADVANCED_FACE('',(#1113),#926,.T.);
#3418=ADVANCED_FACE('',(#1114),#927,.T.);
#3419=ADVANCED_FACE('',(#1115),#928,.F.);
#3420=ADVANCED_FACE('',(#1116),#104,.F.);
#3421=ADVANCED_FACE('',(#1117),#929,.F.);
#3422=ADVANCED_FACE('',(#1118),#3326,.T.);
#3423=ADVANCED_FACE('',(#1119),#20,.T.);
#3424=ADVANCED_FACE('',(#1120),#930,.F.);
#3425=ADVANCED_FACE('',(#1121),#931,.F.);
#3426=ADVANCED_FACE('',(#1122),#932,.F.);
#3427=ADVANCED_FACE('',(#1123),#933,.F.);
#3428=ADVANCED_FACE('',(#1124),#934,.F.);
#3429=ADVANCED_FACE('',(#1125),#935,.T.);
#3430=ADVANCED_FACE('',(#1126),#936,.F.);
#3431=ADVANCED_FACE('',(#1127),#105,.T.);
#3432=ADVANCED_FACE('',(#1128),#937,.F.);
#3433=ADVANCED_FACE('',(#1129),#106,.T.);
#3434=ADVANCED_FACE('',(#1130),#938,.F.);
#3435=ADVANCED_FACE('',(#1131),#107,.T.);
#3436=ADVANCED_FACE('',(#1132),#939,.F.);
#3437=ADVANCED_FACE('',(#1133),#108,.T.);
#3438=ADVANCED_FACE('',(#1134),#940,.F.);
#3439=ADVANCED_FACE('',(#1135),#941,.T.);
#3440=ADVANCED_FACE('',(#1136),#942,.T.);
#3441=ADVANCED_FACE('',(#1137),#943,.T.);
#3442=ADVANCED_FACE('',(#1138),#944,.T.);
#3443=ADVANCED_FACE('',(#1139),#945,.T.);
#3444=ADVANCED_FACE('',(#1140),#946,.T.);
#3445=ADVANCED_FACE('',(#1141),#947,.F.);
#3446=ADVANCED_FACE('',(#1142),#948,.T.);
#3447=ADVANCED_FACE('',(#1143),#949,.T.);
#3448=ADVANCED_FACE('',(#1144),#950,.T.);
#3449=ADVANCED_FACE('',(#1145),#951,.T.);
#3450=ADVANCED_FACE('',(#1146),#952,.T.);
#3451=ADVANCED_FACE('',(#1147),#953,.T.);
#3452=ADVANCED_FACE('',(#1148),#954,.T.);
#3453=ADVANCED_FACE('',(#1149),#955,.T.);
#3454=ADVANCED_FACE('',(#1150),#956,.T.);
#3455=ADVANCED_FACE('',(#1151),#957,.T.);
#3456=ADVANCED_FACE('',(#1152),#958,.T.);
#3457=ADVANCED_FACE('',(#1153),#959,.T.);
#3458=ADVANCED_FACE('',(#1154),#960,.F.);
#3459=ADVANCED_FACE('',(#1155),#961,.F.);
#3460=ADVANCED_FACE('',(#1156),#962,.F.);
#3461=ADVANCED_FACE('',(#1157),#963,.F.);
#3462=ADVANCED_FACE('',(#1158),#964,.F.);
#3463=ADVANCED_FACE('',(#1159),#965,.F.);
#3464=ADVANCED_FACE('',(#1160),#966,.F.);
#3465=ADVANCED_FACE('',(#1161),#967,.F.);
#3466=ADVANCED_FACE('',(#1162),#968,.F.);
#3467=ADVANCED_FACE('',(#1163),#969,.F.);
#3468=ADVANCED_FACE('',(#1164),#970,.F.);
#3469=ADVANCED_FACE('',(#1165),#971,.F.);
#3470=ADVANCED_FACE('',(#1166,#30),#972,.T.);
#3471=ADVANCED_FACE('',(#1167),#973,.T.);
#3472=ADVANCED_FACE('',(#1168),#974,.T.);
#3473=ADVANCED_FACE('',(#1169),#975,.T.);
#3474=ADVANCED_FACE('',(#1170),#976,.T.);
#3475=ADVANCED_FACE('',(#1171),#977,.T.);
#3476=ADVANCED_FACE('',(#1172),#978,.T.);
#3477=ADVANCED_FACE('',(#1173),#109,.T.);
#3478=ADVANCED_FACE('',(#1174,#31),#979,.T.);
#3479=ADVANCED_FACE('',(#1175),#110,.T.);
#3480=ADVANCED_FACE('',(#1176),#980,.T.);
#3481=ADVANCED_FACE('',(#1177),#981,.T.);
#3482=ADVANCED_FACE('',(#1178),#982,.T.);
#3483=ADVANCED_FACE('',(#1179),#983,.T.);
#3484=ADVANCED_FACE('',(#1180),#984,.T.);
#3485=ADVANCED_FACE('',(#1181),#985,.T.);
#3486=ADVANCED_FACE('',(#1182),#986,.T.);
#3487=ADVANCED_FACE('',(#1183),#987,.T.);
#3488=ADVANCED_FACE('',(#1184),#988,.T.);
#3489=ADVANCED_FACE('',(#1185),#989,.T.);
#3490=ADVANCED_FACE('',(#1186),#990,.T.);
#3491=ADVANCED_FACE('',(#1187),#991,.T.);
#3492=ADVANCED_FACE('',(#1188),#992,.T.);
#3493=ADVANCED_FACE('',(#1189),#993,.T.);
#3494=ADVANCED_FACE('',(#1190),#994,.T.);
#3495=ADVANCED_FACE('',(#1191),#995,.T.);
#3496=ADVANCED_FACE('',(#1192,#32,#33,#34),#996,.F.);
#3497=ADVANCED_FACE('',(#1193),#997,.T.);
#3498=ADVANCED_FACE('',(#1194),#998,.T.);
#3499=ADVANCED_FACE('',(#1195),#999,.T.);
#3500=ADVANCED_FACE('',(#1196),#1000,.T.);
#3501=ADVANCED_FACE('',(#1197,#35),#1001,.T.);
#3502=ADVANCED_FACE('',(#1198),#1002,.T.);
#3503=ADVANCED_FACE('',(#1199),#1003,.F.);
#3504=ADVANCED_FACE('',(#1200),#1004,.F.);
#3505=ADVANCED_FACE('',(#1201),#111,.F.);
#3506=ADVANCED_FACE('',(#1202),#1005,.F.);
#3507=ADVANCED_FACE('',(#1203),#1006,.T.);
#3508=ADVANCED_FACE('',(#1204),#1007,.T.);
#3509=ADVANCED_FACE('',(#1205),#1008,.T.);
#3510=ADVANCED_FACE('',(#1206),#1009,.T.);
#3511=ADVANCED_FACE('',(#1207),#1010,.F.);
#3512=ADVANCED_FACE('',(#1208),#112,.F.);
#3513=ADVANCED_FACE('',(#1209),#1011,.F.);
#3514=ADVANCED_FACE('',(#1210),#1012,.F.);
#3515=ADVANCED_FACE('',(#1211),#1013,.F.);
#3516=ADVANCED_FACE('',(#1212),#1014,.F.);
#3517=ADVANCED_FACE('',(#1213),#1015,.F.);
#3518=ADVANCED_FACE('',(#1214),#113,.F.);
#3519=ADVANCED_FACE('',(#1215),#1016,.T.);
#3520=ADVANCED_FACE('',(#1216),#1017,.T.);
#3521=ADVANCED_FACE('',(#1217),#1018,.T.);
#3522=ADVANCED_FACE('',(#1218),#1019,.T.);
#3523=ADVANCED_FACE('',(#1219),#114,.F.);
#3524=ADVANCED_FACE('',(#1220),#1020,.F.);
#3525=ADVANCED_FACE('',(#1221),#1021,.F.);
#3526=ADVANCED_FACE('',(#1222),#1022,.F.);
#3527=CLOSED_SHELL('',(#3327,#3328,#3329,#3330,#3331,#3332,#3333,#3334,
#3335,#3336,#3337,#3338,#3339,#3340,#3341,#3342,#3343,#3344,#3345,#3346,
#3347,#3348,#3349,#3350,#3351,#3352,#3353,#3354,#3355,#3356,#3357,#3358,
#3359,#3360,#3361,#3362,#3363,#3364,#3365,#3366,#3367,#3368,#3369,#3370,
#3371,#3372,#3373,#3374,#3375,#3376,#3377,#3378,#3379,#3380,#3381,#3382,
#3383,#3384,#3385,#3386,#3387,#3388,#3389,#3390,#3391,#3392,#3393,#3394,
#3395,#3396,#3397,#3398,#3399,#3400,#3401,#3402,#3403,#3404,#3405,#3406,
#3407,#3408,#3409,#3410,#3411,#3412,#3413,#3414,#3415,#3416,#3417,#3418,
#3419,#3420,#3421,#3422,#3423,#3424,#3425,#3426,#3427,#3428,#3429,#3430,
#3431,#3432,#3433,#3434,#3435,#3436,#3437,#3438,#3439,#3440,#3441,#3442,
#3443,#3444,#3445,#3446,#3447,#3448,#3449,#3450,#3451,#3452,#3453,#3454,
#3455,#3456,#3457,#3458,#3459,#3460,#3461,#3462,#3463,#3464,#3465,#3466,
#3467,#3468,#3469,#3470,#3471,#3472,#3473,#3474,#3475,#3476,#3477,#3478,
#3479,#3480,#3481,#3482,#3483,#3484,#3485,#3486,#3487,#3488,#3489,#3490,
#3491,#3492,#3493,#3494,#3495,#3496,#3497,#3498,#3499,#3500,#3501,#3502));
#3528=CLOSED_SHELL('',(#3503,#3504,#3505,#3506,#3507,#3508));
#3529=CLOSED_SHELL('',(#3509,#3510,#3511,#3512,#3513,#3514));
#3530=CLOSED_SHELL('',(#3515,#3516,#3517,#3518,#3519,#3520));
#3531=CLOSED_SHELL('',(#3521,#3522,#3523,#3524,#3525,#3526));
#3532=BREP_WITH_VOIDS('Solid1',#3527,(#14,#15,#16,#17));
#3533=DERIVED_UNIT_ELEMENT(#3535,1.);
#3534=DERIVED_UNIT_ELEMENT(#6011,3.);
#3535=(
MASS_UNIT()
NAMED_UNIT(*)
SI_UNIT($,.GRAM.)
);
#3536=DERIVED_UNIT((#3533,#3534));
#3537=MEASURE_REPRESENTATION_ITEM('density measure',
POSITIVE_RATIO_MEASURE(1.),#3536);
#3538=PROPERTY_DEFINITION_REPRESENTATION(#3543,#3540);
#3539=PROPERTY_DEFINITION_REPRESENTATION(#3544,#3541);
#3540=REPRESENTATION('material name',(#3542),#6008);
#3541=REPRESENTATION('density',(#3537),#6008);
#3542=DESCRIPTIVE_REPRESENTATION_ITEM('Generic','Generic');
#3543=PROPERTY_DEFINITION('material property','material name',#6018);
#3544=PROPERTY_DEFINITION('material property','density of part',#6018);
#3545=DATE_TIME_ROLE('creation_date');
#3546=APPLIED_DATE_AND_TIME_ASSIGNMENT(#3547,#3545,(#6018));
#3547=DATE_AND_TIME(#3548,#3549);
#3548=CALENDAR_DATE(2017,2,8);
#3549=LOCAL_TIME(8,6,8.,#3550);
#3550=COORDINATED_UNIVERSAL_TIME_OFFSET(0,0,.BEHIND.);
#3551=AXIS2_PLACEMENT_3D('placement',#4849,#3856,#3857);
#3552=AXIS2_PLACEMENT_3D('',#4903,#3858,#3859);
#3553=AXIS2_PLACEMENT_3D('',#4910,#3860,#3861);
#3554=AXIS2_PLACEMENT_3D('',#4911,#3862,#3863);
#3555=AXIS2_PLACEMENT_3D('',#4914,#3864,#3865);
#3556=AXIS2_PLACEMENT_3D('',#4928,#3873,#3874);
#3557=AXIS2_PLACEMENT_3D('',#4932,#3876,#3877);
#3558=AXIS2_PLACEMENT_3D('',#4934,#3879,#3880);
#3559=AXIS2_PLACEMENT_3D('',#4938,#3883,#3884);
#3560=AXIS2_PLACEMENT_3D('',#4942,#3887,#3888);
#3561=AXIS2_PLACEMENT_3D('',#4946,#3891,#3892);
#3562=AXIS2_PLACEMENT_3D('',#4950,#3895,#3896);
#3563=AXIS2_PLACEMENT_3D('',#4953,#3897,#3898);
#3564=AXIS2_PLACEMENT_3D('',#4955,#3899,#3900);
#3565=AXIS2_PLACEMENT_3D('',#4956,#3901,#3902);
#3566=AXIS2_PLACEMENT_3D('',#4957,#3903,#3904);
#3567=AXIS2_PLACEMENT_3D('',#4960,#3905,#3906);
#3568=AXIS2_PLACEMENT_3D('',#4962,#3907,#3908);
#3569=AXIS2_PLACEMENT_3D('',#4963,#3909,#3910);
#3570=AXIS2_PLACEMENT_3D('',#4964,#3911,#3912);
#3571=AXIS2_PLACEMENT_3D('',#4967,#3913,#3914);
#3572=AXIS2_PLACEMENT_3D('',#4969,#3915,#3916);
#3573=AXIS2_PLACEMENT_3D('',#4970,#3917,#3918);
#3574=AXIS2_PLACEMENT_3D('',#4971,#3919,#3920);
#3575=AXIS2_PLACEMENT_3D('',#4974,#3921,#3922);
#3576=AXIS2_PLACEMENT_3D('',#4976,#3923,#3924);
#3577=AXIS2_PLACEMENT_3D('',#4977,#3925,#3926);
#3578=AXIS2_PLACEMENT_3D('',#4978,#3927,#3928);
#3579=AXIS2_PLACEMENT_3D('',#4981,#3931,#3932);
#3580=AXIS2_PLACEMENT_3D('',#4984,#3933,#3934);
#3581=AXIS2_PLACEMENT_3D('',#4987,#3937,#3938);
#3582=AXIS2_PLACEMENT_3D('',#4990,#3941,#3942);
#3583=AXIS2_PLACEMENT_3D('',#4993,#3943,#3944);
#3584=AXIS2_PLACEMENT_3D('',#4996,#3947,#3948);
#3585=AXIS2_PLACEMENT_3D('',#4999,#3951,#3952);
#3586=AXIS2_PLACEMENT_3D('',#5002,#3953,#3954);
#3587=AXIS2_PLACEMENT_3D('',#5005,#3957,#3958);
#3588=AXIS2_PLACEMENT_3D('',#5008,#3961,#3962);
#3589=AXIS2_PLACEMENT_3D('',#5011,#3963,#3964);
#3590=AXIS2_PLACEMENT_3D('',#5014,#3967,#3968);
#3591=AXIS2_PLACEMENT_3D('',#5016,#3970,#3971);
#3592=AXIS2_PLACEMENT_3D('',#5018,#3973,#3974);
#3593=AXIS2_PLACEMENT_3D('',#5024,#3978,#3979);
#3594=AXIS2_PLACEMENT_3D('',#5026,#3981,#3982);
#3595=AXIS2_PLACEMENT_3D('',#5028,#3984,#3985);
#3596=AXIS2_PLACEMENT_3D('',#5029,#3986,#3987);
#3597=AXIS2_PLACEMENT_3D('',#5031,#3989,#3990);
#3598=AXIS2_PLACEMENT_3D('',#5033,#3992,#3993);
#3599=AXIS2_PLACEMENT_3D('',#5036,#3994,#3995);
#3600=AXIS2_PLACEMENT_3D('',#5050,#4003,#4004);
#3601=AXIS2_PLACEMENT_3D('',#5054,#4006,#4007);
#3602=AXIS2_PLACEMENT_3D('',#5056,#4009,#4010);
#3603=AXIS2_PLACEMENT_3D('',#5060,#4013,#4014);
#3604=AXIS2_PLACEMENT_3D('',#5064,#4017,#4018);
#3605=AXIS2_PLACEMENT_3D('',#5068,#4021,#4022);
#3606=AXIS2_PLACEMENT_3D('',#5071,#4023,#4024);
#3607=AXIS2_PLACEMENT_3D('',#5073,#4025,#4026);
#3608=AXIS2_PLACEMENT_3D('',#5074,#4027,#4028);
#3609=AXIS2_PLACEMENT_3D('',#5075,#4029,#4030);
#3610=AXIS2_PLACEMENT_3D('',#5078,#4031,#4032);
#3611=AXIS2_PLACEMENT_3D('',#5080,#4033,#4034);
#3612=AXIS2_PLACEMENT_3D('',#5081,#4035,#4036);
#3613=AXIS2_PLACEMENT_3D('',#5082,#4037,#4038);
#3614=AXIS2_PLACEMENT_3D('',#5085,#4039,#4040);
#3615=AXIS2_PLACEMENT_3D('',#5087,#4041,#4042);
#3616=AXIS2_PLACEMENT_3D('',#5088,#4043,#4044);
#3617=AXIS2_PLACEMENT_3D('',#5089,#4045,#4046);
#3618=AXIS2_PLACEMENT_3D('',#5092,#4047,#4048);
#3619=AXIS2_PLACEMENT_3D('',#5094,#4049,#4050);
#3620=AXIS2_PLACEMENT_3D('',#5095,#4051,#4052);
#3621=AXIS2_PLACEMENT_3D('',#5096,#4053,#4054);
#3622=AXIS2_PLACEMENT_3D('',#5099,#4057,#4058);
#3623=AXIS2_PLACEMENT_3D('',#5102,#4059,#4060);
#3624=AXIS2_PLACEMENT_3D('',#5105,#4063,#4064);
#3625=AXIS2_PLACEMENT_3D('',#5108,#4067,#4068);
#3626=AXIS2_PLACEMENT_3D('',#5111,#4069,#4070);
#3627=AXIS2_PLACEMENT_3D('',#5114,#4073,#4074);
#3628=AXIS2_PLACEMENT_3D('',#5117,#4077,#4078);
#3629=AXIS2_PLACEMENT_3D('',#5120,#4079,#4080);
#3630=AXIS2_PLACEMENT_3D('',#5123,#4083,#4084);
#3631=AXIS2_PLACEMENT_3D('',#5126,#4087,#4088);
#3632=AXIS2_PLACEMENT_3D('',#5129,#4089,#4090);
#3633=AXIS2_PLACEMENT_3D('',#5132,#4093,#4094);
#3634=AXIS2_PLACEMENT_3D('',#5134,#4096,#4097);
#3635=AXIS2_PLACEMENT_3D('',#5136,#4099,#4100);
#3636=AXIS2_PLACEMENT_3D('',#5142,#4104,#4105);
#3637=AXIS2_PLACEMENT_3D('',#5144,#4107,#4108);
#3638=AXIS2_PLACEMENT_3D('',#5148,#4111,#4112);
#3639=AXIS2_PLACEMENT_3D('',#5150,#4114,#4115);
#3640=AXIS2_PLACEMENT_3D('',#5151,#4116,#4117);
#3641=AXIS2_PLACEMENT_3D('',#5153,#4119,#4120);
#3642=AXIS2_PLACEMENT_3D('',#5155,#4122,#4123);
#3643=AXIS2_PLACEMENT_3D('',#5158,#4124,#4125);
#3644=AXIS2_PLACEMENT_3D('',#5172,#4133,#4134);
#3645=AXIS2_PLACEMENT_3D('',#5176,#4136,#4137);
#3646=AXIS2_PLACEMENT_3D('',#5178,#4139,#4140);
#3647=AXIS2_PLACEMENT_3D('',#5182,#4143,#4144);
#3648=AXIS2_PLACEMENT_3D('',#5186,#4147,#4148);
#3649=AXIS2_PLACEMENT_3D('',#5190,#4151,#4152);
#3650=AXIS2_PLACEMENT_3D('',#5193,#4153,#4154);
#3651=AXIS2_PLACEMENT_3D('',#5195,#4155,#4156);
#3652=AXIS2_PLACEMENT_3D('',#5196,#4157,#4158);
#3653=AXIS2_PLACEMENT_3D('',#5197,#4159,#4160);
#3654=AXIS2_PLACEMENT_3D('',#5200,#4161,#4162);
#3655=AXIS2_PLACEMENT_3D('',#5202,#4163,#4164);
#3656=AXIS2_PLACEMENT_3D('',#5203,#4165,#4166);
#3657=AXIS2_PLACEMENT_3D('',#5204,#4167,#4168);
#3658=AXIS2_PLACEMENT_3D('',#5207,#4169,#4170);
#3659=AXIS2_PLACEMENT_3D('',#5209,#4171,#4172);
#3660=AXIS2_PLACEMENT_3D('',#5210,#4173,#4174);
#3661=AXIS2_PLACEMENT_3D('',#5211,#4175,#4176);
#3662=AXIS2_PLACEMENT_3D('',#5214,#4177,#4178);
#3663=AXIS2_PLACEMENT_3D('',#5216,#4179,#4180);
#3664=AXIS2_PLACEMENT_3D('',#5217,#4181,#4182);
#3665=AXIS2_PLACEMENT_3D('',#5218,#4183,#4184);
#3666=AXIS2_PLACEMENT_3D('',#5221,#4185,#4186);
#3667=AXIS2_PLACEMENT_3D('',#5224,#4189,#4190);
#3668=AXIS2_PLACEMENT_3D('',#5227,#4193,#4194);
#3669=AXIS2_PLACEMENT_3D('',#5230,#4197,#4198);
#3670=AXIS2_PLACEMENT_3D('',#5233,#4199,#4200);
#3671=AXIS2_PLACEMENT_3D('',#5236,#4203,#4204);
#3672=AXIS2_PLACEMENT_3D('',#5239,#4207,#4208);
#3673=AXIS2_PLACEMENT_3D('',#5242,#4209,#4210);
#3674=AXIS2_PLACEMENT_3D('',#5245,#4213,#4214);
#3675=AXIS2_PLACEMENT_3D('',#5248,#4217,#4218);
#3676=AXIS2_PLACEMENT_3D('',#5251,#4219,#4220);
#3677=AXIS2_PLACEMENT_3D('',#5254,#4223,#4224);
#3678=AXIS2_PLACEMENT_3D('',#5256,#4226,#4227);
#3679=AXIS2_PLACEMENT_3D('',#5258,#4229,#4230);
#3680=AXIS2_PLACEMENT_3D('',#5264,#4234,#4235);
#3681=AXIS2_PLACEMENT_3D('',#5266,#4237,#4238);
#3682=AXIS2_PLACEMENT_3D('',#5270,#4241,#4242);
#3683=AXIS2_PLACEMENT_3D('',#5272,#4244,#4245);
#3684=AXIS2_PLACEMENT_3D('',#5273,#4246,#4247);
#3685=AXIS2_PLACEMENT_3D('',#5275,#4249,#4250);
#3686=AXIS2_PLACEMENT_3D('',#5277,#4252,#4253);
#3687=AXIS2_PLACEMENT_3D('',#5280,#4254,#4255);
#3688=AXIS2_PLACEMENT_3D('',#5284,#4257,#4258);
#3689=AXIS2_PLACEMENT_3D('',#5286,#4259,#4260);
#3690=AXIS2_PLACEMENT_3D('',#5287,#4261,#4262);
#3691=AXIS2_PLACEMENT_3D('',#5288,#4263,#4264);
#3692=AXIS2_PLACEMENT_3D('',#5292,#4266,#4267);
#3693=AXIS2_PLACEMENT_3D('',#5293,#4268,#4269);
#3694=AXIS2_PLACEMENT_3D('',#5297,#4271,#4272);
#3695=AXIS2_PLACEMENT_3D('',#5298,#4273,#4274);
#3696=AXIS2_PLACEMENT_3D('',#5300,#4275,#4276);
#3697=AXIS2_PLACEMENT_3D('',#5321,#4278,#4279);
#3698=AXIS2_PLACEMENT_3D('',#5356,#4280,#4281);
#3699=AXIS2_PLACEMENT_3D('',#5363,#4282,#4283);
#3700=AXIS2_PLACEMENT_3D('',#5374,#4284,#4285);
#3701=AXIS2_PLACEMENT_3D('',#5380,#4289,#4290);
#3702=AXIS2_PLACEMENT_3D('',#5384,#4293,#4294);
#3703=AXIS2_PLACEMENT_3D('',#5388,#4297,#4298);
#3704=AXIS2_PLACEMENT_3D('',#5389,#4299,#4300);
#3705=AXIS2_PLACEMENT_3D('',#5390,#4301,#4302);
#3706=AXIS2_PLACEMENT_3D('',#5391,#4303,#4304);
#3707=AXIS2_PLACEMENT_3D('',#5392,#4305,#4306);
#3708=AXIS2_PLACEMENT_3D('',#5394,#4307,#4308);
#3709=AXIS2_PLACEMENT_3D('',#5398,#4310,#4311);
#3710=AXIS2_PLACEMENT_3D('',#5399,#4312,#4313);
#3711=AXIS2_PLACEMENT_3D('',#5401,#4314,#4315);
#3712=AXIS2_PLACEMENT_3D('',#5402,#4316,#4317);
#3713=AXIS2_PLACEMENT_3D('',#5403,#4318,#4319);
#3714=AXIS2_PLACEMENT_3D('',#5406,#4320,#4321);
#3715=AXIS2_PLACEMENT_3D('',#5407,#4322,#4323);
#3716=AXIS2_PLACEMENT_3D('',#5408,#4324,#4325);
#3717=AXIS2_PLACEMENT_3D('',#5409,#4326,#4327);
#3718=AXIS2_PLACEMENT_3D('',#5419,#4333,#4334);
#3719=AXIS2_PLACEMENT_3D('',#5429,#4340,#4341);
#3720=AXIS2_PLACEMENT_3D('',#5433,#4343,#4344);
#3721=AXIS2_PLACEMENT_3D('',#5435,#4345,#4346);
#3722=AXIS2_PLACEMENT_3D('',#5437,#4348,#4349);
#3723=AXIS2_PLACEMENT_3D('',#5438,#4350,#4351);
#3724=AXIS2_PLACEMENT_3D('',#5441,#4353,#4354);
#3725=AXIS2_PLACEMENT_3D('',#5442,#4355,#4356);
#3726=AXIS2_PLACEMENT_3D('',#5488,#4357,#4358);
#3727=AXIS2_PLACEMENT_3D('',#5489,#4359,#4360);
#3728=AXIS2_PLACEMENT_3D('',#5490,#4361,#4362);
#3729=AXIS2_PLACEMENT_3D('',#5493,#4365,#4366);
#3730=AXIS2_PLACEMENT_3D('',#5494,#4367,#4368);
#3731=AXIS2_PLACEMENT_3D('',#5503,#4372,#4373);
#3732=AXIS2_PLACEMENT_3D('',#5505,#4375,#4376);
#3733=AXIS2_PLACEMENT_3D('',#5514,#4380,#4381);
#3734=AXIS2_PLACEMENT_3D('',#5516,#4383,#4384);
#3735=AXIS2_PLACEMENT_3D('',#5525,#4388,#4389);
#3736=AXIS2_PLACEMENT_3D('',#5527,#4391,#4392);
#3737=AXIS2_PLACEMENT_3D('',#5536,#4396,#4397);
#3738=AXIS2_PLACEMENT_3D('',#5538,#4399,#4400);
#3739=AXIS2_PLACEMENT_3D('',#5543,#4403,#4404);
#3740=AXIS2_PLACEMENT_3D('',#5544,#4405,#4406);
#3741=AXIS2_PLACEMENT_3D('',#5549,#4409,#4410);
#3742=AXIS2_PLACEMENT_3D('',#5550,#4411,#4412);
#3743=AXIS2_PLACEMENT_3D('',#5554,#4414,#4415);
#3744=AXIS2_PLACEMENT_3D('',#5556,#4417,#4418);
#3745=AXIS2_PLACEMENT_3D('',#5564,#4423,#4424);
#3746=AXIS2_PLACEMENT_3D('',#5567,#4425,#4426);
#3747=AXIS2_PLACEMENT_3D('',#5570,#4429,#4430);
#3748=AXIS2_PLACEMENT_3D('',#5578,#4435,#4436);
#3749=AXIS2_PLACEMENT_3D('',#5582,#4438,#4439);
#3750=AXIS2_PLACEMENT_3D('',#5584,#4441,#4442);
#3751=AXIS2_PLACEMENT_3D('',#5592,#4447,#4448);
#3752=AXIS2_PLACEMENT_3D('',#5595,#4449,#4450);
#3753=AXIS2_PLACEMENT_3D('',#5598,#4453,#4454);
#3754=AXIS2_PLACEMENT_3D('',#5606,#4459,#4460);
#3755=AXIS2_PLACEMENT_3D('',#5612,#4464,#4465);
#3756=AXIS2_PLACEMENT_3D('',#5618,#4469,#4470);
#3757=AXIS2_PLACEMENT_3D('',#5621,#4473,#4474);
#3758=AXIS2_PLACEMENT_3D('',#5627,#4478,#4479);
#3759=AXIS2_PLACEMENT_3D('',#5630,#4482,#4483);
#3760=AXIS2_PLACEMENT_3D('',#5636,#4487,#4488);
#3761=AXIS2_PLACEMENT_3D('',#5640,#4490,#4491);
#3762=AXIS2_PLACEMENT_3D('',#5642,#4493,#4494);
#3763=AXIS2_PLACEMENT_3D('',#5651,#4499,#4500);
#3764=AXIS2_PLACEMENT_3D('',#5657,#4504,#4505);
#3765=AXIS2_PLACEMENT_3D('',#5663,#4509,#4510);
#3766=AXIS2_PLACEMENT_3D('',#5669,#4514,#4515);
#3767=AXIS2_PLACEMENT_3D('',#5675,#4519,#4520);
#3768=AXIS2_PLACEMENT_3D('',#5681,#4524,#4525);
#3769=AXIS2_PLACEMENT_3D('',#5687,#4529,#4530);
#3770=AXIS2_PLACEMENT_3D('',#5693,#4534,#4535);
#3771=AXIS2_PLACEMENT_3D('',#5699,#4539,#4540);
#3772=AXIS2_PLACEMENT_3D('',#5705,#4544,#4545);
#3773=AXIS2_PLACEMENT_3D('',#5711,#4549,#4550);
#3774=AXIS2_PLACEMENT_3D('',#5714,#4553,#4554);
#3775=AXIS2_PLACEMENT_3D('',#5723,#4559,#4560);
#3776=AXIS2_PLACEMENT_3D('',#5729,#4564,#4565);
#3777=AXIS2_PLACEMENT_3D('',#5735,#4569,#4570);
#3778=AXIS2_PLACEMENT_3D('',#5741,#4574,#4575);
#3779=AXIS2_PLACEMENT_3D('',#5747,#4579,#4580);
#3780=AXIS2_PLACEMENT_3D('',#5753,#4584,#4585);
#3781=AXIS2_PLACEMENT_3D('',#5759,#4589,#4590);
#3782=AXIS2_PLACEMENT_3D('',#5765,#4594,#4595);
#3783=AXIS2_PLACEMENT_3D('',#5771,#4599,#4600);
#3784=AXIS2_PLACEMENT_3D('',#5777,#4604,#4605);
#3785=AXIS2_PLACEMENT_3D('',#5783,#4609,#4610);
#3786=AXIS2_PLACEMENT_3D('',#5786,#4613,#4614);
#3787=AXIS2_PLACEMENT_3D('',#5787,#4615,#4616);
#3788=AXIS2_PLACEMENT_3D('',#5791,#4619,#4620);
#3789=AXIS2_PLACEMENT_3D('',#5795,#4623,#4624);
#3790=AXIS2_PLACEMENT_3D('',#5799,#4627,#4628);
#3791=AXIS2_PLACEMENT_3D('',#5805,#4632,#4633);
#3792=AXIS2_PLACEMENT_3D('',#5808,#4635,#4636);
#3793=AXIS2_PLACEMENT_3D('',#5809,#4637,#4638);
#3794=AXIS2_PLACEMENT_3D('',#5810,#4639,#4640);
#3795=AXIS2_PLACEMENT_3D('',#5812,#4641,#4642);
#3796=AXIS2_PLACEMENT_3D('',#5814,#4643,#4644);
#3797=AXIS2_PLACEMENT_3D('',#5816,#4646,#4647);
#3798=AXIS2_PLACEMENT_3D('',#5817,#4648,#4649);
#3799=AXIS2_PLACEMENT_3D('',#5819,#4650,#4651);
#3800=AXIS2_PLACEMENT_3D('',#5822,#4653,#4654);
#3801=AXIS2_PLACEMENT_3D('',#5823,#4655,#4656);
#3802=AXIS2_PLACEMENT_3D('',#5827,#4659,#4660);
#3803=AXIS2_PLACEMENT_3D('',#5831,#4663,#4664);
#3804=AXIS2_PLACEMENT_3D('',#5835,#4667,#4668);
#3805=AXIS2_PLACEMENT_3D('',#5839,#4671,#4672);
#3806=AXIS2_PLACEMENT_3D('',#5843,#4675,#4676);
#3807=AXIS2_PLACEMENT_3D('',#5847,#4679,#4680);
#3808=AXIS2_PLACEMENT_3D('',#5849,#4682,#4683);
#3809=AXIS2_PLACEMENT_3D('',#5853,#4686,#4687);
#3810=AXIS2_PLACEMENT_3D('',#5857,#4690,#4691);
#3811=AXIS2_PLACEMENT_3D('',#5861,#4694,#4695);
#3812=AXIS2_PLACEMENT_3D('',#5865,#4698,#4699);
#3813=AXIS2_PLACEMENT_3D('',#5869,#4702,#4703);
#3814=AXIS2_PLACEMENT_3D('',#5873,#4706,#4707);
#3815=AXIS2_PLACEMENT_3D('',#5877,#4710,#4711);
#3816=AXIS2_PLACEMENT_3D('',#5881,#4714,#4715);
#3817=AXIS2_PLACEMENT_3D('',#5883,#4717,#4718);
#3818=AXIS2_PLACEMENT_3D('',#5898,#4727,#4728);
#3819=AXIS2_PLACEMENT_3D('',#5900,#4730,#4731);
#3820=AXIS2_PLACEMENT_3D('',#5902,#4733,#4734);
#3821=AXIS2_PLACEMENT_3D('',#5905,#4737,#4738);
#3822=AXIS2_PLACEMENT_3D('',#5907,#4740,#4741);
#3823=AXIS2_PLACEMENT_3D('',#5909,#4743,#4744);
#3824=AXIS2_PLACEMENT_3D('',#5910,#4745,#4746);
#3825=AXIS2_PLACEMENT_3D('',#5913,#4747,#4748);
#3826=AXIS2_PLACEMENT_3D('',#5919,#4752,#4753);
#3827=AXIS2_PLACEMENT_3D('',#5924,#4757,#4758);
#3828=AXIS2_PLACEMENT_3D('',#5926,#4759,#4760);
#3829=AXIS2_PLACEMENT_3D('',#5928,#4762,#4763);
#3830=AXIS2_PLACEMENT_3D('',#5931,#4766,#4767);
#3831=AXIS2_PLACEMENT_3D('',#5933,#4769,#4770);
#3832=AXIS2_PLACEMENT_3D('',#5934,#4771,#4772);
#3833=AXIS2_PLACEMENT_3D('',#5941,#4777,#4778);
#3834=AXIS2_PLACEMENT_3D('',#5945,#4780,#4781);
#3835=AXIS2_PLACEMENT_3D('',#5947,#4783,#4784);
#3836=AXIS2_PLACEMENT_3D('',#5951,#4787,#4788);
#3837=AXIS2_PLACEMENT_3D('',#5954,#4790,#4791);
#3838=AXIS2_PLACEMENT_3D('',#5955,#4792,#4793);
#3839=AXIS2_PLACEMENT_3D('',#5957,#4795,#4796);
#3840=AXIS2_PLACEMENT_3D('',#5958,#4797,#4798);
#3841=AXIS2_PLACEMENT_3D('',#5961,#4799,#4800);
#3842=AXIS2_PLACEMENT_3D('',#5967,#4804,#4805);
#3843=AXIS2_PLACEMENT_3D('',#5972,#4809,#4810);
#3844=AXIS2_PLACEMENT_3D('',#5977,#4814,#4815);
#3845=AXIS2_PLACEMENT_3D('',#5978,#4816,#4817);
#3846=AXIS2_PLACEMENT_3D('',#5979,#4818,#4819);
#3847=AXIS2_PLACEMENT_3D('',#5981,#4821,#4822);
#3848=AXIS2_PLACEMENT_3D('',#5982,#4823,#4824);
#3849=AXIS2_PLACEMENT_3D('',#5989,#4829,#4830);
#3850=AXIS2_PLACEMENT_3D('',#5994,#4833,#4834);
#3851=AXIS2_PLACEMENT_3D('',#5995,#4835,#4836);
#3852=AXIS2_PLACEMENT_3D('',#5999,#4838,#4839);
#3853=AXIS2_PLACEMENT_3D('',#6001,#4841,#4842);
#3854=AXIS2_PLACEMENT_3D('',#6003,#4844,#4845);
#3855=AXIS2_PLACEMENT_3D('',#6005,#4847,#4848);
#3856=DIRECTION('axis',(0.,0.,1.));
#3857=DIRECTION('refdir',(1.,0.,0.));
#3858=DIRECTION('center_axis',(0.199367934417198,-1.094764E-47,-0.979924704620829));
#3859=DIRECTION('ref_axis',(0.979924704620829,-1.032108E-31,0.199367934417198));
#3860=DIRECTION('center_axis',(-0.199367934417198,2.736911E-48,0.979924704620829));
#3861=DIRECTION('ref_axis',(0.979924704620829,-1.032108E-31,0.199367934417198));
#3862=DIRECTION('center_axis',(1.,0.,0.));
#3863=DIRECTION('ref_axis',(0.,0.,-1.));
#3864=DIRECTION('center_axis',(-1.,0.,0.));
#3865=DIRECTION('ref_axis',(0.,0.707106781186548,-0.707106781186547));
#3866=DIRECTION('',(0.,0.,-1.));
#3867=DIRECTION('',(0.,1.,0.));
#3868=DIRECTION('',(0.,0.,-1.));
#3869=DIRECTION('',(0.,-1.,0.));
#3870=DIRECTION('',(0.,0.,-1.));
#3871=DIRECTION('',(0.,1.,0.));
#3872=DIRECTION('',(0.,0.,-1.));
#3873=DIRECTION('center_axis',(1.,0.,0.));
#3874=DIRECTION('ref_axis',(0.,-1.22464679914735E-16,-1.));
#3875=DIRECTION('',(-1.,0.,0.));
#3876=DIRECTION('center_axis',(1.,0.,0.));
#3877=DIRECTION('ref_axis',(0.,0.707106781186548,-0.707106781186547));
#3878=DIRECTION('',(1.,0.,0.));
#3879=DIRECTION('center_axis',(0.,-1.,0.));
#3880=DIRECTION('ref_axis',(0.,0.,-1.));
#3881=DIRECTION('',(1.,0.,0.));
#3882=DIRECTION('',(0.,0.,-1.));
#3883=DIRECTION('center_axis',(0.,1.,0.));
#3884=DIRECTION('ref_axis',(0.,0.,1.));
#3885=DIRECTION('',(0.,0.,-1.));
#3886=DIRECTION('',(-1.,0.,0.));
#3887=DIRECTION('center_axis',(0.,0.,-1.));
#3888=DIRECTION('ref_axis',(-1.,0.,0.));
#3889=DIRECTION('',(1.,0.,0.));
#3890=DIRECTION('',(0.,-1.,0.));
#3891=DIRECTION('center_axis',(0.,0.,-1.));
#3892=DIRECTION('ref_axis',(-1.,0.,0.));
#3893=DIRECTION('',(0.,-1.,0.));
#3894=DIRECTION('',(-1.,0.,0.));
#3895=DIRECTION('center_axis',(1.,0.,0.));
#3896=DIRECTION('ref_axis',(0.,-1.,0.));
#3897=DIRECTION('center_axis',(0.577350269189625,-0.577350269189628,-0.577350269189625));
#3898=DIRECTION('ref_axis',(-0.408248290463862,0.408248290463862,-0.816496580927727));
#3899=DIRECTION('center_axis',(1.,0.,0.));
#3900=DIRECTION('ref_axis',(0.,0.,-1.));
#3901=DIRECTION('center_axis',(0.,1.,0.));
#3902=DIRECTION('ref_axis',(-0.38268343236509,0.,-0.923879532511287));
#3903=DIRECTION('center_axis',(1.,0.,0.));
#3904=DIRECTION('ref_axis',(0.,-1.,0.));
#3905=DIRECTION('center_axis',(0.,-1.,0.));
#3906=DIRECTION('ref_axis',(-0.38268343236509,0.,-0.923879532511287));
#3907=DIRECTION('center_axis',(1.,0.,0.));
#3908=DIRECTION('ref_axis',(0.,-0.707106781186548,-0.707106781186547));
#3909=DIRECTION('center_axis',(0.577350269189623,0.577350269189626,-0.577350269189628));
#3910=DIRECTION('ref_axis',(-0.408248290463865,-0.408248290463864,-0.816496580927724));
#3911=DIRECTION('center_axis',(1.,0.,0.));
#3912=DIRECTION('ref_axis',(0.,-1.,0.));
#3913=DIRECTION('center_axis',(-0.577350269189626,-0.577350269189627,-0.577350269189625));
#3914=DIRECTION('ref_axis',(0.408248290463862,0.408248290463863,-0.816496580927727));
#3915=DIRECTION('center_axis',(0.,-1.,0.));
#3916=DIRECTION('ref_axis',(0.,0.,-1.));
#3917=DIRECTION('center_axis',(1.,0.,0.));
#3918=DIRECTION('ref_axis',(0.,0.38268343236509,-0.923879532511287));
#3919=DIRECTION('center_axis',(1.,0.,0.));
#3920=DIRECTION('ref_axis',(0.,-1.,0.));
#3921=DIRECTION('center_axis',(1.,0.,0.));
#3922=DIRECTION('ref_axis',(0.,-0.382683432365089,-0.923879532511287));
#3923=DIRECTION('center_axis',(0.,1.,0.));
#3924=DIRECTION('ref_axis',(0.707106781186548,0.,-0.707106781186547));
#3925=DIRECTION('center_axis',(-0.577350269189625,0.577350269189626,-0.577350269189626));
#3926=DIRECTION('ref_axis',(0.408248290463865,-0.408248290463862,-0.816496580927726));
#3927=DIRECTION('center_axis',(0.,1.,0.));
#3928=DIRECTION('ref_axis',(0.38268343236507,0.,-0.923879532511295));
#3929=DIRECTION('',(0.,-1.,0.));
#3930=DIRECTION('',(0.,1.,0.));
#3931=DIRECTION('center_axis',(-0.577350269189626,0.577350269189626,-0.577350269189626));
#3932=DIRECTION('ref_axis',(0.408248290463882,-0.408248290463844,-0.816496580927726));
#3933=DIRECTION('center_axis',(0.,0.,1.));
#3934=DIRECTION('ref_axis',(0.707106781186548,-0.707106781186547,0.));
#3935=DIRECTION('',(-0.577350269189625,0.577350269189626,-0.577350269189626));
#3936=DIRECTION('',(0.577350269189626,-0.577350269189626,0.577350269189626));
#3937=DIRECTION('center_axis',(1.,0.,0.));
#3938=DIRECTION('ref_axis',(0.,-0.38268343236509,-0.923879532511287));
#3939=DIRECTION('',(-1.,0.,0.));
#3940=DIRECTION('',(1.,0.,0.));
#3941=DIRECTION('center_axis',(-0.577350269189626,-0.577350269189626,-0.577350269189626));
#3942=DIRECTION('ref_axis',(0.408248290463881,0.408248290463845,-0.816496580927726));
#3943=DIRECTION('center_axis',(0.,0.,1.));
#3944=DIRECTION('ref_axis',(0.707106781186548,0.707106781186547,0.));
#3945=DIRECTION('',(-0.577350269189626,-0.577350269189626,-0.577350269189626));
#3946=DIRECTION('',(0.577350269189626,0.577350269189626,0.577350269189626));
#3947=DIRECTION('center_axis',(-1.,0.,0.));
#3948=DIRECTION('ref_axis',(0.,0.38268343236509,-0.923879532511287));
#3949=DIRECTION('',(1.,0.,0.));
#3950=DIRECTION('',(-1.,0.,0.));
#3951=DIRECTION('center_axis',(0.577350269189626,0.577350269189626,-0.577350269189626));
#3952=DIRECTION('ref_axis',(-0.408248290463864,-0.408248290463862,-0.816496580927726));
#3953=DIRECTION('center_axis',(0.,0.,1.));
#3954=DIRECTION('ref_axis',(-0.707106781186547,-0.707106781186547,0.));
#3955=DIRECTION('',(0.577350269189626,0.577350269189626,-0.577350269189626));
#3956=DIRECTION('',(-0.577350269189626,-0.577350269189626,0.577350269189626));
#3957=DIRECTION('center_axis',(0.,-1.,0.));
#3958=DIRECTION('ref_axis',(-0.38268343236509,0.,-0.923879532511287));
#3959=DIRECTION('',(0.,1.,0.));
#3960=DIRECTION('',(0.,-1.,0.));
#3961=DIRECTION('center_axis',(0.577350269189626,-0.577350269189626,-0.577350269189626));
#3962=DIRECTION('ref_axis',(-0.408248290463863,0.408248290463863,-0.816496580927726));
#3963=DIRECTION('center_axis',(0.,0.,1.));
#3964=DIRECTION('ref_axis',(-0.707106781186547,0.707106781186547,0.));
#3965=DIRECTION('',(0.577350269189626,-0.577350269189626,-0.577350269189626));
#3966=DIRECTION('',(-0.577350269189626,0.577350269189626,0.577350269189626));
#3967=DIRECTION('center_axis',(0.707106781186548,-1.772113E-16,-0.707106781186547));
#3968=DIRECTION('ref_axis',(-0.707106781186547,0.,-0.707106781186548));
#3969=DIRECTION('',(0.,1.,0.));
#3970=DIRECTION('center_axis',(1.242162E-16,0.707106781186548,-0.707106781186547));
#3971=DIRECTION('ref_axis',(-1.,8.78341173532245E-17,-8.78341173532244E-17));
#3972=DIRECTION('',(-1.,0.,0.));
#3973=DIRECTION('center_axis',(0.,0.,-1.));
#3974=DIRECTION('ref_axis',(-1.,0.,0.));
#3975=DIRECTION('',(1.,0.,0.));
#3976=DIRECTION('',(0.,1.,0.));
#3977=DIRECTION('',(-1.,0.,0.));
#3978=DIRECTION('center_axis',(0.,1.,0.));
#3979=DIRECTION('ref_axis',(0.,0.,1.));
#3980=DIRECTION('',(0.,0.,-1.));
#3981=DIRECTION('center_axis',(0.,-1.,0.));
#3982=DIRECTION('ref_axis',(0.,0.,-1.));
#3983=DIRECTION('',(0.,0.,-1.));
#3984=DIRECTION('center_axis',(-1.,0.,0.));
#3985=DIRECTION('ref_axis',(0.,0.,1.));
#3986=DIRECTION('center_axis',(-1.242162E-16,-0.707106781186548,-0.707106781186547));
#3987=DIRECTION('ref_axis',(-1.,8.78341173532245E-17,8.78341173532244E-17));
#3988=DIRECTION('',(1.,0.,0.));
#3989=DIRECTION('center_axis',(-0.707106781186548,1.772113E-16,-0.707106781186547));
#3990=DIRECTION('ref_axis',(-0.707106781186547,0.,0.707106781186548));
#3991=DIRECTION('',(0.,-1.,0.));
#3992=DIRECTION('center_axis',(1.,0.,0.));
#3993=DIRECTION('ref_axis',(0.,0.,-1.));
#3994=DIRECTION('center_axis',(-1.,0.,0.));
#3995=DIRECTION('ref_axis',(0.,0.707106781186548,-0.707106781186547));
#3996=DIRECTION('',(0.,0.,-1.));
#3997=DIRECTION('',(0.,1.,0.));
#3998=DIRECTION('',(0.,0.,-1.));
#3999=DIRECTION('',(0.,-1.,0.));
#4000=DIRECTION('',(0.,0.,-1.));
#4001=DIRECTION('',(0.,1.,0.));
#4002=DIRECTION('',(0.,0.,-1.));
#4003=DIRECTION('center_axis',(1.,0.,0.));
#4004=DIRECTION('ref_axis',(0.,-1.22464679914735E-16,-1.));
#4005=DIRECTION('',(-1.,0.,0.));
#4006=DIRECTION('center_axis',(1.,0.,0.));
#4007=DIRECTION('ref_axis',(0.,0.707106781186548,-0.707106781186547));
#4008=DIRECTION('',(1.,0.,0.));
#4009=DIRECTION('center_axis',(0.,-1.,0.));
#4010=DIRECTION('ref_axis',(0.,0.,-1.));
#4011=DIRECTION('',(1.,0.,0.));
#4012=DIRECTION('',(0.,0.,-1.));
#4013=DIRECTION('center_axis',(0.,1.,0.));
#4014=DIRECTION('ref_axis',(0.,0.,1.));
#4015=DIRECTION('',(0.,0.,-1.));
#4016=DIRECTION('',(-1.,0.,0.));
#4017=DIRECTION('center_axis',(0.,0.,-1.));
#4018=DIRECTION('ref_axis',(-1.,0.,0.));
#4019=DIRECTION('',(0.,-1.,0.));
#4020=DIRECTION('',(-1.,0.,0.));
#4021=DIRECTION('center_axis',(1.,0.,0.));
#4022=DIRECTION('ref_axis',(0.,-1.,0.));
#4023=DIRECTION('center_axis',(0.577350269189625,-0.577350269189627,-0.577350269189626));
#4024=DIRECTION('ref_axis',(-0.408248290463863,0.408248290463863,-0.816496580927726));
#4025=DIRECTION('center_axis',(1.,0.,0.));
#4026=DIRECTION('ref_axis',(0.,0.,-1.));
#4027=DIRECTION('center_axis',(0.,1.,0.));
#4028=DIRECTION('ref_axis',(-0.38268343236509,0.,-0.923879532511287));
#4029=DIRECTION('center_axis',(1.,0.,0.));
#4030=DIRECTION('ref_axis',(0.,-1.,0.));
#4031=DIRECTION('center_axis',(0.,-1.,0.));
#4032=DIRECTION('ref_axis',(-0.38268343236509,0.,-0.923879532511287));
#4033=DIRECTION('center_axis',(1.,0.,0.));
#4034=DIRECTION('ref_axis',(0.,-0.707106781186547,-0.707106781186547));
#4035=DIRECTION('center_axis',(0.577350269189626,0.577350269189626,-0.577350269189626));
#4036=DIRECTION('ref_axis',(-0.408248290463863,-0.408248290463863,-0.816496580927726));
#4037=DIRECTION('center_axis',(1.,0.,0.));
#4038=DIRECTION('ref_axis',(0.,-1.,0.));
#4039=DIRECTION('center_axis',(-0.577350269189626,-0.577350269189626,-0.577350269189626));
#4040=DIRECTION('ref_axis',(0.408248290463863,0.408248290463863,-0.816496580927726));
#4041=DIRECTION('center_axis',(0.,-1.,0.));
#4042=DIRECTION('ref_axis',(0.,0.,-1.));
#4043=DIRECTION('center_axis',(1.,0.,0.));
#4044=DIRECTION('ref_axis',(0.,0.38268343236509,-0.923879532511287));
#4045=DIRECTION('center_axis',(1.,0.,0.));
#4046=DIRECTION('ref_axis',(0.,-1.,0.));
#4047=DIRECTION('center_axis',(1.,0.,0.));
#4048=DIRECTION('ref_axis',(0.,-0.382683432365089,-0.923879532511287));
#4049=DIRECTION('center_axis',(0.,1.,0.));
#4050=DIRECTION('ref_axis',(0.707106781186547,0.,-0.707106781186548));
#4051=DIRECTION('center_axis',(-0.577350269189625,0.577350269189626,-0.577350269189626));
#4052=DIRECTION('ref_axis',(0.408248290463863,-0.408248290463863,-0.816496580927726));
#4053=DIRECTION('center_axis',(0.,1.,0.));
#4054=DIRECTION('ref_axis',(0.38268343236509,0.,-0.923879532511287));
#4055=DIRECTION('',(0.,-1.,0.));
#4056=DIRECTION('',(0.,1.,0.));
#4057=DIRECTION('center_axis',(-0.577350269189626,0.577350269189626,-0.577350269189626));
#4058=DIRECTION('ref_axis',(0.408248290463863,-0.408248290463863,-0.816496580927726));
#4059=DIRECTION('center_axis',(0.,0.,1.));
#4060=DIRECTION('ref_axis',(0.707106781186547,-0.707106781186547,0.));
#4061=DIRECTION('',(-0.577350269189626,0.577350269189626,-0.577350269189626));
#4062=DIRECTION('',(0.577350269189626,-0.577350269189626,0.577350269189626));
#4063=DIRECTION('center_axis',(1.,0.,0.));
#4064=DIRECTION('ref_axis',(0.,-0.38268343236509,-0.923879532511287));
#4065=DIRECTION('',(-1.,0.,0.));
#4066=DIRECTION('',(1.,0.,0.));
#4067=DIRECTION('center_axis',(-0.577350269189626,-0.577350269189626,-0.577350269189626));
#4068=DIRECTION('ref_axis',(0.408248290463863,0.408248290463863,-0.816496580927726));
#4069=DIRECTION('center_axis',(0.,0.,1.));
#4070=DIRECTION('ref_axis',(0.707106781186547,0.707106781186547,0.));
#4071=DIRECTION('',(-0.577350269189626,-0.577350269189626,-0.577350269189626));
#4072=DIRECTION('',(0.577350269189626,0.577350269189626,0.577350269189626));
#4073=DIRECTION('center_axis',(-1.,0.,0.));
#4074=DIRECTION('ref_axis',(0.,0.38268343236509,-0.923879532511287));
#4075=DIRECTION('',(1.,0.,0.));
#4076=DIRECTION('',(-1.,0.,0.));
#4077=DIRECTION('center_axis',(0.577350269189626,0.577350269189626,-0.577350269189626));
#4078=DIRECTION('ref_axis',(-0.408248290463863,-0.408248290463863,-0.816496580927726));
#4079=DIRECTION('center_axis',(0.,0.,1.));
#4080=DIRECTION('ref_axis',(-0.707106781186547,-0.707106781186547,0.));
#4081=DIRECTION('',(0.577350269189626,0.577350269189626,-0.577350269189626));
#4082=DIRECTION('',(-0.577350269189626,-0.577350269189626,0.577350269189626));
#4083=DIRECTION('center_axis',(0.,-1.,0.));
#4084=DIRECTION('ref_axis',(-0.38268343236509,0.,-0.923879532511287));
#4085=DIRECTION('',(0.,1.,0.));
#4086=DIRECTION('',(0.,-1.,0.));
#4087=DIRECTION('center_axis',(0.577350269189626,-0.577350269189626,-0.577350269189626));
#4088=DIRECTION('ref_axis',(-0.408248290463863,0.408248290463863,-0.816496580927726));
#4089=DIRECTION('center_axis',(0.,0.,1.));
#4090=DIRECTION('ref_axis',(-0.707106781186547,0.707106781186547,0.));
#4091=DIRECTION('',(0.577350269189626,-0.577350269189626,-0.577350269189626));
#4092=DIRECTION('',(-0.577350269189626,0.577350269189626,0.577350269189626));
#4093=DIRECTION('center_axis',(0.707106781186548,-8.860567E-17,-0.707106781186547));
#4094=DIRECTION('ref_axis',(-0.707106781186547,0.,-0.707106781186548));
#4095=DIRECTION('',(0.,1.,0.));
#4096=DIRECTION('center_axis',(1.242162E-16,0.707106781186548,-0.707106781186547));
#4097=DIRECTION('ref_axis',(-1.,8.78341173532245E-17,-8.78341173532244E-17));
#4098=DIRECTION('',(-1.,0.,0.));
#4099=DIRECTION('center_axis',(0.,0.,-1.));
#4100=DIRECTION('ref_axis',(-1.,0.,0.));
#4101=DIRECTION('',(1.,0.,0.));
#4102=DIRECTION('',(0.,1.,0.));
#4103=DIRECTION('',(-1.,0.,0.));
#4104=DIRECTION('center_axis',(0.,1.,0.));
#4105=DIRECTION('ref_axis',(0.,0.,1.));
#4106=DIRECTION('',(0.,0.,-1.));
#4107=DIRECTION('center_axis',(-1.,0.,0.));
#4108=DIRECTION('ref_axis',(0.,0.,1.));
#4109=DIRECTION('',(0.,-1.,0.));
#4110=DIRECTION('',(0.,0.,-1.));
#4111=DIRECTION('center_axis',(0.,-1.,0.));
#4112=DIRECTION('ref_axis',(0.,0.,-1.));
#4113=DIRECTION('',(1.,0.,0.));
#4114=DIRECTION('center_axis',(0.,0.,-1.));
#4115=DIRECTION('ref_axis',(-1.,0.,0.));
#4116=DIRECTION('center_axis',(-1.242162E-16,-0.707106781186548,-0.707106781186547));
#4117=DIRECTION('ref_axis',(-1.,8.78341173532245E-17,8.78341173532244E-17));
#4118=DIRECTION('',(1.,0.,0.));
#4119=DIRECTION('center_axis',(-0.707106781186548,1.772113E-16,-0.707106781186547));
#4120=DIRECTION('ref_axis',(-0.707106781186547,0.,0.707106781186548));
#4121=DIRECTION('',(0.,-1.,0.));
#4122=DIRECTION('center_axis',(1.,0.,0.));
#4123=DIRECTION('ref_axis',(0.,0.,-1.));
#4124=DIRECTION('center_axis',(-1.,0.,0.));
#4125=DIRECTION('ref_axis',(0.,0.707106781186548,-0.707106781186547));
#4126=DIRECTION('',(0.,0.,-1.));
#4127=DIRECTION('',(0.,1.,0.));
#4128=DIRECTION('',(0.,0.,-1.));
#4129=DIRECTION('',(0.,-1.,0.));
#4130=DIRECTION('',(0.,0.,-1.));
#4131=DIRECTION('',(0.,1.,0.));
#4132=DIRECTION('',(0.,0.,-1.));
#4133=DIRECTION('center_axis',(1.,0.,0.));
#4134=DIRECTION('ref_axis',(0.,-1.22464679914735E-16,-1.));
#4135=DIRECTION('',(-1.,0.,0.));
#4136=DIRECTION('center_axis',(1.,0.,0.));
#4137=DIRECTION('ref_axis',(0.,0.707106781186548,-0.707106781186547));
#4138=DIRECTION('',(1.,0.,0.));
#4139=DIRECTION('center_axis',(0.,-1.,0.));
#4140=DIRECTION('ref_axis',(0.,0.,-1.));
#4141=DIRECTION('',(1.,0.,0.));
#4142=DIRECTION('',(0.,0.,-1.));
#4143=DIRECTION('center_axis',(0.,1.,0.));
#4144=DIRECTION('ref_axis',(0.,0.,1.));
#4145=DIRECTION('',(0.,0.,-1.));
#4146=DIRECTION('',(-1.,0.,0.));
#4147=DIRECTION('center_axis',(0.,0.,-1.));
#4148=DIRECTION('ref_axis',(-1.,0.,0.));
#4149=DIRECTION('',(0.,-1.,0.));
#4150=DIRECTION('',(-1.,0.,0.));
#4151=DIRECTION('center_axis',(1.,0.,0.));
#4152=DIRECTION('ref_axis',(0.,-1.,0.));
#4153=DIRECTION('center_axis',(-0.577350269189625,0.577350269189627,-0.577350269189626));
#4154=DIRECTION('ref_axis',(0.408248290463863,-0.408248290463863,-0.816496580927726));
#4155=DIRECTION('center_axis',(-1.,0.,0.));
#4156=DIRECTION('ref_axis',(0.,0.,-1.));
#4157=DIRECTION('center_axis',(0.,1.,0.));
#4158=DIRECTION('ref_axis',(0.707106781186548,0.,-0.707106781186547));
#4159=DIRECTION('center_axis',(1.,0.,0.));
#4160=DIRECTION('ref_axis',(0.,-1.,0.));
#4161=DIRECTION('center_axis',(0.577350269189625,0.577350269189626,-0.577350269189626));
#4162=DIRECTION('ref_axis',(-0.408248290463864,-0.408248290463862,-0.816496580927726));
#4163=DIRECTION('center_axis',(0.,1.,0.));
#4164=DIRECTION('ref_axis',(0.,0.,-1.));
#4165=DIRECTION('center_axis',(-1.,0.,0.));
#4166=DIRECTION('ref_axis',(0.,-0.38268343236509,-0.923879532511287));
#4167=DIRECTION('center_axis',(1.,0.,0.));
#4168=DIRECTION('ref_axis',(0.,-1.,0.));
#4169=DIRECTION('center_axis',(0.,1.,0.));
#4170=DIRECTION('ref_axis',(0.38268343236509,0.,-0.923879532511287));
#4171=DIRECTION('center_axis',(-1.,0.,0.));
#4172=DIRECTION('ref_axis',(0.,0.707106781186547,-0.707106781186547));
#4173=DIRECTION('center_axis',(-0.577350269189625,-0.577350269189626,-0.577350269189626));
#4174=DIRECTION('ref_axis',(0.408248290463863,0.408248290463863,-0.816496580927726));
#4175=DIRECTION('center_axis',(1.,0.,0.));
#4176=DIRECTION('ref_axis',(0.,-1.,0.));
#4177=DIRECTION('center_axis',(0.,1.,0.));
#4178=DIRECTION('ref_axis',(-0.382683432365089,0.,-0.923879532511287));
#4179=DIRECTION('center_axis',(-0.577350269189622,0.577350269189628,0.577350269189627));
#4180=DIRECTION('ref_axis',(2.77555756156289E-16,0.707106781186547,-0.707106781186548));
#4181=DIRECTION('center_axis',(-1.,0.,0.));
#4182=DIRECTION('ref_axis',(0.,0.382683432365089,-0.923879532511287));
#4183=DIRECTION('center_axis',(0.577350269189626,-0.577350269189626,-0.577350269189626));
#4184=DIRECTION('ref_axis',(-0.408248290463881,0.408248290463845,-0.816496580927726));
#4185=DIRECTION('center_axis',(0.,0.,1.));
#4186=DIRECTION('ref_axis',(-0.707106781186547,0.707106781186548,0.));
#4187=DIRECTION('',(0.577350269189625,-0.577350269189626,-0.577350269189626));
#4188=DIRECTION('',(-0.577350269189626,0.577350269189626,0.577350269189625));
#4189=DIRECTION('center_axis',(-1.,0.,0.));
#4190=DIRECTION('ref_axis',(0.,0.38268343236509,-0.923879532511287));
#4191=DIRECTION('',(1.,0.,0.));
#4192=DIRECTION('',(-1.,0.,0.));
#4193=DIRECTION('center_axis',(0.,-1.,0.));
#4194=DIRECTION('ref_axis',(-0.38268343236507,0.,-0.923879532511295));
#4195=DIRECTION('',(0.,1.,0.));
#4196=DIRECTION('',(0.,-1.,0.));
#4197=DIRECTION('center_axis',(-0.577350269189626,-0.577350269189626,-0.577350269189626));
#4198=DIRECTION('ref_axis',(0.408248290463863,0.408248290463863,-0.816496580927726));
#4199=DIRECTION('center_axis',(0.,0.,1.));
#4200=DIRECTION('ref_axis',(0.707106781186547,0.707106781186547,0.));
#4201=DIRECTION('',(-0.577350269189626,-0.577350269189626,-0.577350269189626));
#4202=DIRECTION('',(0.577350269189626,0.577350269189626,0.577350269189626));
#4203=DIRECTION('center_axis',(0.,1.,0.));
#4204=DIRECTION('ref_axis',(0.38268343236509,0.,-0.923879532511287));
#4205=DIRECTION('',(0.,-1.,0.));
#4206=DIRECTION('',(0.,1.,0.));
#4207=DIRECTION('center_axis',(0.577350269189626,0.577350269189626,-0.577350269189626));
#4208=DIRECTION('ref_axis',(-0.408248290463881,-0.408248290463845,-0.816496580927726));
#4209=DIRECTION('center_axis',(0.,0.,1.));
#4210=DIRECTION('ref_axis',(-0.707106781186547,-0.707106781186548,0.));
#4211=DIRECTION('',(0.577350269189626,0.577350269189626,-0.577350269189626));
#4212=DIRECTION('',(-0.577350269189626,-0.577350269189626,0.577350269189626));
#4213=DIRECTION('center_axis',(1.,0.,0.));
#4214=DIRECTION('ref_axis',(0.,-0.38268343236509,-0.923879532511287));
#4215=DIRECTION('',(-1.,0.,0.));
#4216=DIRECTION('',(1.,0.,0.));
#4217=DIRECTION('center_axis',(-0.577350269189626,0.577350269189626,-0.577350269189626));
#4218=DIRECTION('ref_axis',(0.408248290463864,-0.408248290463862,-0.816496580927726));
#4219=DIRECTION('center_axis',(0.,0.,1.));
#4220=DIRECTION('ref_axis',(0.707106781186547,-0.707106781186547,0.));
#4221=DIRECTION('',(-0.577350269189626,0.577350269189626,-0.577350269189626));
#4222=DIRECTION('',(0.577350269189626,-0.577350269189626,0.577350269189626));
#4223=DIRECTION('center_axis',(-0.707106781186548,1.772113E-16,-0.707106781186547));
#4224=DIRECTION('ref_axis',(-0.707106781186547,0.,0.707106781186548));
#4225=DIRECTION('',(0.,-1.,0.));
#4226=DIRECTION('center_axis',(-1.242162E-16,-0.707106781186548,-0.707106781186547));
#4227=DIRECTION('ref_axis',(-1.,8.78341173532245E-17,8.78341173532244E-17));
#4228=DIRECTION('',(1.,0.,0.));
#4229=DIRECTION('center_axis',(0.,0.,-1.));
#4230=DIRECTION('ref_axis',(-1.,0.,0.));
#4231=DIRECTION('',(1.,0.,0.));
#4232=DIRECTION('',(0.,1.,0.));
#4233=DIRECTION('',(-1.,0.,0.));
#4234=DIRECTION('center_axis',(0.,1.,0.));
#4235=DIRECTION('ref_axis',(0.,0.,1.));
#4236=DIRECTION('',(0.,0.,-1.));
#4237=DIRECTION('center_axis',(-1.,0.,0.));
#4238=DIRECTION('ref_axis',(0.,0.,1.));
#4239=DIRECTION('',(0.,-1.,0.));
#4240=DIRECTION('',(0.,0.,-1.));
#4241=DIRECTION('center_axis',(0.,-1.,0.));
#4242=DIRECTION('ref_axis',(0.,0.,-1.));
#4243=DIRECTION('',(1.,0.,0.));
#4244=DIRECTION('center_axis',(0.,0.,-1.));
#4245=DIRECTION('ref_axis',(-1.,0.,0.));
#4246=DIRECTION('center_axis',(0.707106781186548,-8.860567E-17,-0.707106781186547));
#4247=DIRECTION('ref_axis',(-0.707106781186547,0.,-0.707106781186548));
#4248=DIRECTION('',(0.,1.,0.));
#4249=DIRECTION('center_axis',(1.242162E-16,0.707106781186548,-0.707106781186547));
#4250=DIRECTION('ref_axis',(-1.,8.78341173532245E-17,-8.78341173532244E-17));
#4251=DIRECTION('',(-1.,0.,0.));
#4252=DIRECTION('center_axis',(0.,0.,1.));
#4253=DIRECTION('ref_axis',(1.,0.,0.));
#4254=DIRECTION('center_axis',(0.,0.,-1.));
#4255=DIRECTION('ref_axis',(-0.987014705258264,-0.160629921259842,0.));
#4256=DIRECTION('',(0.,-1.,0.));
#4257=DIRECTION('center_axis',(0.,0.,1.));
#4258=DIRECTION('ref_axis',(-1.,0.,0.));
#4259=DIRECTION('center_axis',(0.,0.,-1.));
#4260=DIRECTION('ref_axis',(1.,0.,0.));
#4261=DIRECTION('center_axis',(0.,0.,1.));
#4262=DIRECTION('ref_axis',(-1.,0.,0.));
#4263=DIRECTION('center_axis',(0.,0.,1.));
#4264=DIRECTION('ref_axis',(1.,0.,0.));
#4265=DIRECTION('',(1.,0.,0.));
#4266=DIRECTION('center_axis',(0.,0.,1.));
#4267=DIRECTION('ref_axis',(0.987014705258263,0.160629921259843,0.));
#4268=DIRECTION('center_axis',(0.,0.,1.));
#4269=DIRECTION('ref_axis',(1.,0.,0.));
#4270=DIRECTION('',(1.,0.,0.));
#4271=DIRECTION('center_axis',(0.,0.,1.));
#4272=DIRECTION('ref_axis',(0.987014705258263,0.160629921259843,0.));
#4273=DIRECTION('center_axis',(0.,0.,1.));
#4274=DIRECTION('ref_axis',(1.,0.,0.));
#4275=DIRECTION('center_axis',(0.,0.,1.));
#4276=DIRECTION('ref_axis',(1.,0.,0.));
#4277=DIRECTION('',(0.,0.,1.));
#4278=DIRECTION('center_axis',(0.199367934417198,0.,-0.979924704620829));
#4279=DIRECTION('ref_axis',(0.979924704620829,0.,0.199367934417198));
#4280=DIRECTION('center_axis',(0.,0.,-1.));
#4281=DIRECTION('ref_axis',(-1.,1.22464679914735E-16,0.));
#4282=DIRECTION('center_axis',(0.,0.,1.));
#4283=DIRECTION('ref_axis',(-0.987014705258264,-0.160629921259842,0.));
#4284=DIRECTION('center_axis',(1.,0.,0.));
#4285=DIRECTION('ref_axis',(0.,0.,-1.));
#4286=DIRECTION('',(0.,0.,1.));
#4287=DIRECTION('',(0.,-1.,0.));
#4288=DIRECTION('',(0.,0.,1.));
#4289=DIRECTION('center_axis',(0.,-1.,0.));
#4290=DIRECTION('ref_axis',(0.,0.,-1.));
#4291=DIRECTION('',(-1.,0.,0.));
#4292=DIRECTION('',(0.,0.,1.));
#4293=DIRECTION('center_axis',(0.,1.,0.));
#4294=DIRECTION('ref_axis',(0.,0.,1.));
#4295=DIRECTION('',(0.,0.,1.));
#4296=DIRECTION('',(1.,0.,0.));
#4297=DIRECTION('center_axis',(0.,0.,1.));
#4298=DIRECTION('ref_axis',(-1.,1.22464679914735E-16,0.));
#4299=DIRECTION('center_axis',(0.,0.,-1.));
#4300=DIRECTION('ref_axis',(0.987014705258263,0.160629921259843,0.));
#4301=DIRECTION('center_axis',(0.,0.,-1.));
#4302=DIRECTION('ref_axis',(0.987014705258263,0.160629921259843,0.));
#4303=DIRECTION('center_axis',(0.,0.,-1.));
#4304=DIRECTION('ref_axis',(0.987014705258263,0.160629921259843,0.));
#4305=DIRECTION('center_axis',(-0.199367934417198,0.,0.979924704620829));
#4306=DIRECTION('ref_axis',(0.979924704620829,-1.032108E-31,0.199367934417198));
#4307=DIRECTION('center_axis',(-0.199367934417198,0.,0.979924704620829));
#4308=DIRECTION('ref_axis',(0.979924704620829,-1.032108E-31,0.199367934417198));
#4309=DIRECTION('',(0.367809682303732,2.14354013105867E-17,-0.929901090226067));
#4310=DIRECTION('center_axis',(0.,0.,-1.));
#4311=DIRECTION('ref_axis',(-1.,0.,0.));
#4312=DIRECTION('center_axis',(-0.199367934417198,8.210733E-48,0.979924704620829));
#4313=DIRECTION('ref_axis',(0.979924704620829,-1.032108E-31,0.199367934417198));
#4314=DIRECTION('center_axis',(-0.199367934417198,8.210733E-48,0.979924704620829));
#4315=DIRECTION('ref_axis',(0.979924704620829,-1.032108E-31,0.199367934417198));
#4316=DIRECTION('center_axis',(0.,0.,-1.));
#4317=DIRECTION('ref_axis',(-1.,0.,0.));
#4318=DIRECTION('center_axis',(6.12323399573677E-17,0.,1.));
#4319=DIRECTION('ref_axis',(1.,0.,0.));
#4320=DIRECTION('center_axis',(-0.199367934417198,5.473822E-48,0.979924704620829));
#4321=DIRECTION('ref_axis',(0.979924704620829,-1.032108E-31,0.199367934417198));
#4322=DIRECTION('center_axis',(-0.199367934417198,5.473822E-48,0.979924704620829));
#4323=DIRECTION('ref_axis',(0.979924704620829,-1.032108E-31,0.199367934417198));
#4324=DIRECTION('center_axis',(1.22464679914735E-16,-1.,0.));
#4325=DIRECTION('ref_axis',(-1.,-1.22464679914735E-16,0.));
#4326=DIRECTION('center_axis',(0.,0.,1.));
#4327=DIRECTION('ref_axis',(1.,0.,0.));
#4328=DIRECTION('',(1.,0.,0.));
#4329=DIRECTION('',(-1.,0.,0.));
#4330=DIRECTION('',(0.,-1.,0.));
#4331=DIRECTION('',(-1.,0.,0.));
#4332=DIRECTION('',(1.,0.,0.));
#4333=DIRECTION('center_axis',(0.,0.,1.));
#4334=DIRECTION('ref_axis',(1.,0.,0.));
#4335=DIRECTION('',(1.,0.,0.));
#4336=DIRECTION('',(1.,0.,0.));
#4337=DIRECTION('',(0.,1.,0.));
#4338=DIRECTION('',(1.,0.,0.));
#4339=DIRECTION('',(1.,0.,0.));
#4340=DIRECTION('center_axis',(-0.199367934417198,0.,0.979924704620829));
#4341=DIRECTION('ref_axis',(0.979924704620829,0.,0.199367934417198));
#4342=DIRECTION('',(0.,-1.,0.));
#4343=DIRECTION('center_axis',(-0.199367934417198,0.,0.979924704620829));
#4344=DIRECTION('ref_axis',(-0.979924704620829,1.032108E-31,-0.199367934417198));
#4345=DIRECTION('center_axis',(-0.199367934417198,0.,0.979924704620829));
#4346=DIRECTION('ref_axis',(-0.979924704620829,1.032108E-31,-0.199367934417198));
#4347=DIRECTION('',(0.,-1.,0.));
#4348=DIRECTION('center_axis',(-0.199367934417198,0.,0.979924704620829));
#4349=DIRECTION('ref_axis',(-0.979924704620829,1.032108E-31,-0.199367934417198));
#4350=DIRECTION('center_axis',(0.,0.,1.));
#4351=DIRECTION('ref_axis',(-1.,0.,0.));
#4352=DIRECTION('',(-0.199367934417198,0.,0.979924704620829));
#4353=DIRECTION('center_axis',(0.199367934417198,0.,-0.979924704620829));
#4354=DIRECTION('ref_axis',(-0.979924704620829,1.032108E-31,-0.199367934417198));
#4355=DIRECTION('center_axis',(-0.199367934417198,0.,0.979924704620829));
#4356=DIRECTION('ref_axis',(0.979924704620829,0.,0.199367934417198));
#4357=DIRECTION('center_axis',(-0.199367934417198,2.736911E-48,0.979924704620829));
#4358=DIRECTION('ref_axis',(0.979924704620829,-1.032108E-31,0.199367934417198));
#4359=DIRECTION('center_axis',(0.199367934417198,-1.094764E-47,-0.979924704620829));
#4360=DIRECTION('ref_axis',(0.979924704620829,-1.032108E-31,0.199367934417198));
#4361=DIRECTION('center_axis',(-0.199367934417198,0.,0.979924704620829));
#4362=DIRECTION('ref_axis',(0.979924704620829,-1.032108E-31,0.199367934417198));
#4363=DIRECTION('',(0.224100670508614,3.09891641635618E-18,-0.97456600057543));
#4364=DIRECTION('',(0.224100670508614,3.09891641635618E-18,-0.97456600057543));
#4365=DIRECTION('center_axis',(0.199367934417198,0.,-0.979924704620829));
#4366=DIRECTION('ref_axis',(-0.979924704620829,0.,-0.199367934417198));
#4367=DIRECTION('center_axis',(-0.979238264237116,-0.202712658346438,0.));
#4368=DIRECTION('ref_axis',(0.,0.,1.));
#4369=DIRECTION('',(0.,0.,-1.));
#4370=DIRECTION('',(-0.202712658346438,0.979238264237116,0.));
#4371=DIRECTION('',(0.,0.,1.));
#4372=DIRECTION('center_axis',(-0.979238264237116,-0.202712658346438,-1.232595E-32));
#4373=DIRECTION('ref_axis',(0.202712658346438,-0.979238264237116,3.397415E-16));
#4374=DIRECTION('',(0.20271265834644,-0.979238264237116,0.));
#4375=DIRECTION('center_axis',(0.979238264237122,0.20271265834641,0.));
#4376=DIRECTION('ref_axis',(0.,0.,-1.));
#4377=DIRECTION('',(0.,0.,-1.));
#4378=DIRECTION('',(0.20271265834641,-0.979238264237122,0.));
#4379=DIRECTION('',(0.,0.,1.));
#4380=DIRECTION('center_axis',(0.979238264237122,0.20271265834641,6.162976E-33));
#4381=DIRECTION('ref_axis',(-0.20271265834641,0.979238264237122,-8.493538E-17));
#4382=DIRECTION('',(-0.20271265834641,0.979238264237122,0.));
#4383=DIRECTION('center_axis',(-0.979238264237122,-0.20271265834641,0.));
#4384=DIRECTION('ref_axis',(0.,0.,1.));
#4385=DIRECTION('',(0.,0.,-1.));
#4386=DIRECTION('',(-0.20271265834641,0.979238264237122,0.));
#4387=DIRECTION('',(0.,0.,1.));
#4388=DIRECTION('center_axis',(-0.979238264237122,-0.20271265834641,0.));
#4389=DIRECTION('ref_axis',(0.20271265834641,-0.979238264237122,3.397415E-16));
#4390=DIRECTION('',(0.202712658346409,-0.979238264237122,0.));
#4391=DIRECTION('center_axis',(0.979238264237113,0.202712658346456,0.));
#4392=DIRECTION('ref_axis',(0.,0.,-1.));
#4393=DIRECTION('',(0.,0.,-1.));
#4394=DIRECTION('',(0.202712658346457,-0.979238264237112,0.));
#4395=DIRECTION('',(0.,0.,1.));
#4396=DIRECTION('center_axis',(0.979238264237113,0.202712658346456,0.));
#4397=DIRECTION('ref_axis',(-0.202712658346456,0.979238264237112,-8.49353799999999E-17));
#4398=DIRECTION('',(-0.202712658346456,0.979238264237112,0.));
#4399=DIRECTION('center_axis',(1.,0.,0.));
#4400=DIRECTION('ref_axis',(0.,0.,-1.));
#4401=DIRECTION('',(0.,1.,0.));
#4402=DIRECTION('',(0.,0.,1.));
#4403=DIRECTION('center_axis',(-1.,0.,0.));
#4404=DIRECTION('ref_axis',(0.,0.,1.));
#4405=DIRECTION('center_axis',(1.,0.,0.));
#4406=DIRECTION('ref_axis',(0.,0.,-1.));
#4407=DIRECTION('',(0.,-1.,0.));
#4408=DIRECTION('',(0.,0.,1.));
#4409=DIRECTION('center_axis',(1.,0.,0.));
#4410=DIRECTION('ref_axis',(0.,1.,0.));
#4411=DIRECTION('center_axis',(1.,0.,0.));
#4412=DIRECTION('ref_axis',(0.,-0.707106781186547,-0.707106781186548));
#4413=DIRECTION('',(-1.,0.,0.));
#4414=DIRECTION('center_axis',(0.979238264237122,-0.20271265834641,0.));
#4415=DIRECTION('ref_axis',(-0.20271265834641,-0.979238264237122,3.397415E-16));
#4416=DIRECTION('',(1.,0.,0.));
#4417=DIRECTION('center_axis',(0.979238264237122,-0.20271265834641,0.));
#4418=DIRECTION('ref_axis',(0.,0.,-1.));
#4419=DIRECTION('',(0.,0.,1.));
#4420=DIRECTION('',(0.202712658346407,0.979238264237123,0.));
#4421=DIRECTION('',(0.,0.,-1.));
#4422=DIRECTION('',(-0.20271265834641,-0.979238264237122,0.));
#4423=DIRECTION('center_axis',(1.,0.,0.));
#4424=DIRECTION('ref_axis',(0.,0.707106781186547,-0.707106781186548));
#4425=DIRECTION('center_axis',(-0.979238264237123,0.202712658346403,6.162976E-33));
#4426=DIRECTION('ref_axis',(0.202712658346403,0.979238264237123,-8.493538E-17));
#4427=DIRECTION('',(-1.,0.,0.));
#4428=DIRECTION('',(1.,0.,0.));
#4429=DIRECTION('center_axis',(-0.979238264237124,0.202712658346403,0.));
#4430=DIRECTION('ref_axis',(0.,0.,1.));
#4431=DIRECTION('',(0.,0.,1.));
#4432=DIRECTION('',(-0.202712658346402,-0.979238264237124,0.));
#4433=DIRECTION('',(0.,0.,-1.));
#4434=DIRECTION('',(0.202712658346404,0.979238264237123,0.));
#4435=DIRECTION('center_axis',(1.,0.,0.));
#4436=DIRECTION('ref_axis',(0.,0.707106781186547,-0.707106781186548));
#4437=DIRECTION('',(1.,0.,0.));
#4438=DIRECTION('center_axis',(-0.979238264237116,0.202712658346438,0.));
#4439=DIRECTION('ref_axis',(0.202712658346438,0.979238264237116,-8.493538E-17));
#4440=DIRECTION('',(-1.,0.,0.));
#4441=DIRECTION('center_axis',(-0.979238264237116,0.202712658346438,0.));
#4442=DIRECTION('ref_axis',(0.,0.,1.));
#4443=DIRECTION('',(0.,0.,1.));
#4444=DIRECTION('',(-0.202712658346439,-0.979238264237116,0.));
#4445=DIRECTION('',(0.,0.,-1.));
#4446=DIRECTION('',(0.202712658346438,0.979238264237116,0.));
#4447=DIRECTION('center_axis',(1.,0.,0.));
#4448=DIRECTION('ref_axis',(0.,-0.707106781186548,-0.707106781186547));
#4449=DIRECTION('center_axis',(0.979238264237127,-0.202712658346388,-1.232595E-32));
#4450=DIRECTION('ref_axis',(-0.202712658346388,-0.979238264237127,3.397415E-16));
#4451=DIRECTION('',(1.,0.,0.));
#4452=DIRECTION('',(-1.,0.,0.));
#4453=DIRECTION('center_axis',(0.979238264237127,-0.202712658346388,0.));
#4454=DIRECTION('ref_axis',(0.,0.,-1.));
#4455=DIRECTION('',(0.,0.,1.));
#4456=DIRECTION('',(0.202712658346387,0.979238264237127,0.));
#4457=DIRECTION('',(0.,0.,-1.));
#4458=DIRECTION('',(-0.202712658346387,-0.979238264237127,0.));
#4459=DIRECTION('center_axis',(0.,0.,-1.));
#4460=DIRECTION('ref_axis',(-1.,0.,0.));
#4461=DIRECTION('',(1.,0.,0.));
#4462=DIRECTION('',(0.,-1.,0.));
#4463=DIRECTION('',(-1.,0.,0.));
#4464=DIRECTION('center_axis',(0.,0.,-1.));
#4465=DIRECTION('ref_axis',(-1.,0.,0.));
#4466=DIRECTION('',(1.,0.,0.));
#4467=DIRECTION('',(-1.,0.,0.));
#4468=DIRECTION('',(0.,1.,0.));
#4469=DIRECTION('center_axis',(0.,0.,-1.));
#4470=DIRECTION('ref_axis',(-1.,0.,0.));
#4471=DIRECTION('',(1.,0.,0.));
#4472=DIRECTION('',(-1.,0.,0.));
#4473=DIRECTION('center_axis',(0.,0.,-1.));
#4474=DIRECTION('ref_axis',(-1.,0.,0.));
#4475=DIRECTION('',(-1.,0.,0.));
#4476=DIRECTION('',(1.,0.,0.));
#4477=DIRECTION('',(0.,-1.,0.));
#4478=DIRECTION('center_axis',(0.,0.,-1.));
#4479=DIRECTION('ref_axis',(-1.,0.,0.));
#4480=DIRECTION('',(-1.,0.,0.));
#4481=DIRECTION('',(1.,0.,0.));
#4482=DIRECTION('center_axis',(0.,0.,-1.));
#4483=DIRECTION('ref_axis',(-1.,0.,0.));
#4484=DIRECTION('',(-1.,0.,0.));
#4485=DIRECTION('',(0.,1.,0.));
#4486=DIRECTION('',(1.,0.,0.));
#4487=DIRECTION('center_axis',(1.,0.,0.));
#4488=DIRECTION('ref_axis',(0.,0.,-1.));
#4489=DIRECTION('',(0.,-1.,0.));
#4490=DIRECTION('center_axis',(1.,0.,0.));
#4491=DIRECTION('ref_axis',(0.,0.,1.));
#4492=DIRECTION('',(0.,0.,-1.));
#4493=DIRECTION('center_axis',(0.926020420318098,0.,0.377473417810967));
#4494=DIRECTION('ref_axis',(0.377473417810967,0.,-0.926020420318098));
#4495=DIRECTION('',(0.377473417810967,0.,-0.926020420318098));
#4496=DIRECTION('',(0.,-1.,0.));
#4497=DIRECTION('',(0.377473417810967,3.377928E-16,-0.926020420318098));
#4498=DIRECTION('',(0.,-1.,0.));
#4499=DIRECTION('center_axis',(0.,0.,-1.));
#4500=DIRECTION('ref_axis',(-1.,0.,0.));
#4501=DIRECTION('',(-1.,0.,0.));
#4502=DIRECTION('',(0.,-1.,0.));
#4503=DIRECTION('',(-1.,0.,0.));
#4504=DIRECTION('center_axis',(-0.926020420318099,0.,-0.377473417810964));
#4505=DIRECTION('ref_axis',(-0.377473417810964,0.,0.926020420318099));
#4506=DIRECTION('',(-0.377473417810965,0.,0.926020420318099));
#4507=DIRECTION('',(0.,-1.,0.));
#4508=DIRECTION('',(-0.377473417810964,0.,0.926020420318099));
#4509=DIRECTION('center_axis',(0.,0.,1.));
#4510=DIRECTION('ref_axis',(1.,0.,0.));
#4511=DIRECTION('',(1.,0.,0.));
#4512=DIRECTION('',(0.,-1.,0.));
#4513=DIRECTION('',(1.,0.,0.));
#4514=DIRECTION('center_axis',(-0.926020420318097,0.,-0.37747341781097));
#4515=DIRECTION('ref_axis',(-0.37747341781097,0.,0.926020420318097));
#4516=DIRECTION('',(-0.37747341781097,0.,0.926020420318097));
#4517=DIRECTION('',(0.,-1.,0.));
#4518=DIRECTION('',(-0.377473417810971,0.,0.926020420318097));
#4519=DIRECTION('center_axis',(0.,0.,-1.));
#4520=DIRECTION('ref_axis',(-1.,0.,0.));
#4521=DIRECTION('',(-1.,0.,0.));
#4522=DIRECTION('',(0.,-1.,0.));
#4523=DIRECTION('',(-1.,0.,0.));
#4524=DIRECTION('center_axis',(-0.926020420318099,0.,-0.377473417810964));
#4525=DIRECTION('ref_axis',(-0.377473417810964,0.,0.926020420318099));
#4526=DIRECTION('',(-0.377473417810964,0.,0.926020420318099));
#4527=DIRECTION('',(0.,-1.,0.));
#4528=DIRECTION('',(-0.377473417810964,0.,0.926020420318099));
#4529=DIRECTION('center_axis',(0.,0.,1.));
#4530=DIRECTION('ref_axis',(1.,0.,0.));
#4531=DIRECTION('',(1.,0.,0.));
#4532=DIRECTION('',(0.,-1.,0.));
#4533=DIRECTION('',(1.,0.,0.));
#4534=DIRECTION('center_axis',(-0.926020420318092,0.,-0.377473417810982));
#4535=DIRECTION('ref_axis',(-0.377473417810982,0.,0.926020420318092));
#4536=DIRECTION('',(-0.377473417810982,0.,0.926020420318092));
#4537=DIRECTION('',(0.,-1.,0.));
#4538=DIRECTION('',(-0.377473417810982,0.,0.926020420318092));
#4539=DIRECTION('center_axis',(0.,0.,-1.));
#4540=DIRECTION('ref_axis',(-1.,0.,0.));
#4541=DIRECTION('',(-1.,0.,0.));
#4542=DIRECTION('',(0.,-1.,0.));
#4543=DIRECTION('',(-1.,0.,0.));
#4544=DIRECTION('center_axis',(-0.926020420318092,0.,-0.377473417810982));
#4545=DIRECTION('ref_axis',(-0.377473417810982,0.,0.926020420318092));
#4546=DIRECTION('',(-0.377473417810983,0.,0.926020420318092));
#4547=DIRECTION('',(0.,-1.,0.));
#4548=DIRECTION('',(-0.377473417810983,-1.706075E-15,0.926020420318092));
#4549=DIRECTION('center_axis',(0.,0.,1.));
#4550=DIRECTION('ref_axis',(1.,0.,0.));
#4551=DIRECTION('',(1.,0.,0.));
#4552=DIRECTION('',(1.,0.,0.));
#4553=DIRECTION('center_axis',(0.,0.,1.));
#4554=DIRECTION('ref_axis',(1.,0.,0.));
#4555=DIRECTION('',(1.,0.,0.));
#4556=DIRECTION('',(0.,-1.,0.));
#4557=DIRECTION('',(-1.,0.,0.));
#4558=DIRECTION('',(0.,-1.,0.));
#4559=DIRECTION('center_axis',(-0.926020420318096,1.309624E-16,-0.377473417810972));
#4560=DIRECTION('ref_axis',(-0.377473417810972,-6.16297582203916E-33,0.926020420318096));
#4561=DIRECTION('',(-0.377473417810973,0.,0.926020420318096));
#4562=DIRECTION('',(0.377473417810972,0.,-0.926020420318096));
#4563=DIRECTION('',(0.,-1.,0.));
#4564=DIRECTION('center_axis',(0.,0.,-1.));
#4565=DIRECTION('ref_axis',(-1.,0.,0.));
#4566=DIRECTION('',(-1.,0.,0.));
#4567=DIRECTION('',(1.,0.,0.));
#4568=DIRECTION('',(0.,-1.,0.));
#4569=DIRECTION('center_axis',(-0.926020420318099,1.309624E-16,-0.377473417810966));
#4570=DIRECTION('ref_axis',(-0.377473417810966,0.,0.926020420318099));
#4571=DIRECTION('',(-0.377473417810965,0.,0.926020420318099));
#4572=DIRECTION('',(0.377473417810966,0.,-0.926020420318099));
#4573=DIRECTION('',(0.,-1.,0.));
#4574=DIRECTION('center_axis',(0.,0.,1.));
#4575=DIRECTION('ref_axis',(1.,0.,0.));
#4576=DIRECTION('',(1.,0.,0.));
#4577=DIRECTION('',(-1.,0.,0.));
#4578=DIRECTION('',(0.,-1.,0.));
#4579=DIRECTION('center_axis',(-0.926020420318091,1.309624E-16,-0.377473417810985));
#4580=DIRECTION('ref_axis',(-0.377473417810985,0.,0.926020420318091));
#4581=DIRECTION('',(-0.377473417810985,0.,0.926020420318091));
#4582=DIRECTION('',(0.377473417810985,0.,-0.926020420318091));
#4583=DIRECTION('',(0.,-1.,0.));
#4584=DIRECTION('center_axis',(0.,0.,-1.));
#4585=DIRECTION('ref_axis',(-1.,0.,0.));
#4586=DIRECTION('',(-1.,0.,0.));
#4587=DIRECTION('',(1.,0.,0.));
#4588=DIRECTION('',(0.,-1.,0.));
#4589=DIRECTION('center_axis',(-0.926020420318099,1.309624E-16,-0.377473417810966));
#4590=DIRECTION('ref_axis',(-0.377473417810966,0.,0.926020420318099));
#4591=DIRECTION('',(-0.377473417810966,0.,0.926020420318099));
#4592=DIRECTION('',(0.377473417810966,1.450748E-15,-0.926020420318099));
#4593=DIRECTION('',(0.,-1.,0.));
#4594=DIRECTION('center_axis',(0.,0.,1.));
#4595=DIRECTION('ref_axis',(1.,0.,0.));
#4596=DIRECTION('',(1.,0.,0.));
#4597=DIRECTION('',(-1.,0.,0.));
#4598=DIRECTION('',(0.,-1.,0.));
#4599=DIRECTION('center_axis',(0.926020420318092,-1.309624E-16,0.377473417810983));
#4600=DIRECTION('ref_axis',(0.377473417810983,-6.16297582203915E-33,-0.926020420318092));
#4601=DIRECTION('',(0.377473417810983,3.264183E-16,-0.926020420318092));
#4602=DIRECTION('',(-0.377473417810983,-3.264183E-16,0.926020420318092));
#4603=DIRECTION('',(0.,-1.,0.));
#4604=DIRECTION('center_axis',(0.,0.,-1.));
#4605=DIRECTION('ref_axis',(-1.,0.,0.));
#4606=DIRECTION('',(-1.,0.,0.));
#4607=DIRECTION('',(1.,0.,0.));
#4608=DIRECTION('',(0.,-1.,0.));
#4609=DIRECTION('center_axis',(-0.926020420318099,1.309624E-16,-0.377473417810966));
#4610=DIRECTION('ref_axis',(-0.377473417810966,0.,0.926020420318099));
#4611=DIRECTION('',(-0.377473417810966,0.,0.926020420318099));
#4612=DIRECTION('',(0.377473417810966,0.,-0.926020420318099));
#4613=DIRECTION('center_axis',(0.,1.,0.));
#4614=DIRECTION('ref_axis',(0.,0.,1.));
#4615=DIRECTION('center_axis',(0.,-1.,0.));
#4616=DIRECTION('ref_axis',(0.,0.,-1.));
#4617=DIRECTION('',(0.,0.,-1.));
#4618=DIRECTION('',(-1.,0.,0.));
#4619=DIRECTION('center_axis',(0.,1.,0.));
#4620=DIRECTION('ref_axis',(0.,0.,1.));
#4621=DIRECTION('',(0.,0.,1.));
#4622=DIRECTION('',(1.,0.,0.));
#4623=DIRECTION('center_axis',(0.,-1.,0.));
#4624=DIRECTION('ref_axis',(0.,0.,-1.));
#4625=DIRECTION('',(0.,0.,1.));
#4626=DIRECTION('',(-1.,0.,0.));
#4627=DIRECTION('center_axis',(0.,1.,0.));
#4628=DIRECTION('ref_axis',(0.,0.,1.));
#4629=DIRECTION('',(0.,0.,-1.));
#4630=DIRECTION('',(1.,0.,0.));
#4631=DIRECTION('',(0.,0.,-1.));
#4632=DIRECTION('center_axis',(1.,0.,0.));
#4633=DIRECTION('ref_axis',(0.,0.,-1.));
#4634=DIRECTION('',(0.,1.,0.));
#4635=DIRECTION('center_axis',(-1.,0.,0.));
#4636=DIRECTION('ref_axis',(0.,1.,0.));
#4637=DIRECTION('center_axis',(0.,1.,0.));
#4638=DIRECTION('ref_axis',(0.,0.,1.));
#4639=DIRECTION('center_axis',(-1.,0.,0.));
#4640=DIRECTION('ref_axis',(0.,0.707106781186548,0.707106781186547));
#4641=DIRECTION('center_axis',(-1.,0.,0.));
#4642=DIRECTION('ref_axis',(0.,1.,0.));
#4643=DIRECTION('center_axis',(1.,0.,0.));
#4644=DIRECTION('ref_axis',(0.,1.,0.));
#4645=DIRECTION('',(1.,0.,0.));
#4646=DIRECTION('center_axis',(0.,0.,1.));
#4647=DIRECTION('ref_axis',(1.,0.,0.));
#4648=DIRECTION('center_axis',(-1.,0.,0.));
#4649=DIRECTION('ref_axis',(0.,-0.707106781186548,0.707106781186547));
#4650=DIRECTION('center_axis',(-1.,0.,0.));
#4651=DIRECTION('ref_axis',(0.,0.,1.));
#4652=DIRECTION('',(1.,0.,0.));
#4653=DIRECTION('center_axis',(1.,0.,0.));
#4654=DIRECTION('ref_axis',(0.,0.,1.));
#4655=DIRECTION('center_axis',(1.,0.,0.));
#4656=DIRECTION('ref_axis',(0.,0.,-1.));
#4657=DIRECTION('',(0.,-1.,0.));
#4658=DIRECTION('',(0.,0.,1.));
#4659=DIRECTION('center_axis',(0.,-1.,0.));
#4660=DIRECTION('ref_axis',(0.,0.,-1.));
#4661=DIRECTION('',(0.,0.,1.));
#4662=DIRECTION('',(-1.,0.,0.));
#4663=DIRECTION('center_axis',(0.,-1.,0.));
#4664=DIRECTION('ref_axis',(0.,0.,-1.));
#4665=DIRECTION('',(-1.,0.,0.));
#4666=DIRECTION('',(0.,0.,1.));
#4667=DIRECTION('center_axis',(-1.,0.,0.));
#4668=DIRECTION('ref_axis',(0.,0.,1.));
#4669=DIRECTION('',(0.,0.,1.));
#4670=DIRECTION('',(0.,1.,0.));
#4671=DIRECTION('center_axis',(0.,1.,0.));
#4672=DIRECTION('ref_axis',(0.,0.,1.));
#4673=DIRECTION('',(0.,0.,1.));
#4674=DIRECTION('',(1.,0.,0.));
#4675=DIRECTION('center_axis',(0.,1.,0.));
#4676=DIRECTION('ref_axis',(0.,0.,1.));
#4677=DIRECTION('',(1.,0.,0.));
#4678=DIRECTION('',(0.,0.,1.));
#4679=DIRECTION('center_axis',(0.,1.,0.));
#4680=DIRECTION('ref_axis',(0.,0.,1.));
#4681=DIRECTION('',(1.,0.,0.));
#4682=DIRECTION('center_axis',(1.,0.,0.));
#4683=DIRECTION('ref_axis',(0.,0.,-1.));
#4684=DIRECTION('',(0.,0.,1.));
#4685=DIRECTION('',(0.,-1.,0.));
#4686=DIRECTION('center_axis',(1.,0.,0.));
#4687=DIRECTION('ref_axis',(0.,0.,-1.));
#4688=DIRECTION('',(0.,-1.,0.));
#4689=DIRECTION('',(0.,0.,1.));
#4690=DIRECTION('center_axis',(-1.,0.,0.));
#4691=DIRECTION('ref_axis',(0.,0.,1.));
#4692=DIRECTION('',(0.,1.,0.));
#4693=DIRECTION('',(0.,0.,1.));
#4694=DIRECTION('center_axis',(-1.,0.,0.));
#4695=DIRECTION('ref_axis',(0.,0.,1.));
#4696=DIRECTION('',(0.,0.,1.));
#4697=DIRECTION('',(0.,1.,0.));
#4698=DIRECTION('center_axis',(0.,0.,1.));
#4699=DIRECTION('ref_axis',(1.,0.,0.));
#4700=DIRECTION('',(1.,0.,0.));
#4701=DIRECTION('',(0.,1.,0.));
#4702=DIRECTION('center_axis',(0.,0.,1.));
#4703=DIRECTION('ref_axis',(1.,0.,0.));
#4704=DIRECTION('',(0.,-1.,0.));
#4705=DIRECTION('',(1.,0.,0.));
#4706=DIRECTION('center_axis',(0.,0.,1.));
#4707=DIRECTION('ref_axis',(1.,0.,0.));
#4708=DIRECTION('',(-1.,0.,0.));
#4709=DIRECTION('',(0.,-1.,0.));
#4710=DIRECTION('center_axis',(0.,0.,1.));
#4711=DIRECTION('ref_axis',(1.,0.,0.));
#4712=DIRECTION('',(0.,1.,0.));
#4713=DIRECTION('',(-1.,0.,0.));
#4714=DIRECTION('center_axis',(0.,-1.,0.));
#4715=DIRECTION('ref_axis',(0.,0.,-1.));
#4716=DIRECTION('',(-1.,0.,0.));
#4717=DIRECTION('center_axis',(0.,0.,1.));
#4718=DIRECTION('ref_axis',(1.,0.,0.));
#4719=DIRECTION('',(1.,0.,0.));
#4720=DIRECTION('',(0.,-1.,0.));
#4721=DIRECTION('',(-1.,0.,0.));
#4722=DIRECTION('',(0.,1.,0.));
#4723=DIRECTION('',(0.,-1.,0.));
#4724=DIRECTION('',(-1.,0.,0.));
#4725=DIRECTION('',(0.,1.,0.));
#4726=DIRECTION('',(1.,0.,0.));
#4727=DIRECTION('center_axis',(-1.,0.,0.));
#4728=DIRECTION('ref_axis',(0.,0.,1.));
#4729=DIRECTION('',(0.,0.,1.));
#4730=DIRECTION('center_axis',(1.,0.,0.));
#4731=DIRECTION('ref_axis',(0.,0.,-1.));
#4732=DIRECTION('',(0.,0.,1.));
#4733=DIRECTION('center_axis',(0.,-1.,0.));
#4734=DIRECTION('ref_axis',(0.,0.,-1.));
#4735=DIRECTION('',(0.,0.,1.));
#4736=DIRECTION('',(0.,0.,1.));
#4737=DIRECTION('center_axis',(-1.,0.,0.));
#4738=DIRECTION('ref_axis',(0.,0.,1.));
#4739=DIRECTION('',(0.,0.,1.));
#4740=DIRECTION('center_axis',(0.,1.,0.));
#4741=DIRECTION('ref_axis',(0.,0.,1.));
#4742=DIRECTION('',(0.,0.,1.));
#4743=DIRECTION('center_axis',(1.,0.,0.));
#4744=DIRECTION('ref_axis',(0.,0.,-1.));
#4745=DIRECTION('center_axis',(0.,0.,1.));
#4746=DIRECTION('ref_axis',(1.,0.,0.));
#4747=DIRECTION('center_axis',(0.,0.,-1.));
#4748=DIRECTION('ref_axis',(0.979238264237078,-0.202712658346623,0.));
#4749=DIRECTION('',(0.202712658346663,-0.97923826423707,0.));
#4750=DIRECTION('',(1.,0.,0.));
#4751=DIRECTION('',(0.202712658346356,0.979238264237133,0.));
#4752=DIRECTION('center_axis',(0.97923826423707,0.202712658346663,0.));
#4753=DIRECTION('ref_axis',(0.,0.,-1.));
#4754=DIRECTION('',(0.202712658346663,-0.97923826423707,0.));
#4755=DIRECTION('',(0.,0.,-1.));
#4756=DIRECTION('',(0.,0.,1.));
#4757=DIRECTION('center_axis',(0.,0.,1.));
#4758=DIRECTION('ref_axis',(0.979238264237078,-0.202712658346623,0.));
#4759=DIRECTION('center_axis',(0.,0.,-1.));
#4760=DIRECTION('ref_axis',(0.979238264237078,-0.202712658346623,0.));
#4761=DIRECTION('',(0.,0.,1.));
#4762=DIRECTION('center_axis',(-0.979238264237133,0.202712658346356,0.));
#4763=DIRECTION('ref_axis',(0.,0.,1.));
#4764=DIRECTION('',(0.202712658346356,0.979238264237133,0.));
#4765=DIRECTION('',(0.,0.,1.));
#4766=DIRECTION('center_axis',(0.,0.,1.));
#4767=DIRECTION('ref_axis',(1.,0.,0.));
#4768=DIRECTION('',(1.,0.,0.));
#4769=DIRECTION('center_axis',(0.,1.,0.));
#4770=DIRECTION('ref_axis',(0.,0.,1.));
#4771=DIRECTION('center_axis',(0.,-1.,0.));
#4772=DIRECTION('ref_axis',(0.,0.,-1.));
#4773=DIRECTION('',(0.,0.,-1.));
#4774=DIRECTION('',(1.,0.,0.));
#4775=DIRECTION('',(0.,0.,1.));
#4776=DIRECTION('',(-1.,0.,0.));
#4777=DIRECTION('center_axis',(0.,0.,1.));
#4778=DIRECTION('ref_axis',(1.,0.,0.));
#4779=DIRECTION('',(-0.202712658346356,0.979238264237133,0.));
#4780=DIRECTION('center_axis',(0.,0.,-1.));
#4781=DIRECTION('ref_axis',(-0.979238264237129,0.202712658346377,0.));
#4782=DIRECTION('',(-0.202712658346663,-0.97923826423707,0.));
#4783=DIRECTION('center_axis',(0.97923826423707,-0.202712658346663,0.));
#4784=DIRECTION('ref_axis',(0.,0.,-1.));
#4785=DIRECTION('',(0.,0.,1.));
#4786=DIRECTION('',(-0.202712658346663,-0.97923826423707,0.));
#4787=DIRECTION('center_axis',(0.,0.,1.));
#4788=DIRECTION('ref_axis',(-0.979238264237129,0.202712658346377,0.));
#4789=DIRECTION('',(0.,0.,1.));
#4790=DIRECTION('center_axis',(0.,0.,-1.));
#4791=DIRECTION('ref_axis',(-0.979238264237129,0.202712658346377,0.));
#4792=DIRECTION('center_axis',(-0.979238264237133,-0.202712658346356,0.));
#4793=DIRECTION('ref_axis',(0.,0.,1.));
#4794=DIRECTION('',(-0.202712658346356,0.979238264237133,0.));
#4795=DIRECTION('center_axis',(0.,0.,1.));
#4796=DIRECTION('ref_axis',(1.,0.,0.));
#4797=DIRECTION('center_axis',(0.,0.,1.));
#4798=DIRECTION('ref_axis',(1.,0.,0.));
#4799=DIRECTION('center_axis',(0.,0.,-1.));
#4800=DIRECTION('ref_axis',(-0.979238264237121,0.202712658346413,0.));
#4801=DIRECTION('',(0.20271265834639,-0.979238264237126,0.));
#4802=DIRECTION('',(1.,0.,0.));
#4803=DIRECTION('',(0.202712658346436,0.979238264237117,0.));
#4804=DIRECTION('center_axis',(-0.979238264237117,0.202712658346436,0.));
#4805=DIRECTION('ref_axis',(0.,0.,1.));
#4806=DIRECTION('',(0.202712658346436,0.979238264237117,0.));
#4807=DIRECTION('',(0.,0.,1.));
#4808=DIRECTION('',(0.,0.,1.));
#4809=DIRECTION('center_axis',(0.979238264237126,0.20271265834639,0.));
#4810=DIRECTION('ref_axis',(0.,0.,-1.));
#4811=DIRECTION('',(0.20271265834639,-0.979238264237126,0.));
#4812=DIRECTION('',(0.,0.,-1.));
#4813=DIRECTION('',(0.,0.,1.));
#4814=DIRECTION('center_axis',(0.,0.,1.));
#4815=DIRECTION('ref_axis',(1.22464679914735E-16,1.,0.));
#4816=DIRECTION('center_axis',(0.,0.,-1.));
#4817=DIRECTION('ref_axis',(-0.979238264237121,0.202712658346413,0.));
#4818=DIRECTION('center_axis',(0.,1.,0.));
#4819=DIRECTION('ref_axis',(0.,0.,1.));
#4820=DIRECTION('',(1.,0.,0.));
#4821=DIRECTION('center_axis',(0.,0.,1.));
#4822=DIRECTION('ref_axis',(1.,0.,0.));
#4823=DIRECTION('center_axis',(0.,-1.,0.));
#4824=DIRECTION('ref_axis',(0.,0.,-1.));
#4825=DIRECTION('',(0.,0.,1.));
#4826=DIRECTION('',(-1.,0.,0.));
#4827=DIRECTION('',(0.,0.,-1.));
#4828=DIRECTION('',(1.,0.,0.));
#4829=DIRECTION('center_axis',(0.,0.,1.));
#4830=DIRECTION('ref_axis',(1.,0.,0.));
#4831=DIRECTION('',(-0.20271265834639,-0.979238264237126,0.));
#4832=DIRECTION('',(-0.202712658346436,0.979238264237117,0.));
#4833=DIRECTION('center_axis',(0.,0.,-1.));
#4834=DIRECTION('ref_axis',(0.979238264237122,-0.202712658346409,0.));
#4835=DIRECTION('center_axis',(0.,0.,1.));
#4836=DIRECTION('ref_axis',(-1.22464679914735E-16,-1.,0.));
#4837=DIRECTION('',(0.,0.,1.));
#4838=DIRECTION('center_axis',(0.,0.,-1.));
#4839=DIRECTION('ref_axis',(0.979238264237122,-0.202712658346409,0.));
#4840=DIRECTION('',(0.,0.,1.));
#4841=DIRECTION('center_axis',(-0.979238264237117,-0.202712658346436,0.));
#4842=DIRECTION('ref_axis',(0.,0.,1.));
#4843=DIRECTION('',(-0.202712658346436,0.979238264237117,0.));
#4844=DIRECTION('center_axis',(0.979238264237126,-0.20271265834639,0.));
#4845=DIRECTION('ref_axis',(0.,0.,-1.));
#4846=DIRECTION('',(-0.20271265834639,-0.979238264237126,0.));
#4847=DIRECTION('center_axis',(0.,0.,1.));
#4848=DIRECTION('ref_axis',(1.,0.,0.));
#4849=CARTESIAN_POINT('',(0.,0.,0.));
#4850=CARTESIAN_POINT('Ctrl Pts',(-3.84254152207387,9.4521401E-11,18.9509052592649));
#4851=CARTESIAN_POINT('Ctrl Pts',(-3.84254152211589,1.3288603612431,18.9509052594715));
#4852=CARTESIAN_POINT('Ctrl Pts',(-2.54035842538,1.3288603612431,19.215837405515));
#4853=CARTESIAN_POINT('Ctrl Pts',(-1.23817532864409,1.3288603612431,19.4807695515585));
#4854=CARTESIAN_POINT('Ctrl Pts',(-1.23817532860205,9.45210708E-11,19.4807695513519));
#4855=CARTESIAN_POINT('Ctrl Pts',(-1.23817532856004,-1.32886036105405,19.4807695511454));
#4856=CARTESIAN_POINT('Ctrl Pts',(-2.54035842529595,-1.32886036105405,19.2158374051019));
#4857=CARTESIAN_POINT('Ctrl Pts',(-3.84254152203184,-1.32886036105405,18.9509052590584));
#4858=CARTESIAN_POINT('Ctrl Pts',(-3.84254152207387,9.4521401E-11,18.9509052592649));
#4859=CARTESIAN_POINT('Ctrl Pts',(-4.31472499495843,-2.037256276E-11,19.5939782423068));
#4860=CARTESIAN_POINT('Ctrl Pts',(-4.31472499501103,1.66335647861661,19.5939782425654));
#4861=CARTESIAN_POINT('Ctrl Pts',(-2.68476088918496,1.66335647861661,19.9255981888025));
#4862=CARTESIAN_POINT('Ctrl Pts',(-1.05479678335891,1.66335647861661,20.2572181350395));
#4863=CARTESIAN_POINT('Ctrl Pts',(-1.0547967833063,-2.037296916E-11,20.257218134781));
#4864=CARTESIAN_POINT('Ctrl Pts',(-1.0547967832537,-1.66335647865735,20.2572181345224));
#4865=CARTESIAN_POINT('Ctrl Pts',(-2.68476088907975,-1.66335647865735,19.9255981882854));
#4866=CARTESIAN_POINT('Ctrl Pts',(-4.31472499490583,-1.66335647865735,19.5939782420483));
#4867=CARTESIAN_POINT('Ctrl Pts',(-4.31472499495843,-2.037256276E-11,19.5939782423068));
#4868=CARTESIAN_POINT('Ctrl Pts',(-4.02424548097077,-1.266878086E-10,20.3370271946224));
#4869=CARTESIAN_POINT('Ctrl Pts',(-4.02424548100968,1.23056829140686,20.3370271948137));
#4870=CARTESIAN_POINT('Ctrl Pts',(-2.81838121154713,1.23056829140686,20.5823630539157));
#4871=CARTESIAN_POINT('Ctrl Pts',(-1.61251694208461,1.23056829140686,20.8276989130178));
#4872=CARTESIAN_POINT('Ctrl Pts',(-1.61251694204567,-1.26688088E-10,20.8276989128265));
#4873=CARTESIAN_POINT('Ctrl Pts',(-1.61251694200676,-1.23056829166022,20.8276989126352));
#4874=CARTESIAN_POINT('Ctrl Pts',(-2.81838121146931,-1.23056829166022,20.5823630535332));
#4875=CARTESIAN_POINT('Ctrl Pts',(-4.02424548093185,-1.23056829166022,20.3370271944311));
#4876=CARTESIAN_POINT('Ctrl Pts',(-4.02424548097077,-1.266878086E-10,20.3370271946224));
#4877=CARTESIAN_POINT('Ctrl Pts',(-3.73376596698313,-2.330030392E-10,21.080076146938));
#4878=CARTESIAN_POINT('Ctrl Pts',(-3.73376596700835,0.797780104197103,21.080076147062));
#4879=CARTESIAN_POINT('Ctrl Pts',(-2.95200153390931,0.797780104197103,21.239127919029));
#4880=CARTESIAN_POINT('Ctrl Pts',(-2.17023710081028,0.797780104197103,21.3981796909961));
#4881=CARTESIAN_POINT('Ctrl Pts',(-2.17023710078506,-2.330032424E-10,21.3981796908721));
#4882=CARTESIAN_POINT('Ctrl Pts',(-2.17023710075981,-0.797780104663117,
21.3981796907481));
#4883=CARTESIAN_POINT('Ctrl Pts',(-2.95200153385886,-0.797780104663117,
21.239127918781));
#4884=CARTESIAN_POINT('Ctrl Pts',(-3.73376596695788,-0.797780104663117,
21.0800761468139));
#4885=CARTESIAN_POINT('Ctrl Pts',(-3.73376596698313,-2.330030392E-10,21.080076146938));
#4886=CARTESIAN_POINT('Ctrl Pts',(-2.95063475713337,-2.31915656733333E-10,
21.2324099965676));
#4887=CARTESIAN_POINT('Ctrl Pts',(-2.95063475713337,-2.31915656733333E-10,
21.2324099965676));
#4888=CARTESIAN_POINT('Ctrl Pts',(-2.95063475713337,-2.31915656733333E-10,
21.2324099965676));
#4889=CARTESIAN_POINT('Ctrl Pts',(-2.95063475713337,-2.31915656733333E-10,
21.2324099965676));
#4890=CARTESIAN_POINT('Ctrl Pts',(-2.95063475713337,-2.31915656733333E-10,
21.2324099965676));
#4891=CARTESIAN_POINT('Ctrl Pts',(-2.95063475713337,-2.31915656733333E-10,
21.2324099965676));
#4892=CARTESIAN_POINT('Ctrl Pts',(-2.95063475713337,-2.31915656733333E-10,
21.2324099965676));
#4893=CARTESIAN_POINT('Ctrl Pts',(-2.95063475713337,-2.31915656733333E-10,
21.2324099965676));
#4894=CARTESIAN_POINT('Ctrl Pts',(-2.95063475713337,-2.31915656733333E-10,
21.2324099965676));
#4895=CARTESIAN_POINT('',(-2.962855094251,-2.31924147250206E-10,21.2299783719045));
#4896=CARTESIAN_POINT('',(-4.08689228986047,3.90599254696933E-12,19.4841415763662));
#4897=CARTESIAN_POINT('Ctrl Pts',(-2.962855094251,-2.31924147250206E-10,
21.2299783719045));
#4898=CARTESIAN_POINT('Ctrl Pts',(-3.73671402397535,-2.31924053096481E-10,
21.0725349932457));
#4899=CARTESIAN_POINT('Ctrl Pts',(-4.02424548097077,-1.266878086E-10,20.3370271946224));
#4900=CARTESIAN_POINT('Ctrl Pts',(-4.18717535908551,-6.70556169570942E-11,
19.9202512451859));
#4901=CARTESIAN_POINT('Ctrl Pts',(-4.08689228986047,3.90599254696933E-12,
19.4841415763662));
#4902=CARTESIAN_POINT('',(-2.96231506725662,-0.003664593994648,21.2300882416458));
#4903=CARTESIAN_POINT('Origin',(-2.95064542937453,-5.10528062E-16,21.2324624563064));
#4904=CARTESIAN_POINT('',(-4.02352713550199,-0.429992481396878,19.497033364397));
#4905=CARTESIAN_POINT('Ctrl Pts',(-2.96231506725662,-0.003664593994648,
21.2300882416458));
#4906=CARTESIAN_POINT('Ctrl Pts',(-3.70194662474019,-0.235929673773267,
21.0796085005506));
#4907=CARTESIAN_POINT('Ctrl Pts',(-3.97091074044374,-0.361926638206756,
20.3478782701936));
#4908=CARTESIAN_POINT('Ctrl Pts',(-4.12331942281066,-0.433322895960954,
19.9332428830054));
#4909=CARTESIAN_POINT('Ctrl Pts',(-4.02352713550199,-0.429992481396878,
19.497033364397));
#4910=CARTESIAN_POINT('Origin',(-2.65424678985549,-6.00046298E-16,19.7756165992745));
#4911=CARTESIAN_POINT('Origin',(5.08,-1.1165,-7.38042317208189));
#4912=CARTESIAN_POINT('',(5.08,0.635,-12.6254231720819));
#4913=CARTESIAN_POINT('',(5.08,-0.635,-12.6254231720819));
#4914=CARTESIAN_POINT('Origin',(5.08,-1.634526068E-15,-12.6254231720819));
#4915=CARTESIAN_POINT('',(5.08,0.635,-8.1604231720819));
#4916=CARTESIAN_POINT('',(5.08,0.635,-8.1604231720819));
#4917=CARTESIAN_POINT('',(5.08,1.015,-8.1604231720819));
#4918=CARTESIAN_POINT('',(5.08,0.635,-8.1604231720819));
#4919=CARTESIAN_POINT('',(5.08,1.015,-7.66042317208189));
#4920=CARTESIAN_POINT('',(5.08,1.015,-7.66042317208189));
#4921=CARTESIAN_POINT('',(5.08,-1.015,-7.66042317208189));
#4922=CARTESIAN_POINT('',(5.08,1.015,-7.66042317208189));
#4923=CARTESIAN_POINT('',(5.08,-1.015,-8.1604231720819));
#4924=CARTESIAN_POINT('',(5.08,-1.015,-7.66042317208189));
#4925=CARTESIAN_POINT('',(5.08,-0.635,-8.1604231720819));
#4926=CARTESIAN_POINT('',(5.08,-1.015,-8.1604231720819));
#4927=CARTESIAN_POINT('',(5.08,-0.635,-8.1604231720819));
#4928=CARTESIAN_POINT('Origin',(4.28199999999999,-1.40998321E-15,-12.6254231720819));
#4929=CARTESIAN_POINT('',(4.31999999999999,-0.635,-12.6254231720819));
#4930=CARTESIAN_POINT('',(5.08,-0.635,-12.6254231720819));
#4931=CARTESIAN_POINT('',(4.31999999999999,0.635,-12.6254231720819));
#4932=CARTESIAN_POINT('Origin',(4.31999999999999,-1.634526068E-15,-12.6254231720819));
#4933=CARTESIAN_POINT('',(4.31999999999999,0.635,-12.6254231720819));
#4934=CARTESIAN_POINT('Origin',(5.118,-0.635,-12.8486731720819));
#4935=CARTESIAN_POINT('',(4.31999999999999,-0.635,-8.1604231720819));
#4936=CARTESIAN_POINT('',(4.31999999999999,-0.635,-8.1604231720819));
#4937=CARTESIAN_POINT('',(4.31999999999999,-0.635,-8.1604231720819));
#4938=CARTESIAN_POINT('Origin',(5.118,0.635,-7.9371731720819));
#4939=CARTESIAN_POINT('',(4.31999999999999,0.635,-8.1604231720819));
#4940=CARTESIAN_POINT('',(4.31999999999999,0.635,-8.1604231720819));
#4941=CARTESIAN_POINT('',(5.08,0.635,-8.1604231720819));
#4942=CARTESIAN_POINT('Origin',(5.118,-1.034,-8.1604231720819));
#4943=CARTESIAN_POINT('',(4.31999999999999,-1.015,-8.1604231720819));
#4944=CARTESIAN_POINT('',(4.31999999999999,-1.015,-8.1604231720819));
#4945=CARTESIAN_POINT('',(4.31999999999999,-0.635,-8.1604231720819));
#4946=CARTESIAN_POINT('Origin',(5.118,0.616,-8.1604231720819));
#4947=CARTESIAN_POINT('',(4.31999999999999,1.015,-8.1604231720819));
#4948=CARTESIAN_POINT('',(4.31999999999999,1.015,-8.1604231720819));
#4949=CARTESIAN_POINT('',(5.08,1.015,-8.1604231720819));
#4950=CARTESIAN_POINT('Origin',(4.28568542494924,1.04931457505075,-7.26042317208189));
#4951=CARTESIAN_POINT('',(4.00284271247461,1.04931457505075,-7.54326588455652));
#4952=CARTESIAN_POINT('',(4.28568542494924,1.33215728752538,-7.54326588455652));
#4953=CARTESIAN_POINT('Origin',(4.28568542494924,1.04931457505075,-7.26042317208189));
#4954=CARTESIAN_POINT('',(4.28568542494924,1.04931457505075,-7.66042317208189));
#4955=CARTESIAN_POINT('Origin',(4.28568542494924,1.04931457505075,-7.26042317208189));
#4956=CARTESIAN_POINT('Origin',(4.28568542494924,1.04931457505075,-7.26042317208189));
#4957=CARTESIAN_POINT('Origin',(4.28568542494924,-1.04931457505075,-7.26042317208189));
#4958=CARTESIAN_POINT('',(4.00284271247461,-1.04931457505075,-7.54326588455652));
#4959=CARTESIAN_POINT('',(4.28568542494924,-1.04931457505075,-7.66042317208189));
#4960=CARTESIAN_POINT('Origin',(4.28568542494924,-1.04931457505075,-7.26042317208189));
#4961=CARTESIAN_POINT('',(4.28568542494924,-1.33215728752538,-7.54326588455652));
#4962=CARTESIAN_POINT('Origin',(4.28568542494924,-1.04931457505075,-7.26042317208189));
#4963=CARTESIAN_POINT('Origin',(4.28568542494924,-1.04931457505075,-7.26042317208189));
#4964=CARTESIAN_POINT('Origin',(5.11431457505077,1.04931457505075,-7.26042317208189));
#4965=CARTESIAN_POINT('',(5.11431457505077,1.33215728752538,-7.54326588455652));
#4966=CARTESIAN_POINT('',(5.39715728752538,1.04931457505075,-7.54326588455652));
#4967=CARTESIAN_POINT('Origin',(5.11431457505077,1.04931457505075,-7.26042317208189));
#4968=CARTESIAN_POINT('',(5.11431457505077,1.04931457505075,-7.66042317208189));
#4969=CARTESIAN_POINT('Origin',(5.11431457505077,1.04931457505075,-7.26042317208189));
#4970=CARTESIAN_POINT('Origin',(5.11431457505077,1.04931457505075,-7.26042317208189));
#4971=CARTESIAN_POINT('Origin',(5.11431457505077,-1.04931457505075,-7.26042317208189));
#4972=CARTESIAN_POINT('',(5.11431457505077,-1.33215728752538,-7.54326588455652));
#4973=CARTESIAN_POINT('',(5.11431457505077,-1.04931457505075,-7.66042317208189));
#4974=CARTESIAN_POINT('Origin',(5.11431457505077,-1.04931457505075,-7.26042317208189));
#4975=CARTESIAN_POINT('',(5.39715728752538,-1.04931457505075,-7.54326588455652));
#4976=CARTESIAN_POINT('Origin',(5.11431457505077,-1.04931457505075,-7.26042317208189));
#4977=CARTESIAN_POINT('Origin',(5.11431457505077,-1.04931457505075,-7.26042317208189));
#4978=CARTESIAN_POINT('Origin',(5.11431457505077,-1.10749999999999,-7.26042317208189));
#4979=CARTESIAN_POINT('',(5.39715728752538,1.04931457505075,-7.54326588455652));
#4980=CARTESIAN_POINT('',(5.11431457505077,-1.04931457505075,-7.66042317208189));
#4981=CARTESIAN_POINT('Origin',(6.08666295818588,-2.02166295818589,-6.28807478894678));
#4982=CARTESIAN_POINT('',(5.99715728752539,-2.215,-6.6604231720819));
#4983=CARTESIAN_POINT('',(6.28,-1.93215728752537,-6.6604231720819));
#4984=CARTESIAN_POINT('Origin',(5.71431457505076,-1.64931457505077,-6.6604231720819));
#4985=CARTESIAN_POINT('',(5.99715728752539,-2.215,-6.6604231720819));
#4986=CARTESIAN_POINT('',(5.39715728752538,-1.04931457505075,-7.54326588455652));
#4987=CARTESIAN_POINT('Origin',(3.91000000000001,-1.04931457505075,-7.26042317208189));
#4988=CARTESIAN_POINT('',(5.11431457505077,-1.33215728752538,-7.54326588455652));
#4989=CARTESIAN_POINT('',(4.28568542494924,-1.04931457505075,-7.66042317208189));
#4990=CARTESIAN_POINT('Origin',(6.08666295818588,2.02166295818589,-6.28807478894678));
#4991=CARTESIAN_POINT('',(6.28,1.93215728752537,-6.6604231720819));
#4992=CARTESIAN_POINT('',(5.99715728752539,2.215,-6.6604231720819));
#4993=CARTESIAN_POINT('Origin',(5.71431457505076,1.64931457505077,-6.6604231720819));
#4994=CARTESIAN_POINT('',(6.28,1.93215728752537,-6.6604231720819));
#4995=CARTESIAN_POINT('',(5.11431457505077,1.33215728752538,-7.54326588455652));
#4996=CARTESIAN_POINT('Origin',(5.49000000000001,1.04931457505075,-7.26042317208189));
#4997=CARTESIAN_POINT('',(4.28568542494924,1.33215728752538,-7.54326588455652));
#4998=CARTESIAN_POINT('',(5.11431457505077,1.04931457505075,-7.66042317208189));
#4999=CARTESIAN_POINT('Origin',(3.31333704181411,-2.02166295818589,-6.28807478894678));
#5000=CARTESIAN_POINT('',(3.11999999999999,-1.93215728752537,-6.6604231720819));
#5001=CARTESIAN_POINT('',(3.40284271247462,-2.215,-6.6604231720819));
#5002=CARTESIAN_POINT('Origin',(3.68568542494923,-1.64931457505077,-6.6604231720819));
#5003=CARTESIAN_POINT('',(3.11999999999999,-1.93215728752537,-6.6604231720819));
#5004=CARTESIAN_POINT('',(4.28568542494924,-1.33215728752538,-7.54326588455652));
#5005=CARTESIAN_POINT('Origin',(4.28568542494924,1.10749999999999,-7.26042317208189));
#5006=CARTESIAN_POINT('',(4.00284271247461,-1.04931457505075,-7.54326588455652));
#5007=CARTESIAN_POINT('',(4.28568542494924,1.04931457505075,-7.66042317208189));
#5008=CARTESIAN_POINT('Origin',(3.31333704181411,2.02166295818589,-6.28807478894678));
#5009=CARTESIAN_POINT('',(3.40284271247462,2.215,-6.6604231720819));
#5010=CARTESIAN_POINT('',(3.11999999999999,1.93215728752537,-6.6604231720819));
#5011=CARTESIAN_POINT('Origin',(3.68568542494923,1.64931457505077,-6.6604231720819));
#5012=CARTESIAN_POINT('',(3.40284271247462,2.215,-6.6604231720819));
#5013=CARTESIAN_POINT('',(4.00284271247461,1.04931457505075,-7.54326588455652));
#5014=CARTESIAN_POINT('Origin',(6.32414213562373,-2.1253730162779,-6.61628103645817));
#5015=CARTESIAN_POINT('',(6.28,-1.93215728752537,-6.6604231720819));
#5016=CARTESIAN_POINT('Origin',(6.12687301627792,1.28801515190165,-7.58740802018026));
#5017=CARTESIAN_POINT('',(5.99715728752539,2.215,-6.6604231720819));
#5018=CARTESIAN_POINT('Origin',(5.15574603255584,-1.15424603255582,-7.66042317208189));
#5019=CARTESIAN_POINT('',(4.31999999999999,1.015,-7.66042317208189));
#5020=CARTESIAN_POINT('',(4.31999999999999,1.015,-7.66042317208189));
#5021=CARTESIAN_POINT('',(4.31999999999999,-1.015,-7.66042317208189));
#5022=CARTESIAN_POINT('',(4.31999999999999,-1.015,-7.66042317208189));
#5023=CARTESIAN_POINT('',(5.08,-1.015,-7.66042317208189));
#5024=CARTESIAN_POINT('Origin',(5.118,1.015,-7.63542317208189));
#5025=CARTESIAN_POINT('',(4.31999999999999,1.015,-7.66042317208189));
#5026=CARTESIAN_POINT('Origin',(5.118,-1.015,-8.1854231720819));
#5027=CARTESIAN_POINT('',(4.31999999999999,-1.015,-7.66042317208189));
#5028=CARTESIAN_POINT('Origin',(4.31999999999999,-1.1165,-13.5404231720819));
#5029=CARTESIAN_POINT('Origin',(6.12687301627792,-2.25914213562374,-6.61628103645817));
#5030=CARTESIAN_POINT('',(3.40284271247462,-2.215,-6.6604231720819));
#5031=CARTESIAN_POINT('Origin',(4.04698484809834,-2.1253730162779,-7.58740802018026));
#5032=CARTESIAN_POINT('',(3.11999999999999,1.93215728752537,-6.6604231720819));
#5033=CARTESIAN_POINT('Origin',(0.380000000000004,-1.1165,-7.38042317208189));
#5034=CARTESIAN_POINT('',(0.380000000000004,0.635,-12.6254231720819));
#5035=CARTESIAN_POINT('',(0.380000000000004,-0.635,-12.6254231720819));
#5036=CARTESIAN_POINT('Origin',(0.380000000000004,-1.495748088E-15,-12.6254231720819));
#5037=CARTESIAN_POINT('',(0.380000000000004,0.635,-8.1604231720819));
#5038=CARTESIAN_POINT('',(0.380000000000004,0.635,-8.1604231720819));
#5039=CARTESIAN_POINT('',(0.380000000000004,1.015,-8.1604231720819));
#5040=CARTESIAN_POINT('',(0.380000000000004,0.635,-8.1604231720819));
#5041=CARTESIAN_POINT('',(0.380000000000004,1.015,-7.66042317208189));
#5042=CARTESIAN_POINT('',(0.380000000000004,1.015,-7.66042317208189));
#5043=CARTESIAN_POINT('',(0.380000000000004,-1.015,-7.66042317208189));
#5044=CARTESIAN_POINT('',(0.380000000000004,1.015,-7.66042317208189));
#5045=CARTESIAN_POINT('',(0.380000000000004,-1.015,-8.1604231720819));
#5046=CARTESIAN_POINT('',(0.380000000000004,-1.015,-7.66042317208189));
#5047=CARTESIAN_POINT('',(0.380000000000004,-0.635,-8.1604231720819));
#5048=CARTESIAN_POINT('',(0.380000000000004,-1.015,-8.1604231720819));
#5049=CARTESIAN_POINT('',(0.380000000000004,-0.635,-8.1604231720819));
#5050=CARTESIAN_POINT('Origin',(-0.418000000000004,-1.40998321E-15,-12.6254231720819));
#5051=CARTESIAN_POINT('',(-0.380000000000004,-0.635,-12.6254231720819));
#5052=CARTESIAN_POINT('',(0.380000000000004,-0.635,-12.6254231720819));
#5053=CARTESIAN_POINT('',(-0.380000000000004,0.635,-12.6254231720819));
#5054=CARTESIAN_POINT('Origin',(-0.380000000000004,-1.495748088E-15,-12.6254231720819));
#5055=CARTESIAN_POINT('',(-0.380000000000004,0.635,-12.6254231720819));
#5056=CARTESIAN_POINT('Origin',(0.418000000000004,-0.635,-12.8486731720819));
#5057=CARTESIAN_POINT('',(-0.380000000000004,-0.635,-8.1604231720819));
#5058=CARTESIAN_POINT('',(-0.380000000000004,-0.635,-8.1604231720819));
#5059=CARTESIAN_POINT('',(-0.380000000000004,-0.635,-8.1604231720819));
#5060=CARTESIAN_POINT('Origin',(0.418000000000004,0.635,-7.9371731720819));
#5061=CARTESIAN_POINT('',(-0.380000000000004,0.635,-8.1604231720819));
#5062=CARTESIAN_POINT('',(-0.380000000000004,0.635,-8.1604231720819));
#5063=CARTESIAN_POINT('',(0.380000000000004,0.635,-8.1604231720819));
#5064=CARTESIAN_POINT('Origin',(0.418000000000004,0.616,-8.1604231720819));
#5065=CARTESIAN_POINT('',(-0.380000000000004,1.015,-8.1604231720819));
#5066=CARTESIAN_POINT('',(-0.380000000000004,1.015,-8.1604231720819));
#5067=CARTESIAN_POINT('',(0.380000000000004,1.015,-8.1604231720819));
#5068=CARTESIAN_POINT('Origin',(-0.414314575050752,1.04931457505075,-7.26042317208189));
#5069=CARTESIAN_POINT('',(-0.697157287525385,1.04931457505075,-7.54326588455652));
#5070=CARTESIAN_POINT('',(-0.414314575050752,1.33215728752538,-7.54326588455652));
#5071=CARTESIAN_POINT('Origin',(-0.414314575050752,1.04931457505075,-7.26042317208189));
#5072=CARTESIAN_POINT('',(-0.414314575050752,1.04931457505075,-7.66042317208189));
#5073=CARTESIAN_POINT('Origin',(-0.414314575050752,1.04931457505075,-7.26042317208189));
#5074=CARTESIAN_POINT('Origin',(-0.414314575050752,1.04931457505075,-7.26042317208189));
#5075=CARTESIAN_POINT('Origin',(-0.414314575050752,-1.04931457505075,-7.26042317208189));
#5076=CARTESIAN_POINT('',(-0.697157287525385,-1.04931457505075,-7.54326588455652));
#5077=CARTESIAN_POINT('',(-0.414314575050752,-1.04931457505075,-7.66042317208189));
#5078=CARTESIAN_POINT('Origin',(-0.414314575050752,-1.04931457505075,-7.26042317208189));
#5079=CARTESIAN_POINT('',(-0.414314575050752,-1.33215728752538,-7.54326588455652));
#5080=CARTESIAN_POINT('Origin',(-0.414314575050752,-1.04931457505075,-7.26042317208189));
#5081=CARTESIAN_POINT('Origin',(-0.414314575050752,-1.04931457505075,-7.26042317208189));
#5082=CARTESIAN_POINT('Origin',(0.414314575050752,1.04931457505075,-7.26042317208189));
#5083=CARTESIAN_POINT('',(0.414314575050752,1.33215728752538,-7.54326588455652));
#5084=CARTESIAN_POINT('',(0.697157287525385,1.04931457505075,-7.54326588455652));
#5085=CARTESIAN_POINT('Origin',(0.414314575050752,1.04931457505075,-7.26042317208189));
#5086=CARTESIAN_POINT('',(0.414314575050752,1.04931457505075,-7.66042317208189));
#5087=CARTESIAN_POINT('Origin',(0.414314575050752,1.04931457505075,-7.26042317208189));
#5088=CARTESIAN_POINT('Origin',(0.414314575050752,1.04931457505075,-7.26042317208189));
#5089=CARTESIAN_POINT('Origin',(0.414314575050752,-1.04931457505075,-7.26042317208189));
#5090=CARTESIAN_POINT('',(0.414314575050752,-1.33215728752538,-7.54326588455652));
#5091=CARTESIAN_POINT('',(0.414314575050752,-1.04931457505075,-7.66042317208189));
#5092=CARTESIAN_POINT('Origin',(0.414314575050752,-1.04931457505075,-7.26042317208189));
#5093=CARTESIAN_POINT('',(0.697157287525385,-1.04931457505075,-7.54326588455652));
#5094=CARTESIAN_POINT('Origin',(0.414314575050752,-1.04931457505075,-7.26042317208189));
#5095=CARTESIAN_POINT('Origin',(0.414314575050752,-1.04931457505075,-7.26042317208189));
#5096=CARTESIAN_POINT('Origin',(0.414314575050752,-1.10749999999999,-7.26042317208189));
#5097=CARTESIAN_POINT('',(0.697157287525385,1.04931457505075,-7.54326588455652));
#5098=CARTESIAN_POINT('',(0.414314575050752,-1.04931457505075,-7.66042317208189));
#5099=CARTESIAN_POINT('Origin',(1.38666295818589,-2.02166295818589,-6.28807478894678));
#5100=CARTESIAN_POINT('',(1.29715728752537,-2.215,-6.6604231720819));
#5101=CARTESIAN_POINT('',(1.58,-1.93215728752537,-6.6604231720819));
#5102=CARTESIAN_POINT('Origin',(1.01431457505077,-1.64931457505077,-6.6604231720819));
#5103=CARTESIAN_POINT('',(1.29715728752537,-2.215,-6.6604231720819));
#5104=CARTESIAN_POINT('',(0.697157287525385,-1.04931457505075,-7.54326588455652));
#5105=CARTESIAN_POINT('Origin',(-0.78999999999999,-1.04931457505075,-7.26042317208189));
#5106=CARTESIAN_POINT('',(0.414314575050752,-1.33215728752538,-7.54326588455652));
#5107=CARTESIAN_POINT('',(-0.414314575050752,-1.04931457505075,-7.66042317208189));
#5108=CARTESIAN_POINT('Origin',(1.38666295818589,2.02166295818589,-6.28807478894678));
#5109=CARTESIAN_POINT('',(1.58,1.93215728752537,-6.6604231720819));
#5110=CARTESIAN_POINT('',(1.29715728752537,2.215,-6.6604231720819));
#5111=CARTESIAN_POINT('Origin',(1.01431457505077,1.64931457505077,-6.6604231720819));
#5112=CARTESIAN_POINT('',(1.58,1.93215728752537,-6.6604231720819));
#5113=CARTESIAN_POINT('',(0.414314575050752,1.33215728752538,-7.54326588455652));
#5114=CARTESIAN_POINT('Origin',(0.78999999999999,1.04931457505075,-7.26042317208189));
#5115=CARTESIAN_POINT('',(-0.414314575050752,1.33215728752538,-7.54326588455652));
#5116=CARTESIAN_POINT('',(0.414314575050752,1.04931457505075,-7.66042317208189));
#5117=CARTESIAN_POINT('Origin',(-1.38666295818589,-2.02166295818589,-6.28807478894678));
#5118=CARTESIAN_POINT('',(-1.58,-1.93215728752537,-6.6604231720819));
#5119=CARTESIAN_POINT('',(-1.29715728752537,-2.215,-6.6604231720819));
#5120=CARTESIAN_POINT('Origin',(-1.01431457505077,-1.64931457505077,-6.6604231720819));
#5121=CARTESIAN_POINT('',(-1.58,-1.93215728752537,-6.6604231720819));
#5122=CARTESIAN_POINT('',(-0.414314575050752,-1.33215728752538,-7.54326588455652));
#5123=CARTESIAN_POINT('Origin',(-0.414314575050752,1.10749999999999,-7.26042317208189));
#5124=CARTESIAN_POINT('',(-0.697157287525385,-1.04931457505075,-7.54326588455652));
#5125=CARTESIAN_POINT('',(-0.414314575050752,1.04931457505075,-7.66042317208189));
#5126=CARTESIAN_POINT('Origin',(-1.38666295818589,2.02166295818589,-6.28807478894678));
#5127=CARTESIAN_POINT('',(-1.29715728752537,2.215,-6.6604231720819));
#5128=CARTESIAN_POINT('',(-1.58,1.93215728752537,-6.6604231720819));
#5129=CARTESIAN_POINT('Origin',(-1.01431457505077,1.64931457505077,-6.6604231720819));
#5130=CARTESIAN_POINT('',(-1.29715728752537,2.215,-6.6604231720819));
#5131=CARTESIAN_POINT('',(-0.697157287525385,1.04931457505075,-7.54326588455652));
#5132=CARTESIAN_POINT('Origin',(1.62414213562374,-2.1253730162779,-6.61628103645817));
#5133=CARTESIAN_POINT('',(1.58,-1.93215728752537,-6.6604231720819));
#5134=CARTESIAN_POINT('Origin',(1.4268730162779,1.28801515190165,-7.58740802018026));
#5135=CARTESIAN_POINT('',(1.29715728752537,2.215,-6.6604231720819));
#5136=CARTESIAN_POINT('Origin',(0.45574603255582,-1.15424603255582,-7.66042317208189));
#5137=CARTESIAN_POINT('',(-0.380000000000004,1.015,-7.66042317208189));
#5138=CARTESIAN_POINT('',(-0.380000000000004,1.015,-7.66042317208189));
#5139=CARTESIAN_POINT('',(-0.380000000000004,-1.015,-7.66042317208189));
#5140=CARTESIAN_POINT('',(-0.380000000000004,-1.015,-7.66042317208189));
#5141=CARTESIAN_POINT('',(0.380000000000004,-1.015,-7.66042317208189));
#5142=CARTESIAN_POINT('Origin',(0.418000000000004,1.015,-7.63542317208189));
#5143=CARTESIAN_POINT('',(-0.380000000000004,1.015,-7.66042317208189));
#5144=CARTESIAN_POINT('Origin',(-0.380000000000004,-1.1165,-13.5404231720819));
#5145=CARTESIAN_POINT('',(-0.380000000000004,-1.015,-8.1604231720819));
#5146=CARTESIAN_POINT('',(-0.380000000000004,-0.635,-8.1604231720819));
#5147=CARTESIAN_POINT('',(-0.380000000000004,-1.015,-7.66042317208189));
#5148=CARTESIAN_POINT('Origin',(0.418000000000004,-1.015,-8.1854231720819));
#5149=CARTESIAN_POINT('',(-0.380000000000004,-1.015,-8.1604231720819));
#5150=CARTESIAN_POINT('Origin',(0.418000000000004,-1.034,-8.1604231720819));
#5151=CARTESIAN_POINT('Origin',(1.4268730162779,-2.25914213562374,-6.61628103645817));
#5152=CARTESIAN_POINT('',(-1.29715728752537,-2.215,-6.6604231720819));
#5153=CARTESIAN_POINT('Origin',(-0.653015151901654,-2.1253730162779,-7.58740802018026));
#5154=CARTESIAN_POINT('',(-1.58,1.93215728752537,-6.6604231720819));
#5155=CARTESIAN_POINT('Origin',(-4.31999999999999,-1.1165,-7.38042317208189));
#5156=CARTESIAN_POINT('',(-4.31999999999999,0.635,-12.6254231720819));
#5157=CARTESIAN_POINT('',(-4.31999999999999,-0.635,-12.6254231720819));
#5158=CARTESIAN_POINT('Origin',(-4.31999999999999,-1.356970108E-15,-12.6254231720819));
#5159=CARTESIAN_POINT('',(-4.31999999999999,0.635,-8.1604231720819));
#5160=CARTESIAN_POINT('',(-4.31999999999999,0.635,-8.1604231720819));
#5161=CARTESIAN_POINT('',(-4.31999999999999,1.015,-8.1604231720819));
#5162=CARTESIAN_POINT('',(-4.31999999999999,0.635,-8.1604231720819));
#5163=CARTESIAN_POINT('',(-4.31999999999999,1.015,-7.66042317208189));
#5164=CARTESIAN_POINT('',(-4.31999999999999,1.015,-7.66042317208189));
#5165=CARTESIAN_POINT('',(-4.31999999999999,-1.015,-7.66042317208189));
#5166=CARTESIAN_POINT('',(-4.31999999999999,1.015,-7.66042317208189));
#5167=CARTESIAN_POINT('',(-4.31999999999999,-1.015,-8.1604231720819));
#5168=CARTESIAN_POINT('',(-4.31999999999999,-1.015,-7.66042317208189));
#5169=CARTESIAN_POINT('',(-4.31999999999999,-0.635,-8.1604231720819));
#5170=CARTESIAN_POINT('',(-4.31999999999999,-1.015,-8.1604231720819));
#5171=CARTESIAN_POINT('',(-4.31999999999999,-0.635,-8.1604231720819));
#5172=CARTESIAN_POINT('Origin',(-5.118,-1.40998321E-15,-12.6254231720819));
#5173=CARTESIAN_POINT('',(-5.08,-0.635,-12.6254231720819));
#5174=CARTESIAN_POINT('',(-4.31999999999999,-0.635,-12.6254231720819));
#5175=CARTESIAN_POINT('',(-5.08,0.635,-12.6254231720819));
#5176=CARTESIAN_POINT('Origin',(-5.08,-1.356970108E-15,-12.6254231720819));
#5177=CARTESIAN_POINT('',(-5.08,0.635,-12.6254231720819));
#5178=CARTESIAN_POINT('Origin',(-4.28199999999999,-0.635,-12.8486731720819));
#5179=CARTESIAN_POINT('',(-5.08,-0.635,-8.1604231720819));
#5180=CARTESIAN_POINT('',(-5.08,-0.635,-8.1604231720819));
#5181=CARTESIAN_POINT('',(-5.08,-0.635,-8.1604231720819));
#5182=CARTESIAN_POINT('Origin',(-4.28199999999999,0.635,-7.9371731720819));
#5183=CARTESIAN_POINT('',(-5.08,0.635,-8.1604231720819));
#5184=CARTESIAN_POINT('',(-5.08,0.635,-8.1604231720819));
#5185=CARTESIAN_POINT('',(-4.31999999999999,0.635,-8.1604231720819));
#5186=CARTESIAN_POINT('Origin',(-4.28199999999999,0.616,-8.1604231720819));
#5187=CARTESIAN_POINT('',(-5.08,1.015,-8.1604231720819));
#5188=CARTESIAN_POINT('',(-5.08,1.015,-8.1604231720819));
#5189=CARTESIAN_POINT('',(-4.31999999999999,1.015,-8.1604231720819));
#5190=CARTESIAN_POINT('Origin',(-4.28568542494924,-1.04931457505075,-7.26042317208189));
#5191=CARTESIAN_POINT('',(-4.00284271247461,-1.04931457505075,-7.54326588455652));
#5192=CARTESIAN_POINT('',(-4.28568542494924,-1.33215728752538,-7.54326588455652));
#5193=CARTESIAN_POINT('Origin',(-4.28568542494924,-1.04931457505075,-7.26042317208189));
#5194=CARTESIAN_POINT('',(-4.28568542494924,-1.04931457505075,-7.66042317208189));
#5195=CARTESIAN_POINT('Origin',(-4.28568542494924,-1.04931457505075,-7.26042317208189));
#5196=CARTESIAN_POINT('Origin',(-4.28568542494924,-1.04931457505075,-7.26042317208189));
#5197=CARTESIAN_POINT('Origin',(-5.11431457505077,-1.04931457505075,-7.26042317208189));
#5198=CARTESIAN_POINT('',(-5.11431457505077,-1.33215728752538,-7.54326588455652));
#5199=CARTESIAN_POINT('',(-5.39715728752538,-1.04931457505075,-7.54326588455652));
#5200=CARTESIAN_POINT('Origin',(-5.11431457505077,-1.04931457505075,-7.26042317208189));
#5201=CARTESIAN_POINT('',(-5.11431457505077,-1.04931457505075,-7.66042317208189));
#5202=CARTESIAN_POINT('Origin',(-5.11431457505077,-1.04931457505075,-7.26042317208189));
#5203=CARTESIAN_POINT('Origin',(-5.11431457505077,-1.04931457505075,-7.26042317208189));
#5204=CARTESIAN_POINT('Origin',(-4.28568542494924,1.04931457505075,-7.26042317208189));
#5205=CARTESIAN_POINT('',(-4.00284271247461,1.04931457505075,-7.54326588455652));
#5206=CARTESIAN_POINT('',(-4.28568542494924,1.04931457505075,-7.66042317208189));
#5207=CARTESIAN_POINT('Origin',(-4.28568542494924,1.04931457505075,-7.26042317208189));
#5208=CARTESIAN_POINT('',(-4.28568542494924,1.33215728752538,-7.54326588455652));
#5209=CARTESIAN_POINT('Origin',(-4.28568542494924,1.04931457505075,-7.26042317208189));
#5210=CARTESIAN_POINT('Origin',(-4.28568542494924,1.04931457505075,-7.26042317208189));
#5211=CARTESIAN_POINT('Origin',(-5.11431457505077,1.04931457505075,-7.26042317208189));
#5212=CARTESIAN_POINT('',(-5.11431457505077,1.04931457505075,-7.66042317208189));
#5213=CARTESIAN_POINT('',(-5.39715728752538,1.04931457505075,-7.54326588455652));
#5214=CARTESIAN_POINT('Origin',(-5.11431457505077,1.04931457505075,-7.26042317208189));
#5215=CARTESIAN_POINT('',(-5.11431457505077,1.33215728752538,-7.54326588455652));
#5216=CARTESIAN_POINT('Origin',(-5.11431457505077,1.04931457505075,-7.26042317208189));
#5217=CARTESIAN_POINT('Origin',(-5.11431457505077,1.04931457505075,-7.26042317208189));
#5218=CARTESIAN_POINT('Origin',(-6.08666295818588,2.02166295818589,-6.28807478894678));
#5219=CARTESIAN_POINT('',(-5.99715728752539,2.215,-6.6604231720819));
#5220=CARTESIAN_POINT('',(-6.28,1.93215728752537,-6.6604231720819));
#5221=CARTESIAN_POINT('Origin',(-5.71431457505076,1.64931457505077,-6.6604231720819));
#5222=CARTESIAN_POINT('',(-5.99715728752539,2.215,-6.6604231720819));
#5223=CARTESIAN_POINT('',(-5.39715728752538,1.04931457505075,-7.54326588455652));
#5224=CARTESIAN_POINT('Origin',(-3.91000000000001,1.04931457505075,-7.26042317208189));
#5225=CARTESIAN_POINT('',(-5.11431457505077,1.33215728752538,-7.54326588455652));
#5226=CARTESIAN_POINT('',(-4.28568542494924,1.04931457505075,-7.66042317208189));
#5227=CARTESIAN_POINT('Origin',(-5.11431457505077,1.10749999999999,-7.26042317208189));
#5228=CARTESIAN_POINT('',(-5.39715728752538,-1.04931457505075,-7.54326588455652));
#5229=CARTESIAN_POINT('',(-5.11431457505077,1.04931457505075,-7.66042317208189));
#5230=CARTESIAN_POINT('Origin',(-3.31333704181411,2.02166295818589,-6.28807478894678));
#5231=CARTESIAN_POINT('',(-3.11999999999999,1.93215728752537,-6.6604231720819));
#5232=CARTESIAN_POINT('',(-3.40284271247462,2.215,-6.6604231720819));
#5233=CARTESIAN_POINT('Origin',(-3.68568542494923,1.64931457505077,-6.6604231720819));
#5234=CARTESIAN_POINT('',(-3.11999999999999,1.93215728752537,-6.6604231720819));
#5235=CARTESIAN_POINT('',(-4.28568542494924,1.33215728752538,-7.54326588455652));
#5236=CARTESIAN_POINT('Origin',(-4.28568542494924,-1.10749999999999,-7.26042317208189));
#5237=CARTESIAN_POINT('',(-4.00284271247461,1.04931457505075,-7.54326588455652));
#5238=CARTESIAN_POINT('',(-4.28568542494924,-1.04931457505075,-7.66042317208189));
#5239=CARTESIAN_POINT('Origin',(-6.08666295818588,-2.02166295818589,-6.28807478894678));
#5240=CARTESIAN_POINT('',(-6.28,-1.93215728752537,-6.6604231720819));
#5241=CARTESIAN_POINT('',(-5.99715728752539,-2.215,-6.6604231720819));
#5242=CARTESIAN_POINT('Origin',(-5.71431457505076,-1.64931457505077,-6.6604231720819));
#5243=CARTESIAN_POINT('',(-6.28,-1.93215728752537,-6.6604231720819));
#5244=CARTESIAN_POINT('',(-5.11431457505077,-1.33215728752538,-7.54326588455652));
#5245=CARTESIAN_POINT('Origin',(-5.49000000000001,-1.04931457505075,-7.26042317208189));
#5246=CARTESIAN_POINT('',(-4.28568542494924,-1.33215728752538,-7.54326588455652));
#5247=CARTESIAN_POINT('',(-5.11431457505077,-1.04931457505075,-7.66042317208189));
#5248=CARTESIAN_POINT('Origin',(-3.31333704181411,-2.02166295818589,-6.28807478894678));
#5249=CARTESIAN_POINT('',(-3.40284271247462,-2.215,-6.6604231720819));
#5250=CARTESIAN_POINT('',(-3.11999999999999,-1.93215728752537,-6.6604231720819));
#5251=CARTESIAN_POINT('Origin',(-3.68568542494923,-1.64931457505077,-6.6604231720819));
#5252=CARTESIAN_POINT('',(-3.40284271247462,-2.215,-6.6604231720819));
#5253=CARTESIAN_POINT('',(-4.00284271247461,-1.04931457505075,-7.54326588455652));
#5254=CARTESIAN_POINT('Origin',(-5.35301515190165,-2.1253730162779,-7.58740802018026));
#5255=CARTESIAN_POINT('',(-6.28,1.93215728752537,-6.6604231720819));
#5256=CARTESIAN_POINT('Origin',(-3.27312698372209,-2.25914213562374,-6.61628103645817));
#5257=CARTESIAN_POINT('',(-5.99715728752539,-2.215,-6.6604231720819));
#5258=CARTESIAN_POINT('Origin',(-4.24425396744418,-1.15424603255582,-7.66042317208189));
#5259=CARTESIAN_POINT('',(-5.08,1.015,-7.66042317208189));
#5260=CARTESIAN_POINT('',(-5.08,1.015,-7.66042317208189));
#5261=CARTESIAN_POINT('',(-5.08,-1.015,-7.66042317208189));
#5262=CARTESIAN_POINT('',(-5.08,-1.015,-7.66042317208189));
#5263=CARTESIAN_POINT('',(-4.31999999999999,-1.015,-7.66042317208189));
#5264=CARTESIAN_POINT('Origin',(-4.28199999999999,1.015,-7.63542317208189));
#5265=CARTESIAN_POINT('',(-5.08,1.015,-7.66042317208189));
#5266=CARTESIAN_POINT('Origin',(-5.08,-1.1165,-13.5404231720819));
#5267=CARTESIAN_POINT('',(-5.08,-1.015,-8.1604231720819));
#5268=CARTESIAN_POINT('',(-5.08,-0.635,-8.1604231720819));
#5269=CARTESIAN_POINT('',(-5.08,-1.015,-7.66042317208189));
#5270=CARTESIAN_POINT('Origin',(-4.28199999999999,-1.015,-8.1854231720819));
#5271=CARTESIAN_POINT('',(-5.08,-1.015,-8.1604231720819));
#5272=CARTESIAN_POINT('Origin',(-4.28199999999999,-1.034,-8.1604231720819));
#5273=CARTESIAN_POINT('Origin',(-3.07585786437626,-2.1253730162779,-6.61628103645817));
#5274=CARTESIAN_POINT('',(-3.11999999999999,-1.93215728752537,-6.6604231720819));
#5275=CARTESIAN_POINT('Origin',(-3.27312698372209,1.28801515190165,-7.58740802018026));
#5276=CARTESIAN_POINT('',(-3.40284271247462,2.215,-6.6604231720819));
#5277=CARTESIAN_POINT('Origin',(2.66821027365473,2.70432149272748,11.1195768279181));
#5278=CARTESIAN_POINT('',(2.42377168919498,-0.448949661606831,11.1195768279181));
#5279=CARTESIAN_POINT('',(2.42377168919498,0.448949661606831,11.1195768279181));
#5280=CARTESIAN_POINT('Origin',(0.,0.,11.1195768279181));
#5281=CARTESIAN_POINT('',(2.42377168919498,0.448949661606831,11.1195768279181));
#5282=CARTESIAN_POINT('',(-2.02061326224309,0.57194584048434,11.1195768279181));
#5283=CARTESIAN_POINT('',(-2.16346733194017,-6.6297330233914E-16,11.1195768279181));
#5284=CARTESIAN_POINT('Origin',(-0.899664083384643,-6.93889392E-16,11.1195768279181));
#5285=CARTESIAN_POINT('',(-2.02061326224309,-0.57194584048434,11.1195768279181));
#5286=CARTESIAN_POINT('Origin',(0.,0.,11.1195768279181));
#5287=CARTESIAN_POINT('Origin',(-0.899664083384643,-6.93889392E-16,11.1195768279181));
#5288=CARTESIAN_POINT('Origin',(1.88986434698369,-2.64507025382478,2.2295768279181));
#5289=CARTESIAN_POINT('',(-1.7180584972579,-2.66999999999999,2.2295768279181));
#5290=CARTESIAN_POINT('',(1.7180584972579,-2.66999999999999,2.2295768279181));
#5291=CARTESIAN_POINT('',(-1.7180584972579,-2.66999999999999,2.2295768279181));
#5292=CARTESIAN_POINT('Origin',(0.,0.,2.2295768279181));
#5293=CARTESIAN_POINT('Origin',(1.88986434698363,3.19352466967914,2.2295768279181));
#5294=CARTESIAN_POINT('',(-1.71805849725784,2.67000000000001,2.2295768279181));
#5295=CARTESIAN_POINT('',(1.71805849725784,2.67000000000001,2.2295768279181));
#5296=CARTESIAN_POINT('',(-1.71805849725784,2.67000000000001,2.2295768279181));
#5297=CARTESIAN_POINT('Origin',(0.,0.,2.2295768279181));
#5298=CARTESIAN_POINT('Origin',(0.,0.,2.2295768279181));
#5299=CARTESIAN_POINT('',(-2.10000000000001,7.7152754E-16,2.2295768279181));
#5300=CARTESIAN_POINT('Origin',(0.,0.,2.2295768279181));
#5301=CARTESIAN_POINT('',(-2.10000000000001,-8.65845391200616E-16,10.8435709430829));
#5302=CARTESIAN_POINT('',(-2.10000000000001,-2.57175827820945E-16,2.2295768279181));
#5303=CARTESIAN_POINT('Ctrl Pts',(-2.02061326224325,-0.571945840483804,
11.1195768279186));
#5304=CARTESIAN_POINT('Ctrl Pts',(-2.0395311674397,-0.505111242820723,11.0484442974828));
#5305=CARTESIAN_POINT('Ctrl Pts',(-2.05703466976677,-0.430784820919361,
10.9869885306482));
#5306=CARTESIAN_POINT('Ctrl Pts',(-2.08079274513106,-0.289596404998924,
10.9062133740387));
#5307=CARTESIAN_POINT('Ctrl Pts',(-2.09015119064564,-0.213857895542438,
10.8755082951889));
#5308=CARTESIAN_POINT('Ctrl Pts',(-2.09801462272315,-0.101940369086081,
10.8499459334392));
#5309=CARTESIAN_POINT('Ctrl Pts',(-2.10000000000001,-0.0465186951870529,
10.8435709430829));
#5310=CARTESIAN_POINT('Ctrl Pts',(-2.10000000000001,-1.47451495458029E-15,
10.8435709430829));
#5311=CARTESIAN_POINT('Ctrl Pts',(-2.10000000000001,-1.47451495458029E-15,
10.8435709430829));
#5312=CARTESIAN_POINT('Ctrl Pts',(-2.10000000000001,0.0465186951870559,
10.8435709430829));
#5313=CARTESIAN_POINT('Ctrl Pts',(-2.09801462272315,0.101940369086072,10.8499459334393));
#5314=CARTESIAN_POINT('Ctrl Pts',(-2.09015119064564,0.213857895542418,10.8755082951891));
#5315=CARTESIAN_POINT('Ctrl Pts',(-2.08079274513106,0.289596404998937,10.9062133740387));
#5316=CARTESIAN_POINT('Ctrl Pts',(-2.05703466976677,0.430784820919359,10.9869885306482));
#5317=CARTESIAN_POINT('Ctrl Pts',(-2.03953116743968,0.505111242820782,11.0484442974828));
#5318=CARTESIAN_POINT('Ctrl Pts',(-2.02061326224323,0.571945840483857,11.1195768279186));
#5319=CARTESIAN_POINT('',(1.99213909082637,0.664365744753204,2.54269254482643));
#5320=CARTESIAN_POINT('',(1.99213909082637,-0.664365744753204,2.54269254482643));
#5321=CARTESIAN_POINT('Origin',(0.,0.,2.13738726602596));
#5322=CARTESIAN_POINT('',(2.10000000000001,8.81239538E-17,5.44683707437092));
#5323=CARTESIAN_POINT('Ctrl Pts',(2.10000000000001,-1.73472347597681E-17,
5.44683707437129));
#5324=CARTESIAN_POINT('Ctrl Pts',(2.10000000000001,0.0599164296462457,5.44683707437129));
#5325=CARTESIAN_POINT('Ctrl Pts',(2.09719597834417,0.121792111343462,5.43060606947199));
#5326=CARTESIAN_POINT('Ctrl Pts',(2.08786716725888,0.232109665023602,5.37058861591802));
#5327=CARTESIAN_POINT('Ctrl Pts',(2.08152319947481,0.280640027392623,5.32693695915198));
#5328=CARTESIAN_POINT('Ctrl Pts',(2.0659737767701,0.381850560352143,5.20590497592827));
#5329=CARTESIAN_POINT('Ctrl Pts',(2.05712306689669,0.423649737057301,5.12328243511069));
#5330=CARTESIAN_POINT('Ctrl Pts',(2.04180109964697,0.492221802490452,4.95167665365639));
#5331=CARTESIAN_POINT('Ctrl Pts',(2.03523678692662,0.517980250954635,4.86229810018409));
#5332=CARTESIAN_POINT('Ctrl Pts',(2.0182050037978,0.582060896381139,4.58472334195534));
#5333=CARTESIAN_POINT('Ctrl Pts',(2.0104291822282,0.607064025940387,4.38850443310543));
#5334=CARTESIAN_POINT('Ctrl Pts',(1.99367329954992,0.660814310611707,3.77871017390873));
#5335=CARTESIAN_POINT('Ctrl Pts',(1.99119578437657,0.667187640983419,3.35049407607967));
#5336=CARTESIAN_POINT('Ctrl Pts',(1.99119578437656,0.667187640983443,2.82050472042383));
#5337=CARTESIAN_POINT('Ctrl Pts',(1.99153180161269,0.666186736566197,2.6825863071884));
#5338=CARTESIAN_POINT('Ctrl Pts',(1.99213909082638,0.664365744753216,2.54269254482643));
#5339=CARTESIAN_POINT('Ctrl Pts',(1.99213909082638,-0.664365744753216,2.54269254482643));
#5340=CARTESIAN_POINT('Ctrl Pts',(1.99153180160768,-0.666186736581226,2.68258630834293));
#5341=CARTESIAN_POINT('Ctrl Pts',(1.99119578437656,-0.667187640983443,2.82050472198231));
#5342=CARTESIAN_POINT('Ctrl Pts',(1.99119578437656,-0.667187640983437,2.95601031712533));
#5343=CARTESIAN_POINT('Ctrl Pts',(1.99119578437657,-0.667187640983419,3.35049407607967));
#5344=CARTESIAN_POINT('Ctrl Pts',(1.9936732995499,-0.660814310611757,3.77871017390875));
#5345=CARTESIAN_POINT('Ctrl Pts',(2.0104291822282,-0.607064025940377,4.38850443310547));
#5346=CARTESIAN_POINT('Ctrl Pts',(2.0182050037978,-0.582060896381158,4.58472334195538));
#5347=CARTESIAN_POINT('Ctrl Pts',(2.03523678692662,-0.517980250954659,4.86229810018413));
#5348=CARTESIAN_POINT('Ctrl Pts',(2.04180109964697,-0.49222180249047,4.95167665365642));
#5349=CARTESIAN_POINT('Ctrl Pts',(2.05712306689668,-0.423649737057315,5.12328243511072));
#5350=CARTESIAN_POINT('Ctrl Pts',(2.0659737767701,-0.381850560352146,5.20590497592831));
#5351=CARTESIAN_POINT('Ctrl Pts',(2.08152319947481,-0.280640027392626,5.32693695915201));
#5352=CARTESIAN_POINT('Ctrl Pts',(2.08786716725888,-0.232109665023616,5.37058861591806));
#5353=CARTESIAN_POINT('Ctrl Pts',(2.09719597834417,-0.121792111343482,5.43060606947203));
#5354=CARTESIAN_POINT('Ctrl Pts',(2.10000000000001,-0.0599164296462428,
5.44683707437129));
#5355=CARTESIAN_POINT('Ctrl Pts',(2.10000000000001,-1.73472347597681E-17,
5.44683707437129));
#5356=CARTESIAN_POINT('Origin',(0.,0.,-11.8154231720819));
#5357=CARTESIAN_POINT('',(2.42377168919498,0.509999999999992,11.1077302034088));
#5358=CARTESIAN_POINT('',(3.13377168919499,0.509999999999992,10.4095768279181));
#5359=CARTESIAN_POINT('Ctrl Pts',(2.42377168919498,0.509999999999992,11.1077302034088));
#5360=CARTESIAN_POINT('Ctrl Pts',(2.73491974756166,0.509999999999992,10.8032495595311));
#5361=CARTESIAN_POINT('Ctrl Pts',(3.13377168919499,0.509999999999992,10.4095768279181));
#5362=CARTESIAN_POINT('',(3.13377168919499,-0.509999999999992,10.4095768279181));
#5363=CARTESIAN_POINT('Origin',(0.,0.,10.4095768279181));
#5364=CARTESIAN_POINT('',(2.42377168919498,-0.509999999999992,11.1077302034088));
#5365=CARTESIAN_POINT('Ctrl Pts',(3.13377168919499,-0.509999999999992,10.4095768279181));
#5366=CARTESIAN_POINT('Ctrl Pts',(2.73491974756165,-0.509999999999992,10.803249559531));
#5367=CARTESIAN_POINT('Ctrl Pts',(2.42377168919498,-0.509999999999992,11.1077302034088));
#5368=CARTESIAN_POINT('Ctrl Pts',(2.42377168919498,-0.509999999999992,11.1077302034088));
#5369=CARTESIAN_POINT('Ctrl Pts',(2.42377168919498,-0.479401655683849,11.1140306159765));
#5370=CARTESIAN_POINT('Ctrl Pts',(2.42377168919498,-0.448949661606831,11.1195768279181));
#5371=CARTESIAN_POINT('Ctrl Pts',(2.42377168919498,0.448949661606831,11.1195768279181));
#5372=CARTESIAN_POINT('Ctrl Pts',(2.42377168919498,0.479401655683849,11.1140306159765));
#5373=CARTESIAN_POINT('Ctrl Pts',(2.42377168919498,0.509999999999992,11.1077302034088));
#5374=CARTESIAN_POINT('Origin',(2.42377168919498,0.560999999999991,1.7850768279181));
#5375=CARTESIAN_POINT('',(2.42377168919498,-0.509999999999992,2.2295768279181));
#5376=CARTESIAN_POINT('',(2.42377168919498,-0.509999999999992,2.2295768279181));
#5377=CARTESIAN_POINT('',(2.42377168919498,0.509999999999992,2.2295768279181));
#5378=CARTESIAN_POINT('',(2.42377168919498,0.509999999999992,2.2295768279181));
#5379=CARTESIAN_POINT('',(2.42377168919498,0.509999999999992,2.2295768279181));
#5380=CARTESIAN_POINT('Origin',(3.169271689195,0.509999999999992,1.78566915914357));
#5381=CARTESIAN_POINT('',(3.13377168919499,0.509999999999992,2.2295768279181));
#5382=CARTESIAN_POINT('',(3.13377168919499,0.509999999999992,2.2295768279181));
#5383=CARTESIAN_POINT('',(3.13377168919499,0.509999999999992,2.2295768279181));
#5384=CARTESIAN_POINT('Origin',(3.169271689195,-0.509999999999992,11.5516378721833));
#5385=CARTESIAN_POINT('',(3.13377168919499,-0.509999999999992,2.2295768279181));
#5386=CARTESIAN_POINT('',(3.13377168919499,-0.509999999999992,2.2295768279181));
#5387=CARTESIAN_POINT('',(2.42377168919498,-0.509999999999992,2.2295768279181));
#5388=CARTESIAN_POINT('Origin',(0.,0.,1.82057682791811));
#5389=CARTESIAN_POINT('Origin',(0.,0.,2.2295768279181));
#5390=CARTESIAN_POINT('Origin',(0.,0.,2.2295768279181));
#5391=CARTESIAN_POINT('Origin',(0.,0.,2.2295768279181));
#5392=CARTESIAN_POINT('Origin',(-26.129659904554,-5.10528062E-16,135.160958427285));
#5393=CARTESIAN_POINT('',(-1.78745026771672,-5.10528062E-16,5.6272966727672));
#5394=CARTESIAN_POINT('Origin',(0.144300773977402,-5.10528062E-16,6.02031586411402));
#5395=CARTESIAN_POINT('',(-0.443528564831927,-6.73624110494402E-16,2.2295768279181));
#5396=CARTESIAN_POINT('',(-51.019747401923,-3.62113093183427E-15,130.097012893089));
#5397=CARTESIAN_POINT('',(0.453126173325521,-1.21847308999726,2.2295768279181));
#5398=CARTESIAN_POINT('Origin',(0.868094849688921,-5.55111412E-16,2.2295768279181));
#5399=CARTESIAN_POINT('Origin',(0.897155704877381,-5.10528062E-16,2.31991565712435));
#5400=CARTESIAN_POINT('',(0.453126173325521,1.21847308999726,2.2295768279181));
#5401=CARTESIAN_POINT('Origin',(0.897155704877381,-5.10528062E-16,2.31991565712435));
#5402=CARTESIAN_POINT('Origin',(0.868094849688921,-5.55111412E-16,2.2295768279181));
#5403=CARTESIAN_POINT('Origin',(-2.409829064E-31,-5.10528062E-16,6.72957682791808));
#5404=CARTESIAN_POINT('',(0.797899775514148,-5.10528062E-16,8.67208962021432));
#5405=CARTESIAN_POINT('',(-1.49347083136814,-6.93425489325493E-16,8.20590500141224));
#5406=CARTESIAN_POINT('Origin',(-0.347785527926994,-5.10528062E-16,8.43899731081328));
#5407=CARTESIAN_POINT('Origin',(-0.347785527926994,-5.10528062E-16,8.43899731081328));
#5408=CARTESIAN_POINT('Origin',(-2.409829064E-31,-5.10528062E-16,6.72957682791808));
#5409=CARTESIAN_POINT('Origin',(-6.58159707513711,2.93700000000001,2.2295768279181));
#5410=CARTESIAN_POINT('',(-4.75,2.67000000000001,2.2295768279181));
#5411=CARTESIAN_POINT('',(-4.75,2.67000000000001,2.2295768279181));
#5412=CARTESIAN_POINT('',(-6.35,2.67000000000001,2.2295768279181));
#5413=CARTESIAN_POINT('',(-4.75,2.67000000000001,2.2295768279181));
#5414=CARTESIAN_POINT('',(-6.35,-2.66999999999999,2.2295768279181));
#5415=CARTESIAN_POINT('',(-6.35,2.67000000000001,2.2295768279181));
#5416=CARTESIAN_POINT('',(-4.75,-2.66999999999999,2.2295768279181));
#5417=CARTESIAN_POINT('',(-4.75,-2.66999999999999,2.2295768279181));
#5418=CARTESIAN_POINT('',(-4.75,-2.66999999999999,2.2295768279181));
#5419=CARTESIAN_POINT('Origin',(1.48646142212074,2.93700000000001,2.2295768279181));
#5420=CARTESIAN_POINT('',(4.75,-2.66999999999999,2.2295768279181));
#5421=CARTESIAN_POINT('',(1.7180584972579,-2.66999999999999,2.2295768279181));
#5422=CARTESIAN_POINT('',(6.35,-2.66999999999999,2.2295768279181));
#5423=CARTESIAN_POINT('',(4.75,-2.66999999999999,2.2295768279181));
#5424=CARTESIAN_POINT('',(6.35,2.67000000000001,2.2295768279181));
#5425=CARTESIAN_POINT('',(6.35,-2.66999999999999,2.2295768279181));
#5426=CARTESIAN_POINT('',(4.75,2.67000000000001,2.2295768279181));
#5427=CARTESIAN_POINT('',(4.75,2.67000000000001,2.2295768279181));
#5428=CARTESIAN_POINT('',(1.71805849725784,2.67000000000001,2.2295768279181));
#5429=CARTESIAN_POINT('Origin',(2.18093350889548,1.42841749308018,2.58110320330095));
#5430=CARTESIAN_POINT('',(0.453126173325521,-0.689421258047259,2.2295768279181));
#5431=CARTESIAN_POINT('',(0.453126173325521,-0.689421258047259,2.2295768279181));
#5432=CARTESIAN_POINT('',(1.70559358618956,-4.09494701070343E-16,2.48439420301854));
#5433=CARTESIAN_POINT('Origin',(0.897155704877381,-5.10528062E-16,2.31991565712435));
#5434=CARTESIAN_POINT('',(0.453126173325521,0.689421258047259,2.2295768279181));
#5435=CARTESIAN_POINT('Origin',(0.897155704877381,-5.10528062E-16,2.31991565712435));
#5436=CARTESIAN_POINT('',(0.453126173325521,1.21847308999726,2.2295768279181));
#5437=CARTESIAN_POINT('Origin',(0.980890237332595,-5.10528062E-16,1.90834728118361));
#5438=CARTESIAN_POINT('Origin',(0.915535347406644,-5.10528062E-16,2.2295768279181));
#5439=CARTESIAN_POINT('',(0.0309029370851122,-5.10528062E-16,10.7157617218335));
#5440=CARTESIAN_POINT('',(1.78932811864478,-4.09494701070343E-16,2.07282582707779));
#5441=CARTESIAN_POINT('Origin',(-0.777534944227078,-5.10528062E-16,10.5512831759393));
#5442=CARTESIAN_POINT('Origin',(0.111746725216339,0.907500000000002,10.7322095764229));
#5443=CARTESIAN_POINT('Ctrl Pts',(-3.84254152207387,9.4521401E-11,18.9509052592649));
#5444=CARTESIAN_POINT('Ctrl Pts',(-3.84254152211589,1.3288603612431,18.9509052594715));
#5445=CARTESIAN_POINT('Ctrl Pts',(-2.54035842538,1.3288603612431,19.215837405515));
#5446=CARTESIAN_POINT('Ctrl Pts',(-1.23817532864409,1.3288603612431,19.4807695515585));
#5447=CARTESIAN_POINT('Ctrl Pts',(-1.23817532860205,9.45210708E-11,19.4807695513519));
#5448=CARTESIAN_POINT('Ctrl Pts',(-1.23817532856004,-1.32886036105405,19.4807695511454));
#5449=CARTESIAN_POINT('Ctrl Pts',(-2.54035842529595,-1.32886036105405,19.2158374051019));
#5450=CARTESIAN_POINT('Ctrl Pts',(-3.84254152203184,-1.32886036105405,18.9509052590584));
#5451=CARTESIAN_POINT('Ctrl Pts',(-3.84254152207387,9.4521401E-11,18.9509052592649));
#5452=CARTESIAN_POINT('Ctrl Pts',(-4.31472499495843,-2.037256276E-11,19.5939782423068));
#5453=CARTESIAN_POINT('Ctrl Pts',(-4.31472499501103,1.66335647861661,19.5939782425654));
#5454=CARTESIAN_POINT('Ctrl Pts',(-2.68476088918496,1.66335647861661,19.9255981888025));
#5455=CARTESIAN_POINT('Ctrl Pts',(-1.05479678335891,1.66335647861661,20.2572181350395));
#5456=CARTESIAN_POINT('Ctrl Pts',(-1.0547967833063,-2.037296916E-11,20.257218134781));
#5457=CARTESIAN_POINT('Ctrl Pts',(-1.0547967832537,-1.66335647865735,20.2572181345224));
#5458=CARTESIAN_POINT('Ctrl Pts',(-2.68476088907975,-1.66335647865735,19.9255981882854));
#5459=CARTESIAN_POINT('Ctrl Pts',(-4.31472499490583,-1.66335647865735,19.5939782420483));
#5460=CARTESIAN_POINT('Ctrl Pts',(-4.31472499495843,-2.037256276E-11,19.5939782423068));
#5461=CARTESIAN_POINT('Ctrl Pts',(-4.02424548097077,-1.266878086E-10,20.3370271946224));
#5462=CARTESIAN_POINT('Ctrl Pts',(-4.02424548100968,1.23056829140686,20.3370271948137));
#5463=CARTESIAN_POINT('Ctrl Pts',(-2.81838121154713,1.23056829140686,20.5823630539157));
#5464=CARTESIAN_POINT('Ctrl Pts',(-1.61251694208461,1.23056829140686,20.8276989130178));
#5465=CARTESIAN_POINT('Ctrl Pts',(-1.61251694204567,-1.26688088E-10,20.8276989128265));
#5466=CARTESIAN_POINT('Ctrl Pts',(-1.61251694200676,-1.23056829166022,20.8276989126352));
#5467=CARTESIAN_POINT('Ctrl Pts',(-2.81838121146931,-1.23056829166022,20.5823630535332));
#5468=CARTESIAN_POINT('Ctrl Pts',(-4.02424548093185,-1.23056829166022,20.3370271944311));
#5469=CARTESIAN_POINT('Ctrl Pts',(-4.02424548097077,-1.266878086E-10,20.3370271946224));
#5470=CARTESIAN_POINT('Ctrl Pts',(-3.73376596698313,-2.330030392E-10,21.080076146938));
#5471=CARTESIAN_POINT('Ctrl Pts',(-3.73376596700835,0.797780104197103,21.080076147062));
#5472=CARTESIAN_POINT('Ctrl Pts',(-2.95200153390931,0.797780104197103,21.239127919029));
#5473=CARTESIAN_POINT('Ctrl Pts',(-2.17023710081028,0.797780104197103,21.3981796909961));
#5474=CARTESIAN_POINT('Ctrl Pts',(-2.17023710078506,-2.330032424E-10,21.3981796908721));
#5475=CARTESIAN_POINT('Ctrl Pts',(-2.17023710075981,-0.797780104663117,
21.3981796907481));
#5476=CARTESIAN_POINT('Ctrl Pts',(-2.95200153385886,-0.797780104663117,
21.239127918781));
#5477=CARTESIAN_POINT('Ctrl Pts',(-3.73376596695788,-0.797780104663117,
21.0800761468139));
#5478=CARTESIAN_POINT('Ctrl Pts',(-3.73376596698313,-2.330030392E-10,21.080076146938));
#5479=CARTESIAN_POINT('Ctrl Pts',(-2.95063475713337,-2.31915656733333E-10,
21.2324099965676));
#5480=CARTESIAN_POINT('Ctrl Pts',(-2.95063475713337,-2.31915656733333E-10,
21.2324099965676));
#5481=CARTESIAN_POINT('Ctrl Pts',(-2.95063475713337,-2.31915656733333E-10,
21.2324099965676));
#5482=CARTESIAN_POINT('Ctrl Pts',(-2.95063475713337,-2.31915656733333E-10,
21.2324099965676));
#5483=CARTESIAN_POINT('Ctrl Pts',(-2.95063475713337,-2.31915656733333E-10,
21.2324099965676));
#5484=CARTESIAN_POINT('Ctrl Pts',(-2.95063475713337,-2.31915656733333E-10,
21.2324099965676));
#5485=CARTESIAN_POINT('Ctrl Pts',(-2.95063475713337,-2.31915656733333E-10,
21.2324099965676));
#5486=CARTESIAN_POINT('Ctrl Pts',(-2.95063475713337,-2.31915656733333E-10,
21.2324099965676));
#5487=CARTESIAN_POINT('Ctrl Pts',(-2.95063475713337,-2.31915656733333E-10,
21.2324099965676));
#5488=CARTESIAN_POINT('Origin',(-2.65424678985549,-6.00046298E-16,19.7756165992745));
#5489=CARTESIAN_POINT('Origin',(-2.95064542937453,-5.10528062E-16,21.2324624563064));
#5490=CARTESIAN_POINT('Origin',(-191.194963760196,-5.10528062E-16,946.482847259244));
#5491=CARTESIAN_POINT('',(-216.085051257565,-3.62113093183427E-15,941.418901725047));
#5492=CARTESIAN_POINT('',(-216.085051257565,-3.62113093183427E-15,941.418901725047));
#5493=CARTESIAN_POINT('Origin',(-2.96407606078301,0.0137057789696928,21.2297299634636));
#5494=CARTESIAN_POINT('Origin',(-1.18914584681887,-3.45550000000002,-6.12492317208191));
#5495=CARTESIAN_POINT('',(-1.29999999999998,-2.91999999999998,-6.15042317208191));
#5496=CARTESIAN_POINT('',(-1.29999999999998,-2.91999999999995,-6.6604231720819));
#5497=CARTESIAN_POINT('',(-1.30000000000001,-2.91999999999993,-6.15042317208191));
#5498=CARTESIAN_POINT('',(-1.19442461601797,-3.43,-6.15042317208191));
#5499=CARTESIAN_POINT('',(-1.19442461601797,-3.43,-6.15042317208191));
#5500=CARTESIAN_POINT('',(-1.19442461601797,-3.43,-6.2604231720819));
#5501=CARTESIAN_POINT('',(-1.19442461601797,-3.43,-6.2604231720819));
#5502=CARTESIAN_POINT('',(-1.27722883874895,-3.03,-6.6604231720819));
#5503=CARTESIAN_POINT('Origin',(-1.27722883874895,-3.03,-6.2604231720819));
#5504=CARTESIAN_POINT('',(-1.29999999999996,-2.91999999999995,-6.6604231720819));
#5505=CARTESIAN_POINT('Origin',(1.18914584681892,3.45550000000005,-6.12492317208191));
#5506=CARTESIAN_POINT('',(1.29999999999998,2.92,-6.15042317208191));
#5507=CARTESIAN_POINT('',(1.30000000000001,2.91999999999998,-6.6604231720819));
#5508=CARTESIAN_POINT('',(1.30000000000001,2.92,-6.15042317208191));
#5509=CARTESIAN_POINT('',(1.19442461601802,3.43000000000005,-6.15042317208191));
#5510=CARTESIAN_POINT('',(1.19442461601802,3.43000000000005,-6.15042317208191));
#5511=CARTESIAN_POINT('',(1.19442461601802,3.43000000000005,-6.2604231720819));
#5512=CARTESIAN_POINT('',(1.19442461601802,3.43000000000005,-6.2604231720819));
#5513=CARTESIAN_POINT('',(1.27722883874897,3.03000000000005,-6.6604231720819));
#5514=CARTESIAN_POINT('Origin',(1.27722883874897,3.03000000000005,-6.2604231720819));
#5515=CARTESIAN_POINT('',(1.30000000000001,2.91999999999998,-6.6604231720819));
#5516=CARTESIAN_POINT('Origin',(3.16085415318108,-3.45550000000002,-6.12492317208191));
#5517=CARTESIAN_POINT('',(3.05000000000002,-2.92,-6.15042317208191));
#5518=CARTESIAN_POINT('',(3.05000000000002,-2.91999999999995,-6.6604231720819));
#5519=CARTESIAN_POINT('',(3.05000000000004,-2.91999999999998,-6.15042317208191));
#5520=CARTESIAN_POINT('',(3.15557538398197,-3.43,-6.15042317208191));
#5521=CARTESIAN_POINT('',(3.15557538398197,-3.43,-6.15042317208191));
#5522=CARTESIAN_POINT('',(3.15557538398197,-3.43,-6.2604231720819));
#5523=CARTESIAN_POINT('',(3.15557538398197,-3.43,-6.2604231720819));
#5524=CARTESIAN_POINT('',(3.07277116125103,-3.03,-6.6604231720819));
#5525=CARTESIAN_POINT('Origin',(3.07277116125103,-3.03,-6.2604231720819));
#5526=CARTESIAN_POINT('',(3.04999999999999,-2.91999999999995,-6.6604231720819));
#5527=CARTESIAN_POINT('Origin',(-3.16085415318111,3.45550000000005,-6.12492317208191));
#5528=CARTESIAN_POINT('',(-3.05000000000002,2.92000000000003,-6.15042317208191));
#5529=CARTESIAN_POINT('',(-3.05000000000002,2.92,-6.6604231720819));
#5530=CARTESIAN_POINT('',(-3.05000000000002,2.92,-6.15042317208191));
#5531=CARTESIAN_POINT('',(-3.155575383982,3.43000000000005,-6.15042317208191));
#5532=CARTESIAN_POINT('',(-3.155575383982,3.43000000000005,-6.15042317208191));
#5533=CARTESIAN_POINT('',(-3.155575383982,3.43000000000005,-6.2604231720819));
#5534=CARTESIAN_POINT('',(-3.155575383982,3.43000000000005,-6.2604231720819));
#5535=CARTESIAN_POINT('',(-3.07277116125103,3.03000000000005,-6.6604231720819));
#5536=CARTESIAN_POINT('Origin',(-3.07277116125103,3.03000000000005,-6.2604231720819));
#5537=CARTESIAN_POINT('',(-3.04999999999999,2.92,-6.6604231720819));
#5538=CARTESIAN_POINT('Origin',(4.75,-2.63411476626798,2.2550768279181));
#5539=CARTESIAN_POINT('',(4.75,-3.38770467463991,1.7195768279181));
#5540=CARTESIAN_POINT('',(4.75,-2.66999999999999,1.7195768279181));
#5541=CARTESIAN_POINT('',(4.75,-3.38770467463991,1.7195768279181));
#5542=CARTESIAN_POINT('',(4.75,-2.66999999999999,1.7195768279181));
#5543=CARTESIAN_POINT('Origin',(4.75,-2.66999999999999,1.46957682791809));
#5544=CARTESIAN_POINT('Origin',(-4.75,3.42358990837197,2.2550768279181));
#5545=CARTESIAN_POINT('',(-4.75,3.38770467463996,1.7195768279181));
#5546=CARTESIAN_POINT('',(-4.75,2.67000000000001,1.7195768279181));
#5547=CARTESIAN_POINT('',(-4.75,3.38770467463996,1.7195768279181));
#5548=CARTESIAN_POINT('',(-4.75,2.67000000000001,1.7195768279181));
#5549=CARTESIAN_POINT('Origin',(-4.75,2.67000000000001,1.46957682791809));
#5550=CARTESIAN_POINT('Origin',(-1.848892924E-31,-3.03,-6.2604231720819));
#5551=CARTESIAN_POINT('',(1.19442461601802,-3.43,-6.2604231720819));
#5552=CARTESIAN_POINT('',(3.15557538398197,-3.43,-6.2604231720819));
#5553=CARTESIAN_POINT('',(1.27722883874897,-3.03,-6.6604231720819));
#5554=CARTESIAN_POINT('Origin',(1.27722883874897,-3.03,-6.2604231720819));
#5555=CARTESIAN_POINT('',(1.27722883874897,-3.03,-6.6604231720819));
#5556=CARTESIAN_POINT('Origin',(1.30527876919912,-2.89449999999993,-6.12492317208191));
#5557=CARTESIAN_POINT('',(1.30000000000001,-2.91999999999995,-6.6604231720819));
#5558=CARTESIAN_POINT('',(1.30000000000001,-2.91999999999998,-6.15042317208191));
#5559=CARTESIAN_POINT('',(1.30000000000001,-2.91999999999995,-6.6604231720819));
#5560=CARTESIAN_POINT('',(1.27722883874897,-3.03,-6.6604231720819));
#5561=CARTESIAN_POINT('',(1.19442461601802,-3.43,-6.15042317208191));
#5562=CARTESIAN_POINT('',(1.19442461601802,-3.43,-6.15042317208191));
#5563=CARTESIAN_POINT('',(1.30000000000001,-2.91999999999998,-6.15042317208191));
#5564=CARTESIAN_POINT('Origin',(-1.848892924E-31,3.03000000000005,-6.2604231720819));
#5565=CARTESIAN_POINT('',(3.15557538398197,3.43000000000005,-6.2604231720819));
#5566=CARTESIAN_POINT('',(3.07277116125103,3.03000000000005,-6.6604231720819));
#5567=CARTESIAN_POINT('Origin',(3.07277116125103,3.03000000000005,-6.2604231720819));
#5568=CARTESIAN_POINT('',(3.07277116125103,3.03000000000005,-6.6604231720819));
#5569=CARTESIAN_POINT('',(1.19442461601802,3.43000000000005,-6.2604231720819));
#5570=CARTESIAN_POINT('Origin',(3.04472123080088,2.8944999999999,-6.12492317208191));
#5571=CARTESIAN_POINT('',(3.05000000000002,2.91999999999998,-6.6604231720819));
#5572=CARTESIAN_POINT('',(3.05000000000002,2.92000000000003,-6.15042317208191));
#5573=CARTESIAN_POINT('',(3.05000000000004,2.92,-6.6604231720819));
#5574=CARTESIAN_POINT('',(3.07277116125103,3.03000000000005,-6.6604231720819));
#5575=CARTESIAN_POINT('',(3.15557538398197,3.43000000000005,-6.15042317208191));
#5576=CARTESIAN_POINT('',(3.15557538398197,3.43000000000005,-6.15042317208191));
#5577=CARTESIAN_POINT('',(3.04999999999999,2.92000000000003,-6.15042317208191));
#5578=CARTESIAN_POINT('Origin',(-3.2536329223802,3.03000000000005,-6.2604231720819));
#5579=CARTESIAN_POINT('',(-1.19442461601797,3.43000000000005,-6.2604231720819));
#5580=CARTESIAN_POINT('',(-3.155575383982,3.43000000000005,-6.2604231720819));
#5581=CARTESIAN_POINT('',(-1.27722883874892,3.03000000000005,-6.6604231720819));
#5582=CARTESIAN_POINT('Origin',(-1.27722883874892,3.03000000000005,-6.2604231720819));
#5583=CARTESIAN_POINT('',(-1.27722883874892,3.03000000000005,-6.6604231720819));
#5584=CARTESIAN_POINT('Origin',(-1.30527876919906,2.8945,-6.12492317208191));
#5585=CARTESIAN_POINT('',(-1.29999999999998,2.92,-6.6604231720819));
#5586=CARTESIAN_POINT('',(-1.29999999999998,2.92000000000003,-6.15042317208191));
#5587=CARTESIAN_POINT('',(-1.30000000000001,2.92,-6.6604231720819));
#5588=CARTESIAN_POINT('',(-1.27722883874892,3.03000000000005,-6.6604231720819));
#5589=CARTESIAN_POINT('',(-1.19442461601797,3.43000000000005,-6.15042317208191));
#5590=CARTESIAN_POINT('',(-1.19442461601797,3.43000000000005,-6.15042317208191));
#5591=CARTESIAN_POINT('',(-1.29999999999996,2.92000000000003,-6.15042317208191));
#5592=CARTESIAN_POINT('Origin',(-3.25363292238009,-3.03,-6.2604231720819));
#5593=CARTESIAN_POINT('',(-3.1555753839819,-3.43,-6.2604231720819));
#5594=CARTESIAN_POINT('',(-3.07277116125095,-3.03,-6.6604231720819));
#5595=CARTESIAN_POINT('Origin',(-3.07277116125095,-3.03,-6.2604231720819));
#5596=CARTESIAN_POINT('',(-3.07277116125095,-3.03,-6.6604231720819));
#5597=CARTESIAN_POINT('',(-1.19442461601797,-3.43,-6.2604231720819));
#5598=CARTESIAN_POINT('Origin',(-3.04472123080083,-2.89449999999993,-6.12492317208191));
#5599=CARTESIAN_POINT('',(-3.04999999999999,-2.91999999999995,-6.6604231720819));
#5600=CARTESIAN_POINT('',(-3.04999999999997,-2.91999999999998,-6.15042317208191));
#5601=CARTESIAN_POINT('',(-3.04999999999999,-2.91999999999993,-6.6604231720819));
#5602=CARTESIAN_POINT('',(-3.07277116125095,-3.03,-6.6604231720819));
#5603=CARTESIAN_POINT('',(-3.1555753839819,-3.43,-6.15042317208191));
#5604=CARTESIAN_POINT('',(-3.1555753839819,-3.43,-6.15042317208191));
#5605=CARTESIAN_POINT('',(-3.04999999999994,-2.91999999999998,-6.15042317208191));
#5606=CARTESIAN_POINT('Origin',(-4.83499999999999,2.89449999996952,-6.15042317208191));
#5607=CARTESIAN_POINT('',(-4.75,2.92,-6.15042317208191));
#5608=CARTESIAN_POINT('',(-4.75,2.92,-6.15042317208191));
#5609=CARTESIAN_POINT('',(-4.75,3.43000000020314,-6.15042317208191));
#5610=CARTESIAN_POINT('',(-4.75,3.43000000020314,-6.15042317208191));
#5611=CARTESIAN_POINT('',(-3.155575383982,3.43000000000005,-6.15042317208191));
#5612=CARTESIAN_POINT('Origin',(-1.496662996E-9,1.33195695E-9,-6.15042317208191));
#5613=CARTESIAN_POINT('',(4.75,2.92,-6.15042317208191));
#5614=CARTESIAN_POINT('',(3.05000000000002,2.92,-6.15042317208191));
#5615=CARTESIAN_POINT('',(4.75,3.43000000000002,-6.15042317208191));
#5616=CARTESIAN_POINT('',(4.75,3.43000000000005,-6.15042317208191));
#5617=CARTESIAN_POINT('',(4.75,2.92,-6.15042317208191));
#5618=CARTESIAN_POINT('Origin',(-1.42999999999994,2.8945,-6.15042317208191));
#5619=CARTESIAN_POINT('',(-1.29999999999998,2.92,-6.15042317208191));
#5620=CARTESIAN_POINT('',(1.19442461601802,3.43000000000005,-6.15042317208191));
#5621=CARTESIAN_POINT('Origin',(-4.83499999999999,-3.4555,-6.15042317208191));
#5622=CARTESIAN_POINT('',(-4.75,-2.91999999999995,-6.15042317208191));
#5623=CARTESIAN_POINT('',(-3.04999999999997,-2.91999999999998,-6.15042317208191));
#5624=CARTESIAN_POINT('',(-4.75,-3.42999999999997,-6.15042317208191));
#5625=CARTESIAN_POINT('',(-4.75,-3.43,-6.15042317208191));
#5626=CARTESIAN_POINT('',(-4.75,-2.91999999999995,-6.15042317208191));
#5627=CARTESIAN_POINT('Origin',(-1.42999999999997,-3.45550000000002,-6.15042317208191));
#5628=CARTESIAN_POINT('',(1.30000000000001,-2.91999999999998,-6.15042317208191));
#5629=CARTESIAN_POINT('',(-1.19442461601797,-3.43,-6.15042317208191));
#5630=CARTESIAN_POINT('Origin',(2.965,-3.45550000000002,-6.15042317208191));
#5631=CARTESIAN_POINT('',(4.75,-2.91999999999998,-6.15042317208191));
#5632=CARTESIAN_POINT('',(4.75,-2.91999999999998,-6.15042317208191));
#5633=CARTESIAN_POINT('',(4.75,-3.43,-6.15042317208191));
#5634=CARTESIAN_POINT('',(4.75,-3.43,-6.15042317208191));
#5635=CARTESIAN_POINT('',(3.15557538398197,-3.43,-6.15042317208191));
#5636=CARTESIAN_POINT('Origin',(-4.75,-2.63411476626791,2.2550768279181));
#5637=CARTESIAN_POINT('',(-4.75,-2.66999999999996,1.7195768279181));
#5638=CARTESIAN_POINT('',(-4.75,-3.38770467463991,1.7195768279181));
#5639=CARTESIAN_POINT('',(-4.75,-2.66999999999996,1.7195768279181));
#5640=CARTESIAN_POINT('Origin',(-4.75,-2.66999999999999,1.46957682791809));
#5641=CARTESIAN_POINT('',(-4.75,-2.66999999999999,2.2295768279181));
#5642=CARTESIAN_POINT('Origin',(1.00119784160366,3.43250000000004,-0.0502614747857648));
#5643=CARTESIAN_POINT('',(1.04058820144565,3.38000000000004,-0.146894180179683));
#5644=CARTESIAN_POINT('',(1.82839539828541,3.38000000000004,-2.07954828805784));
#5645=CARTESIAN_POINT('',(1.04058820144565,3.38000000000004,-0.146894180179683));
#5646=CARTESIAN_POINT('',(1.82839539828541,3.43000000000005,-2.07954828805784));
#5647=CARTESIAN_POINT('',(1.82839539828541,3.43000000000005,-2.07954828805784));
#5648=CARTESIAN_POINT('',(1.04058820144565,3.43000000000005,-0.146894180179683));
#5649=CARTESIAN_POINT('',(1.04058820144565,3.43000000000005,-0.146894180179683));
#5650=CARTESIAN_POINT('',(1.04058820144565,3.43000000000005,-0.146894180179683));
#5651=CARTESIAN_POINT('Origin',(-1.24524215309827,3.37750000000005,-2.07954828805784));
#5652=CARTESIAN_POINT('',(-1.09887846017523,3.38000000000004,-2.07954828805784));
#5653=CARTESIAN_POINT('',(1.82839539828541,3.38000000000004,-2.07954828805784));
#5654=CARTESIAN_POINT('',(-1.09887846017523,3.43000000000005,-2.07954828805784));
#5655=CARTESIAN_POINT('',(-1.09887846017523,3.43000000000005,-2.07954828805784));
#5656=CARTESIAN_POINT('',(1.82839539828541,3.43000000000005,-2.07954828805784));
#5657=CARTESIAN_POINT('Origin',(-1.26265869472458,3.37750000000005,-1.67776147478576));
#5658=CARTESIAN_POINT('',(-1.25485963593654,3.38000000000004,-1.69689418017968));
#5659=CARTESIAN_POINT('',(-1.09887846017523,3.38000000000004,-2.07954828805784));
#5660=CARTESIAN_POINT('',(-1.25485963593654,3.43000000000005,-1.69689418017968));
#5661=CARTESIAN_POINT('',(-1.25485963593654,3.43000000000005,-1.69689418017968));
#5662=CARTESIAN_POINT('',(-1.09887846017523,3.43000000000005,-2.07954828805784));
#5663=CARTESIAN_POINT('Origin',(-1.3805621155943,3.43250000000004,-1.69689418017968));
#5664=CARTESIAN_POINT('',(1.25918995721883,3.38000000000004,-1.69689418017966));
#5665=CARTESIAN_POINT('',(-1.25485963593654,3.38000000000004,-1.69689418017968));
#5666=CARTESIAN_POINT('',(1.25918995721883,3.43000000000005,-1.69689418017966));
#5667=CARTESIAN_POINT('',(1.25918995721883,3.43000000000005,-1.69689418017963));
#5668=CARTESIAN_POINT('',(-1.25485963593654,3.43000000000005,-1.69689418017968));
#5669=CARTESIAN_POINT('Origin',(1.09126153070199,3.37750000000005,-1.28493099345172));
#5670=CARTESIAN_POINT('',(1.0992581224409,3.38000000000004,-1.30454828805779));
#5671=CARTESIAN_POINT('',(1.25918995721883,3.38000000000004,-1.69689418017966));
#5672=CARTESIAN_POINT('',(1.0992581224409,3.43000000000005,-1.30454828805779));
#5673=CARTESIAN_POINT('',(1.0992581224409,3.43000000000005,-1.30454828805779));
#5674=CARTESIAN_POINT('',(1.25918995721883,3.43000000000005,-1.69689418017966));
#5675=CARTESIAN_POINT('Origin',(-1.54049395037226,3.37750000000005,-1.30454828805779));
#5676=CARTESIAN_POINT('',(-1.4147914707145,3.38000000000004,-1.30454828805782));
#5677=CARTESIAN_POINT('',(1.0992581224409,3.38000000000004,-1.30454828805779));
#5678=CARTESIAN_POINT('',(-1.4147914707145,3.43000000000005,-1.30454828805782));
#5679=CARTESIAN_POINT('',(-1.4147914707145,3.43000000000005,-1.30454828805785));
#5680=CARTESIAN_POINT('',(1.0992581224409,3.43000000000005,-1.30454828805779));
#5681=CARTESIAN_POINT('Origin',(-1.57857170526384,3.37750000000005,-0.902761474785784));
#5682=CARTESIAN_POINT('',(-1.57077264647578,3.38000000000004,-0.921894180179682));
#5683=CARTESIAN_POINT('',(-1.4147914707145,3.38000000000004,-1.30454828805782));
#5684=CARTESIAN_POINT('',(-1.57077264647578,3.43000000000005,-0.921894180179682));
#5685=CARTESIAN_POINT('',(-1.57077264647578,3.43000000000005,-0.921894180179682));
#5686=CARTESIAN_POINT('',(-1.4147914707145,3.43000000000005,-1.30454828805782));
#5687=CARTESIAN_POINT('Origin',(-1.69647512613354,3.43250000000004,-0.921894180179682));
#5688=CARTESIAN_POINT('',(0.943276946679621,3.38000000000004,-0.921894180179631));
#5689=CARTESIAN_POINT('',(-1.57077264647578,3.38000000000004,-0.921894180179682));
#5690=CARTESIAN_POINT('',(0.943276946679621,3.43000000000005,-0.921894180179631));
#5691=CARTESIAN_POINT('',(0.943276946679621,3.43000000000005,-0.921894180179606));
#5692=CARTESIAN_POINT('',(-1.57077264647578,3.43000000000005,-0.921894180179682));
#5693=CARTESIAN_POINT('Origin',(0.775348520162774,3.37750000000005,-0.509930993451696));
#5694=CARTESIAN_POINT('',(0.783345111901664,3.38000000000004,-0.529548288057795));
#5695=CARTESIAN_POINT('',(0.943276946679621,3.38000000000004,-0.921894180179631));
#5696=CARTESIAN_POINT('',(0.783345111901664,3.43000000000005,-0.529548288057795));
#5697=CARTESIAN_POINT('',(0.783345111901664,3.43000000000005,-0.529548288057795));
#5698=CARTESIAN_POINT('',(0.943276946679621,3.43000000000005,-0.921894180179631));
#5699=CARTESIAN_POINT('Origin',(-1.85640696091147,3.37750000000005,-0.529548288057795));
#5700=CARTESIAN_POINT('',(-1.73070448125371,3.38000000000004,-0.529548288057821));
#5701=CARTESIAN_POINT('',(0.783345111901664,3.38000000000004,-0.529548288057795));
#5702=CARTESIAN_POINT('',(-1.73070448125371,3.43000000000005,-0.529548288057821));
#5703=CARTESIAN_POINT('',(-1.73070448125371,3.43000000000005,-0.529548288057821));
#5704=CARTESIAN_POINT('',(0.783345111901664,3.43000000000005,-0.529548288057795));
#5705=CARTESIAN_POINT('Origin',(-1.89448471580305,3.37750000000005,-0.127761474785785));
#5706=CARTESIAN_POINT('',(-1.88668565701499,3.38000000000004,-0.146894180179683));
#5707=CARTESIAN_POINT('',(-1.73070448125371,3.38000000000004,-0.529548288057821));
#5708=CARTESIAN_POINT('',(-1.88668565701499,3.43000000000005,-0.146894180179683));
#5709=CARTESIAN_POINT('',(-1.88668565701499,3.43000000000005,-0.146894180179683));
#5710=CARTESIAN_POINT('',(-1.73070448125371,3.43000000000005,-0.529548288057821));
#5711=CARTESIAN_POINT('Origin',(-2.03304934993802,3.43250000000004,-0.146894180179683));
#5712=CARTESIAN_POINT('',(-1.88668565701499,3.38000000000004,-0.146894180179683));
#5713=CARTESIAN_POINT('',(-1.88668565701499,3.43000000000005,-0.146894180179683));
#5714=CARTESIAN_POINT('Origin',(-1.43065127894379,3.43250000000004,-1.66322123411877));
#5715=CARTESIAN_POINT('',(-1.30494879928603,3.38000000000004,-1.66322123411877));
#5716=CARTESIAN_POINT('',(1.20910079386934,3.38000000000004,-1.66322123411872));
#5717=CARTESIAN_POINT('',(-1.30494879928603,3.38000000000004,-1.66322123411877));
#5718=CARTESIAN_POINT('',(-1.30494879928603,3.43000000000005,-1.66322123411875));
#5719=CARTESIAN_POINT('',(-1.30494879928603,3.43000000000005,-1.66322123411877));
#5720=CARTESIAN_POINT('',(1.20910079386934,3.43000000000005,-1.6632212341187));
#5721=CARTESIAN_POINT('',(1.20910079386934,3.43000000000005,-1.6632212341187));
#5722=CARTESIAN_POINT('',(1.20910079386934,3.43000000000005,-1.6632212341187));
#5723=CARTESIAN_POINT('Origin',(1.06999716180932,3.37750000000005,-1.32197123411872));
#5724=CARTESIAN_POINT('',(1.07662114428836,3.38000000000004,-1.33822123411873));
#5725=CARTESIAN_POINT('',(1.20910079386934,3.38000000000004,-1.66322123411872));
#5726=CARTESIAN_POINT('',(1.07662114428836,3.43000000000005,-1.33822123411875));
#5727=CARTESIAN_POINT('',(1.07662114428836,3.43000000000005,-1.33822123411875));
#5728=CARTESIAN_POINT('',(1.07662114428836,3.43000000000005,-1.33822123411873));
#5729=CARTESIAN_POINT('Origin',(-1.56313092852478,3.37750000000005,-1.33822123411873));
#5730=CARTESIAN_POINT('',(-1.43742844886702,3.38000000000004,-1.33822123411875));
#5731=CARTESIAN_POINT('',(1.07662114428836,3.38000000000004,-1.33822123411873));
#5732=CARTESIAN_POINT('',(-1.43742844886702,3.43000000000005,-1.33822123411878));
#5733=CARTESIAN_POINT('',(-1.43742844886702,3.43000000000005,-1.33822123411878));
#5734=CARTESIAN_POINT('',(-1.43742844886702,3.43000000000005,-1.33822123411878));
#5735=CARTESIAN_POINT('Origin',(-1.63003347787321,3.37750000000005,-0.865721234118763));
#5736=CARTESIAN_POINT('',(-1.62086180982529,3.38000000000004,-0.888221234118774));
#5737=CARTESIAN_POINT('',(-1.43742844886702,3.38000000000004,-1.33822123411875));
#5738=CARTESIAN_POINT('',(-1.62086180982529,3.43000000000005,-0.888221234118749));
#5739=CARTESIAN_POINT('',(-1.62086180982529,3.43000000000005,-0.888221234118749));
#5740=CARTESIAN_POINT('',(-1.62086180982529,3.43000000000005,-0.888221234118774));
#5741=CARTESIAN_POINT('Origin',(-1.74656428948305,3.43250000000004,-0.888221234118774));
#5742=CARTESIAN_POINT('',(0.893187783330106,3.38000000000004,-0.888221234118724));
#5743=CARTESIAN_POINT('',(-1.62086180982529,3.38000000000004,-0.888221234118774));
#5744=CARTESIAN_POINT('',(0.893187783330106,3.43000000000005,-0.888221234118698));
#5745=CARTESIAN_POINT('',(0.893187783330106,3.43000000000005,-0.888221234118698));
#5746=CARTESIAN_POINT('',(0.893187783330106,3.43000000000005,-0.888221234118698));
#5747=CARTESIAN_POINT('Origin',(0.754084151270083,3.37750000000005,-0.546971234118717));
#5748=CARTESIAN_POINT('',(0.760708133749143,3.38000000000004,-0.563221234118703));
#5749=CARTESIAN_POINT('',(0.893187783330106,3.38000000000004,-0.888221234118724));
#5750=CARTESIAN_POINT('',(0.760708133749143,3.43000000000005,-0.563221234118728));
#5751=CARTESIAN_POINT('',(0.760708133749143,3.43000000000005,-0.563221234118728));
#5752=CARTESIAN_POINT('',(0.760708133749143,3.43000000000005,-0.563221234118703));
#5753=CARTESIAN_POINT('Origin',(-1.87904393906399,3.37750000000005,-0.563221234118703));
#5754=CARTESIAN_POINT('',(-1.75334145940623,3.38000000000004,-0.563221234118728));
#5755=CARTESIAN_POINT('',(0.760708133749143,3.38000000000004,-0.563221234118703));
#5756=CARTESIAN_POINT('',(-1.75334145940623,3.43000000000005,-0.563221234118754));
#5757=CARTESIAN_POINT('',(-1.75334145940623,3.43000000000005,-0.563221234118754));
#5758=CARTESIAN_POINT('',(-1.75334145940623,3.43000000000005,-0.563221234118754));
#5759=CARTESIAN_POINT('Origin',(-1.94594648841242,3.37750000000005,-0.0907212341187386));
#5760=CARTESIAN_POINT('',(-1.93677482036451,3.38000000000004,-0.11322123411875));
#5761=CARTESIAN_POINT('',(-1.75334145940623,3.38000000000004,-0.563221234118728));
#5762=CARTESIAN_POINT('',(-1.93677482036451,3.43000000000005,-0.11322123411875));
#5763=CARTESIAN_POINT('',(-1.93677482036451,3.43000000000005,-0.11322123411875));
#5764=CARTESIAN_POINT('',(-1.93677482036451,3.43000000000005,-0.11322123411875));
#5765=CARTESIAN_POINT('Origin',(-2.08677482036452,3.43250000000004,-0.11322123411875));
#5766=CARTESIAN_POINT('',(1.06322517963546,3.38000000000004,-0.11322123411875));
#5767=CARTESIAN_POINT('',(-1.93677482036451,3.38000000000004,-0.11322123411875));
#5768=CARTESIAN_POINT('',(1.06322517963546,3.43000000000005,-0.11322123411875));
#5769=CARTESIAN_POINT('',(1.06322517963546,3.43000000000005,-0.11322123411875));
#5770=CARTESIAN_POINT('',(1.06322517963546,3.43000000000005,-0.11322123411875));
#5771=CARTESIAN_POINT('Origin',(1.02246221053362,3.43250000000004,-0.0132212341187438));
#5772=CARTESIAN_POINT('',(1.87848456167223,3.38000000000004,-2.11322123411875));
#5773=CARTESIAN_POINT('',(1.06322517963546,3.38000000000004,-0.11322123411875));
#5774=CARTESIAN_POINT('',(1.87848456167223,3.43000000000005,-2.11322123411875));
#5775=CARTESIAN_POINT('',(1.87848456167223,3.43000000000005,-2.11322123411875));
#5776=CARTESIAN_POINT('',(1.87848456167223,3.43000000000005,-2.11322123411875));
#5777=CARTESIAN_POINT('Origin',(-1.27151543832779,3.37750000000005,-2.11322123411875));
#5778=CARTESIAN_POINT('',(-1.12151543832778,3.38000000000004,-2.11322123411875));
#5779=CARTESIAN_POINT('',(1.87848456167223,3.38000000000004,-2.11322123411875));
#5780=CARTESIAN_POINT('',(-1.12151543832778,3.43000000000005,-2.11322123411875));
#5781=CARTESIAN_POINT('',(-1.12151543832778,3.43000000000005,-2.11322123411875));
#5782=CARTESIAN_POINT('',(-1.12151543832778,3.43000000000005,-2.11322123411875));
#5783=CARTESIAN_POINT('Origin',(-1.31412046733395,3.37750000000005,-1.64072123411879));
#5784=CARTESIAN_POINT('',(-1.12151543832778,3.38000000000004,-2.11322123411875));
#5785=CARTESIAN_POINT('',(-1.30494879928603,3.43000000000005,-1.66322123411875));
#5786=CARTESIAN_POINT('Origin',(-2.12753778946636,3.38000000000004,-0.0132212341187438));
#5787=CARTESIAN_POINT('Origin',(-4.66999999999999,-2.66999999999999,2.2550768279181));
#5788=CARTESIAN_POINT('',(-6.35,-2.66999999999999,1.7195768279181));
#5789=CARTESIAN_POINT('',(-6.35,-2.66999999999999,2.2295768279181));
#5790=CARTESIAN_POINT('',(-4.75,-2.66999999999999,1.7195768279181));
#5791=CARTESIAN_POINT('Origin',(-6.43000000000001,2.67000000000001,2.2550768279181));
#5792=CARTESIAN_POINT('',(-6.35,2.67000000000001,1.7195768279181));
#5793=CARTESIAN_POINT('',(-6.35,2.67000000000001,1.7195768279181));
#5794=CARTESIAN_POINT('',(-6.35,2.67000000000001,1.7195768279181));
#5795=CARTESIAN_POINT('Origin',(6.43000000000001,-2.66999999999999,2.2550768279181));
#5796=CARTESIAN_POINT('',(6.35,-2.66999999999999,1.7195768279181));
#5797=CARTESIAN_POINT('',(6.35,-2.66999999999999,1.7195768279181));
#5798=CARTESIAN_POINT('',(6.35,-2.66999999999999,1.7195768279181));
#5799=CARTESIAN_POINT('Origin',(4.66999999999999,2.67000000000001,2.2550768279181));
#5800=CARTESIAN_POINT('',(6.35,2.67000000000001,1.7195768279181));
#5801=CARTESIAN_POINT('',(6.35,2.67000000000001,2.2295768279181));
#5802=CARTESIAN_POINT('',(4.75,2.67000000000001,1.7195768279181));
#5803=CARTESIAN_POINT('',(4.75,2.67000000000001,1.7195768279181));
#5804=CARTESIAN_POINT('',(4.75,2.67000000000001,2.2295768279181));
#5805=CARTESIAN_POINT('Origin',(4.75,3.42358990837197,2.2550768279181));
#5806=CARTESIAN_POINT('',(4.75,3.38770467463996,1.7195768279181));
#5807=CARTESIAN_POINT('',(4.75,2.67000000000001,1.7195768279181));
#5808=CARTESIAN_POINT('Origin',(4.75,2.67000000000001,1.46957682791809));
#5809=CARTESIAN_POINT('Origin',(-2.07243970978001,3.43000000000005,-0.0502614747857648));
#5810=CARTESIAN_POINT('Origin',(5.225,2.67000000000001,1.46957682791809));
#5811=CARTESIAN_POINT('',(-4.75,3.43000000000002,1.46957682791809));
#5812=CARTESIAN_POINT('Origin',(-4.75,2.67000000000001,1.46957682791809));
#5813=CARTESIAN_POINT('',(4.75,3.43000000000002,1.46957682791809));
#5814=CARTESIAN_POINT('Origin',(4.75,2.67000000000001,1.46957682791809));
#5815=CARTESIAN_POINT('',(-4.75,3.43000000000005,1.46957682791809));
#5816=CARTESIAN_POINT('Origin',(-2.31000000000001,2.31000000000001,2.2295768279181));
#5817=CARTESIAN_POINT('Origin',(5.225,-2.66999999999999,1.46957682791809));
#5818=CARTESIAN_POINT('',(-4.75,-3.42999999999997,1.46957682791809));
#5819=CARTESIAN_POINT('Origin',(-4.75,-2.66999999999999,1.46957682791809));
#5820=CARTESIAN_POINT('',(4.75,-3.43,1.46957682791809));
#5821=CARTESIAN_POINT('',(-4.75,-3.43,1.46957682791809));
#5822=CARTESIAN_POINT('Origin',(4.75,-2.66999999999999,1.46957682791809));
#5823=CARTESIAN_POINT('Origin',(-4.75,-2.9199999999999,-6.6604231720819));
#5824=CARTESIAN_POINT('',(-4.75,-3.42999999999992,1.7195768279181));
#5825=CARTESIAN_POINT('',(-4.75,-3.38770467463991,1.7195768279181));
#5826=CARTESIAN_POINT('',(-4.75,-3.42999999999992,1.46957682791809));
#5827=CARTESIAN_POINT('Origin',(-2.96499999999993,-2.91999999999998,-6.6859231720819));
#5828=CARTESIAN_POINT('',(-4.75,-2.9199999999999,-6.6604231720819));
#5829=CARTESIAN_POINT('',(-4.75,-2.9199999999999,-6.6604231720819));
#5830=CARTESIAN_POINT('',(-3.04999999999999,-2.91999999999993,-6.6604231720819));
#5831=CARTESIAN_POINT('Origin',(4.83499999999999,-2.91999999999998,-6.6859231720819));
#5832=CARTESIAN_POINT('',(4.75,-2.91999999999998,-6.6604231720819));
#5833=CARTESIAN_POINT('',(4.75,-2.91999999999998,-6.6604231720819));
#5834=CARTESIAN_POINT('',(4.75,-2.91999999999998,-6.6604231720819));
#5835=CARTESIAN_POINT('Origin',(4.75,-3.38558990837192,1.73207682791811));
#5836=CARTESIAN_POINT('',(4.75,-3.42999999999997,1.7195768279181));
#5837=CARTESIAN_POINT('',(4.75,-3.42999999999997,1.46957682791809));
#5838=CARTESIAN_POINT('',(4.75,-3.42999999999997,1.7195768279181));
#5839=CARTESIAN_POINT('Origin',(4.83499999999999,2.92,-6.12492317208191));
#5840=CARTESIAN_POINT('',(4.75,2.92,-6.6604231720819));
#5841=CARTESIAN_POINT('',(4.75,2.92,-6.6604231720819));
#5842=CARTESIAN_POINT('',(3.05000000000002,2.92,-6.6604231720819));
#5843=CARTESIAN_POINT('Origin',(-2.965,2.92,-6.12492317208191));
#5844=CARTESIAN_POINT('',(-4.74999999999997,2.92,-6.6604231720819));
#5845=CARTESIAN_POINT('',(-4.74999999999997,2.92,-6.6604231720819));
#5846=CARTESIAN_POINT('',(-4.74999999999997,2.92,-6.6604231720819));
#5847=CARTESIAN_POINT('Origin',(1.42999999999999,2.92,-6.12492317208191));
#5848=CARTESIAN_POINT('',(-1.29999999999998,2.92,-6.6604231720819));
#5849=CARTESIAN_POINT('Origin',(-4.75,3.43211476626804,1.45707682791809));
#5850=CARTESIAN_POINT('',(-4.75,3.43,1.7195768279181));
#5851=CARTESIAN_POINT('',(-4.75,3.43,1.46957682791809));
#5852=CARTESIAN_POINT('',(-4.75,3.43,1.7195768279181));
#5853=CARTESIAN_POINT('Origin',(-4.75,3.4555000006399,-6.6859231720819));
#5854=CARTESIAN_POINT('',(-4.75,3.43,-6.6604231720819));
#5855=CARTESIAN_POINT('',(-4.75,3.43,-6.6604231720819));
#5856=CARTESIAN_POINT('',(-4.75,3.43,-6.6604231720819));
#5857=CARTESIAN_POINT('Origin',(4.75,3.43211476626804,1.73207682791811));
#5858=CARTESIAN_POINT('',(4.75,3.43,1.7195768279181));
#5859=CARTESIAN_POINT('',(4.75,3.38770467463996,1.7195768279181));
#5860=CARTESIAN_POINT('',(4.75,3.43,1.46957682791809));
#5861=CARTESIAN_POINT('Origin',(4.75,3.45550000000005,-6.12492317208191));
#5862=CARTESIAN_POINT('',(4.75,3.43,-6.6604231720819));
#5863=CARTESIAN_POINT('',(4.75,3.43,-6.6604231720819));
#5864=CARTESIAN_POINT('',(4.75,2.92,-6.6604231720819));
#5865=CARTESIAN_POINT('Origin',(-4.66999999999996,3.468,1.7195768279181));
#5866=CARTESIAN_POINT('',(-6.35,3.43,1.7195768279181));
#5867=CARTESIAN_POINT('',(-6.35,3.43,1.7195768279181));
#5868=CARTESIAN_POINT('',(-6.35,2.67000000000001,1.7195768279181));
#5869=CARTESIAN_POINT('Origin',(6.43000000000001,3.468,1.7195768279181));
#5870=CARTESIAN_POINT('',(6.35,3.43,1.7195768279181));
#5871=CARTESIAN_POINT('',(6.35,3.43,1.7195768279181));
#5872=CARTESIAN_POINT('',(4.75,3.43,1.7195768279181));
#5873=CARTESIAN_POINT('Origin',(6.43000000000001,-2.63199999999999,1.7195768279181));
#5874=CARTESIAN_POINT('',(6.35,-3.43,1.7195768279181));
#5875=CARTESIAN_POINT('',(6.35,-3.43,1.7195768279181));
#5876=CARTESIAN_POINT('',(6.35,-2.66999999999999,1.7195768279181));
#5877=CARTESIAN_POINT('Origin',(-1.144916938E-15,1.450229002E-14,1.7195768279181));
#5878=CARTESIAN_POINT('',(-6.35,-3.42999999999997,1.7195768279181));
#5879=CARTESIAN_POINT('',(-6.35,-3.42999999999997,1.7195768279181));
#5880=CARTESIAN_POINT('',(-4.75,-3.42999999999992,1.7195768279181));
#5881=CARTESIAN_POINT('Origin',(1.43000000000002,-2.91999999999998,-6.6859231720819));
#5882=CARTESIAN_POINT('',(1.30000000000001,-2.91999999999995,-6.6604231720819));
#5883=CARTESIAN_POINT('Origin',(6.985,3.773,-6.6604231720819));
#5884=CARTESIAN_POINT('',(6.35,3.43,-6.6604231720819));
#5885=CARTESIAN_POINT('',(4.75,3.43,-6.6604231720819));
#5886=CARTESIAN_POINT('',(6.35,-3.43,-6.6604231720819));
#5887=CARTESIAN_POINT('',(6.35,3.43,-6.6604231720819));
#5888=CARTESIAN_POINT('',(4.75,-3.42999999999997,-6.6604231720819));
#5889=CARTESIAN_POINT('',(6.35,-3.43,-6.6604231720819));
#5890=CARTESIAN_POINT('',(4.75,-3.42999999999997,-6.6604231720819));
#5891=CARTESIAN_POINT('',(-4.75,-3.42999999999992,-6.6604231720819));
#5892=CARTESIAN_POINT('',(-4.75,-2.9199999999999,-6.6604231720819));
#5893=CARTESIAN_POINT('',(-6.35,-3.42999999999997,-6.6604231720819));
#5894=CARTESIAN_POINT('',(-4.75,-3.42999999999992,-6.6604231720819));
#5895=CARTESIAN_POINT('',(-6.35,3.43,-6.6604231720819));
#5896=CARTESIAN_POINT('',(-6.35,-3.42999999999997,-6.6604231720819));
#5897=CARTESIAN_POINT('',(-6.35,3.43,-6.6604231720819));
#5898=CARTESIAN_POINT('Origin',(4.75,-2.89449999999998,-6.12492317208191));
#5899=CARTESIAN_POINT('',(4.75,-3.42999999999997,-6.6604231720819));
#5900=CARTESIAN_POINT('Origin',(-4.75,-2.8944999999999,-6.6859231720819));
#5901=CARTESIAN_POINT('',(-4.75,-3.42999999999992,-6.6604231720819));
#5902=CARTESIAN_POINT('Origin',(6.985,-3.42999999999992,-7.0794231720819));
#5903=CARTESIAN_POINT('',(-6.35,-3.43,-6.6604231720819));
#5904=CARTESIAN_POINT('',(6.35,-3.43,-6.6604231720819));
#5905=CARTESIAN_POINT('Origin',(-6.35,3.773,2.6740768279181));
#5906=CARTESIAN_POINT('',(-6.35,3.43,-6.6604231720819));
#5907=CARTESIAN_POINT('Origin',(6.985,3.43,2.1385768279181));
#5908=CARTESIAN_POINT('',(6.35,3.43,-6.6604231720819));
#5909=CARTESIAN_POINT('Origin',(6.35,3.773,-7.1049231720819));
#5910=CARTESIAN_POINT('Origin',(3.13750000000002,-1.38988235267187,-5.96042317208191));
#5911=CARTESIAN_POINT('',(1.48544532235264,-2.02417456387331,-5.96042317208191));
#5912=CARTESIAN_POINT('',(2.86455467764711,-2.02417456387346,-5.96042317208191));
#5913=CARTESIAN_POINT('Origin',(2.17499999999981,-2.16691966165612,-5.96042317208191));
#5914=CARTESIAN_POINT('',(3.05000000000002,-2.91999999999993,-5.96042317208191));
#5915=CARTESIAN_POINT('',(2.86455467764711,-2.02417456387346,-5.96042317208191));
#5916=CARTESIAN_POINT('',(1.30000000000001,-2.91999999999995,-5.96042317208191));
#5917=CARTESIAN_POINT('',(1.30000000000001,-2.91999999999995,-5.96042317208191));
#5918=CARTESIAN_POINT('',(1.30000000000001,-2.91999999999995,-5.96042317208191));
#5919=CARTESIAN_POINT('Origin',(2.85528241152945,-1.97938329206708,-6.1599231720819));
#5920=CARTESIAN_POINT('',(2.86455467764711,-2.02417456387341,-6.15042317208191));
#5921=CARTESIAN_POINT('',(2.86455467764711,-2.02417456387341,-6.15042317208191));
#5922=CARTESIAN_POINT('',(3.05000000000004,-2.91999999999998,-5.96042317208191));
#5923=CARTESIAN_POINT('',(2.86455467764711,-2.02417456387346,-6.15042317208191));
#5924=CARTESIAN_POINT('Origin',(2.17499999999981,-2.16691966165612,-6.6604231720819));
#5925=CARTESIAN_POINT('',(1.48544532235264,-2.02417456387331,-6.15042317208191));
#5926=CARTESIAN_POINT('Origin',(2.17499999999981,-2.16691966165612,-6.15042317208191));
#5927=CARTESIAN_POINT('',(1.48544532235269,-2.02417456387331,-6.15042317208191));
#5928=CARTESIAN_POINT('Origin',(1.4947175884703,-1.97938329206698,-5.9509231720819));
#5929=CARTESIAN_POINT('',(1.30000000000001,-2.91999999999998,-6.15042317208191));
#5930=CARTESIAN_POINT('',(1.30000000000001,-2.91999999999995,-6.15042317208191));
#5931=CARTESIAN_POINT('Origin',(1.2125,-1.38988235267187,-6.15042317208191));
#5932=CARTESIAN_POINT('',(1.30000000000001,-2.92,-6.15042317208191));
#5933=CARTESIAN_POINT('Origin',(1.2125,-2.92,-5.9509231720819));
#5934=CARTESIAN_POINT('Origin',(3.13750000000005,2.92000000000003,-5.9509231720819));
#5935=CARTESIAN_POINT('',(1.30000000000001,2.91999999999998,-5.96042317208191));
#5936=CARTESIAN_POINT('',(1.30000000000001,2.92,-5.96042317208191));
#5937=CARTESIAN_POINT('',(1.29999999999998,2.92000000000003,-6.15042317208191));
#5938=CARTESIAN_POINT('',(3.05000000000002,2.91999999999998,-5.96042317208191));
#5939=CARTESIAN_POINT('',(3.05000000000004,2.92,-6.15042317208191));
#5940=CARTESIAN_POINT('',(3.05000000000002,2.92,-5.96042317208191));
#5941=CARTESIAN_POINT('Origin',(1.21249999999998,2.9928627451109,-6.15042317208191));
#5942=CARTESIAN_POINT('',(1.48544532235264,2.02417456387333,-6.15042317208191));
#5943=CARTESIAN_POINT('',(1.48544532235266,2.02417456387333,-6.15042317208191));
#5944=CARTESIAN_POINT('',(2.86455467764711,2.02417456387341,-6.15042317208191));
#5945=CARTESIAN_POINT('Origin',(2.17499999999981,2.16691966165615,-6.15042317208191));
#5946=CARTESIAN_POINT('',(3.05000000000004,2.92,-6.15042317208191));
#5947=CARTESIAN_POINT('Origin',(3.05927226611768,2.96479127180636,-6.1599231720819));
#5948=CARTESIAN_POINT('',(2.86455467764711,2.02417456387346,-5.96042317208191));
#5949=CARTESIAN_POINT('',(2.86455467764711,2.02417456387346,-6.15042317208191));
#5950=CARTESIAN_POINT('',(3.05000000000004,2.91999999999998,-5.96042317208191));
#5951=CARTESIAN_POINT('Origin',(2.17499999999981,2.16691966165615,-6.6604231720819));
#5952=CARTESIAN_POINT('',(1.48544532235264,2.02417456387331,-5.96042317208191));
#5953=CARTESIAN_POINT('',(1.48544532235269,2.02417456387331,-6.15042317208191));
#5954=CARTESIAN_POINT('Origin',(2.17499999999981,2.16691966165615,-5.96042317208191));
#5955=CARTESIAN_POINT('Origin',(1.29072773388237,2.96479127180638,-5.9509231720819));
#5956=CARTESIAN_POINT('',(1.48544532235269,2.02417456387331,-5.96042317208191));
#5957=CARTESIAN_POINT('Origin',(3.13750000000002,2.99286274511087,-5.96042317208191));
#5958=CARTESIAN_POINT('Origin',(-1.2125,-1.3898823526718,-5.96042317208191));
#5959=CARTESIAN_POINT('',(-2.86455467764728,-2.02417456387336,-5.96042317208191));
#5960=CARTESIAN_POINT('',(-1.48544532235269,-2.02417456387336,-5.96042317208191));
#5961=CARTESIAN_POINT('Origin',(-2.17499999999999,-2.16691966165605,-5.96042317208191));
#5962=CARTESIAN_POINT('',(-1.30000000000001,-2.91999999999995,-5.96042317208191));
#5963=CARTESIAN_POINT('',(-1.48544532235269,-2.02417456387336,-5.96042317208191));
#5964=CARTESIAN_POINT('',(-3.05000000000002,-2.91999999999995,-5.96042317208191));
#5965=CARTESIAN_POINT('',(-3.05000000000002,-2.91999999999993,-5.96042317208191));
#5966=CARTESIAN_POINT('',(-3.05000000000002,-2.91999999999995,-5.96042317208191));
#5967=CARTESIAN_POINT('Origin',(-2.85528241152965,-1.97938329206703,-5.9509231720819));
#5968=CARTESIAN_POINT('',(-2.86455467764728,-2.02417456387336,-6.15042317208191));
#5969=CARTESIAN_POINT('',(-3.05000000000002,-2.91999999999995,-6.15042317208191));
#5970=CARTESIAN_POINT('',(-2.86455467764728,-2.02417456387336,-6.15042317208191));
#5971=CARTESIAN_POINT('',(-3.04999999999999,-2.91999999999993,-6.15042317208191));
#5972=CARTESIAN_POINT('Origin',(-1.49471758847035,-1.97938329206695,-6.1599231720819));
#5973=CARTESIAN_POINT('',(-1.48544532235269,-2.02417456387331,-6.15042317208191));
#5974=CARTESIAN_POINT('',(-1.48544532235272,-2.02417456387331,-6.15042317208191));
#5975=CARTESIAN_POINT('',(-1.30000000000001,-2.91999999999993,-5.96042317208191));
#5976=CARTESIAN_POINT('',(-1.48544532235269,-2.02417456387336,-6.15042317208191));
#5977=CARTESIAN_POINT('Origin',(-2.17499999999999,-2.16691966165605,-6.6604231720819));
#5978=CARTESIAN_POINT('Origin',(-2.17499999999999,-2.16691966165605,-6.15042317208191));
#5979=CARTESIAN_POINT('Origin',(-3.13750000000002,-2.92,-5.9509231720819));
#5980=CARTESIAN_POINT('',(-3.04999999999997,-2.92,-6.15042317208191));
#5981=CARTESIAN_POINT('Origin',(-3.13750000000002,-1.3898823526718,-6.15042317208191));
#5982=CARTESIAN_POINT('Origin',(-1.848892924E-31,2.92000000000003,1.46957682791809));
#5983=CARTESIAN_POINT('',(-1.30000000000001,2.92,-5.96042317208191));
#5984=CARTESIAN_POINT('',(-1.30000000000001,2.92,-6.15042317208191));
#5985=CARTESIAN_POINT('',(-3.05000000000002,2.92,-5.96042317208191));
#5986=CARTESIAN_POINT('',(-1.30000000000001,2.92,-5.96042317208191));
#5987=CARTESIAN_POINT('',(-3.05000000000002,2.92,-5.96042317208191));
#5988=CARTESIAN_POINT('',(-3.05000000000002,2.92000000000003,-6.15042317208191));
#5989=CARTESIAN_POINT('Origin',(-3.13750000000002,2.9928627451109,-6.15042317208191));
#5990=CARTESIAN_POINT('',(-1.48544532235272,2.02417456387331,-6.15042317208191));
#5991=CARTESIAN_POINT('',(-1.30000000000001,2.92000000000003,-6.15042317208191));
#5992=CARTESIAN_POINT('',(-2.86455467764728,2.02417456387338,-6.15042317208191));
#5993=CARTESIAN_POINT('',(-2.86455467764728,2.02417456387338,-6.15042317208191));
#5994=CARTESIAN_POINT('Origin',(-2.17499999999999,2.16691966165607,-6.15042317208191));
#5995=CARTESIAN_POINT('Origin',(-2.17499999999999,2.16691966165607,-6.6604231720819));
#5996=CARTESIAN_POINT('',(-2.86455467764728,2.02417456387336,-5.96042317208191));
#5997=CARTESIAN_POINT('',(-2.86455467764728,2.02417456387336,-6.15042317208191));
#5998=CARTESIAN_POINT('',(-1.48544532235269,2.02417456387338,-5.96042317208191));
#5999=CARTESIAN_POINT('Origin',(-2.17499999999999,2.16691966165607,-5.96042317208191));
#6000=CARTESIAN_POINT('',(-1.48544532235269,2.02417456387338,-6.15042317208191));
#6001=CARTESIAN_POINT('Origin',(-3.05927226611765,2.96479127180636,-5.9509231720819));
#6002=CARTESIAN_POINT('',(-2.86455467764728,2.02417456387336,-5.96042317208191));
#6003=CARTESIAN_POINT('Origin',(-1.29072773388237,2.96479127180638,-6.1599231720819));
#6004=CARTESIAN_POINT('',(-1.30000000000001,2.92,-5.96042317208191));
#6005=CARTESIAN_POINT('Origin',(-1.2125,2.99286274511087,-5.96042317208191));
#6006=UNCERTAINTY_MEASURE_WITH_UNIT(LENGTH_MEASURE(0.01),#6010,
'DISTANCE_ACCURACY_VALUE',
'Maximum model space distance between geometric entities at asserted c
onnectivities');
#6007=UNCERTAINTY_MEASURE_WITH_UNIT(LENGTH_MEASURE(0.01),#6010,
'DISTANCE_ACCURACY_VALUE',
'Maximum model space distance between geometric entities at asserted c
onnectivities');
#6008=(
GEOMETRIC_REPRESENTATION_CONTEXT(3)
GLOBAL_UNCERTAINTY_ASSIGNED_CONTEXT((#6006))
GLOBAL_UNIT_ASSIGNED_CONTEXT((#6010,#6012,#6013))
REPRESENTATION_CONTEXT('','3D')
);
#6009=(
GEOMETRIC_REPRESENTATION_CONTEXT(3)
GLOBAL_UNCERTAINTY_ASSIGNED_CONTEXT((#6007))
GLOBAL_UNIT_ASSIGNED_CONTEXT((#6010,#6012,#6013))
REPRESENTATION_CONTEXT('','3D')
);
#6010=(
LENGTH_UNIT()
NAMED_UNIT(*)
SI_UNIT(.MILLI.,.METRE.)
);
#6011=(
LENGTH_UNIT()
NAMED_UNIT(*)
SI_UNIT(.CENTI.,.METRE.)
);
#6012=(
NAMED_UNIT(*)
PLANE_ANGLE_UNIT()
SI_UNIT($,.RADIAN.)
);
#6013=(
NAMED_UNIT(*)
SI_UNIT($,.STERADIAN.)
SOLID_ANGLE_UNIT()
);
#6014=SHAPE_DEFINITION_REPRESENTATION(#6015,#6016);
#6015=PRODUCT_DEFINITION_SHAPE('',$,#6018);
#6016=SHAPE_REPRESENTATION('',(#3551),#6008);
#6017=PRODUCT_DEFINITION_CONTEXT('part definition',#6022,'design');
#6018=PRODUCT_DEFINITION('100SPxT1B1M2xE','100SPxT1B1M2xE',#6019,#6017);
#6019=PRODUCT_DEFINITION_FORMATION('None',$,#6024);
#6020=PRODUCT_RELATED_PRODUCT_CATEGORY('100SPxT1B1M2xE',
'100SPxT1B1M2xE',(#6024));
#6021=APPLICATION_PROTOCOL_DEFINITION('international standard',
'automotive_design',2009,#6022);
#6022=APPLICATION_CONTEXT(
'Core Data for Automotive Mechanical Design Process');
#6023=PRODUCT_CONTEXT('part definition',#6022,'mechanical');
#6024=PRODUCT('100SPxT1B1M2xE','100SPxT1B1M2xE',' ',(#6023));
#6025=PRESENTATION_STYLE_ASSIGNMENT((#6026));
#6026=SURFACE_STYLE_USAGE(.BOTH.,#6029);
#6027=SURFACE_STYLE_RENDERING_WITH_PROPERTIES($,#6033,(#6028));
#6028=SURFACE_STYLE_TRANSPARENT(0.);
#6029=SURFACE_SIDE_STYLE('',(#6030,#6027));
#6030=SURFACE_STYLE_FILL_AREA(#6031);
#6031=FILL_AREA_STYLE('',(#6032));
#6032=FILL_AREA_STYLE_COLOUR('',#6033);
#6033=COLOUR_RGB('',0.749019607843137,0.749019607843137,0.749019607843137);
ENDSEC;
END-ISO-10303-21;
